ObjectID,State,District,LOR_ab_2021,AccidentYear,AccidentMonth,AccidentHour,DayOfWeek,AccidentCategory,AccidentType,AccidentTypeDetail,LightingCondition,InvolvingBike,InvolvingCar,InvolvingPedestrian,InvolvingMotorcycle,InvolvingHGV,InvolvingOther,RoadCondition,GraphicCoord1,GraphicCoord2,LongitudeWGS84,LatitudeWGS84,quadrant,quadrant_rank
219249,11,3,3701658.0,2021,11,18,2,3,0,3,2,0,1,0,1,0,0,1,"800202,0742","5829640,204",13.42689483,52.53393955,5058.0,27.0
219248,11,7,7501134.0,2021,12,19,7,3,6,2,2,0,1,1,0,0,0,1,"798479,5317","5819049,219",13.39209027,52.43995086,4431.0,31.0
219247,11,4,4100101.0,2021,12,17,4,3,5,2,2,0,1,0,0,0,0,0,"793352,6128","5829680,195",13.32624193,52.53802784,3559.0,17.0
219246,11,4,4501041.0,2021,12,15,7,3,5,2,1,0,1,0,1,0,0,1,"792950,0395","5825362,081",13.31652064,52.49953417,3348.0,20.0
219243,11,11,11501339.0,2021,12,9,5,3,3,6,0,0,1,0,0,0,1,2,"807182,01","5825602,793",13.52575163,52.49386714,6446.0,32.0
219241,11,1,1100308.0,2021,12,22,5,3,1,5,2,0,1,0,0,0,0,1,"796605,7279","5829088,391",13.37353829,52.53096213,4257.0,21.0
219240,11,10,10200524.0,2021,12,5,1,3,1,5,2,0,1,0,0,0,0,2,"812275,3654","5830609,751",13.60523023,52.53584537,7659.0,23.0
219239,11,7,7200409.0,2021,12,20,7,2,5,7,2,0,1,0,0,0,0,2,"795262,58","5824374,901",13.34961395,52.48943851,3845.0,26.0
219238,11,1,1300733.0,2021,11,22,3,3,2,6,2,0,1,0,0,0,0,1,"797163,3962","5831385,088",13.38378941,52.55124558,4363.0,11.0
219237,11,2,2200208.0,2021,12,7,2,3,6,4,2,0,1,1,0,0,0,0,"797529,4622","5824997,119",13.38345801,52.49378526,4346.0,23.0
219235,11,11,11100204.0,2021,12,19,3,3,2,2,2,0,1,0,0,0,0,1,"805955,9268","5833701,602",13.51520192,52.56713943,6368.0,28.0
219233,11,7,7100205.0,2021,12,13,7,3,3,6,0,0,1,0,1,0,0,1,"796467,22","5824883,082",13.36775616,52.49334102,4146.0,21.0
219230,11,7,7200307.0,2021,12,10,3,3,6,7,0,0,0,1,0,0,1,0,"794935,9206","5824544,661",13.34496711,52.49113688,3746.0,30.0
219229,11,7,7100101.0,2021,12,19,4,3,6,2,2,0,1,1,0,0,0,0,"794592,1948","5825505,265",13.34076867,52.49993372,3748.0,25.0
219228,11,1,1100205.0,2021,12,19,4,3,5,7,2,0,1,0,0,0,0,0,"796971,936","5826718,537",13.37680527,52.50951959,4251.0,5.0
219226,11,7,7300516.0,2021,12,18,5,3,6,7,2,0,0,1,0,0,1,0,"793975,8208","5821706,891",13.3283651,52.46621546,3538.0,21.0
219225,11,6,6400841.0,2021,12,7,5,3,6,2,2,0,1,1,0,0,0,0,"789616,5637","5818717,717",13.26178321,52.4417447,2531.0,32.0
219223,11,6,6400839.0,2021,11,15,2,3,5,3,1,0,1,0,0,0,1,1,"788237,3736","5818274,027",13.24116591,52.43849547,2230.0,35.0
219221,11,4,4500939.0,2021,12,18,4,3,5,2,1,1,1,0,0,0,0,0,"792439,7595","5824095,448",13.30791309,52.48845278,3245.0,22.0
219220,11,9,9100306.0,2021,12,21,4,2,8,1,2,0,1,0,0,0,0,0,"803124,462","5820953,915",13.4619448,52.454468,5535.0,32.0
219219,11,7,7300619.0,2021,12,17,2,3,5,2,2,0,1,0,1,0,0,1,"794980,7954","5822325,17",13.34366241,52.47121631,3740.0,30.0
219217,11,4,4501042.0,2021,12,17,7,3,6,4,2,0,0,1,0,0,1,0,"793999,8532","5826182,642",13.33266585,52.5063255,3650.0,20.0
219216,11,1,1100102.0,2021,11,18,3,3,0,6,2,0,1,0,1,0,0,1,"795066,8666","5827221,642",13.3492624,52.51506335,3853.0,21.0
219215,11,9,9200715.0,2021,12,11,2,2,6,2,0,0,1,1,0,0,0,0,"809320,9583","5818504,317",13.55057965,52.42904384,6827.0,27.0
219214,11,1,1100102.0,2021,12,9,2,3,0,5,0,1,1,0,0,0,0,1,"796973,1702","5826579,744",13.37669957,52.50827479,4251.0,5.0
219213,11,3,3500934.0,2021,12,18,2,3,6,4,2,0,1,1,0,0,0,1,"800861,7599","5831744,251",13.4384967,52.5524347,5164.0,30.0
219211,11,8,8100105.0,2021,12,19,4,3,2,6,2,0,1,0,0,0,0,0,"800969,046","5822243,603",13.43148363,52.46721899,5039.0,22.0
219209,11,11,11400929.0,2021,12,13,5,3,5,3,0,0,1,0,0,0,0,1,"805144,5837","5827041,31",13.4971528,52.50790264,6051.0,32.0
219207,11,8,8300934.0,2021,12,18,5,3,5,2,2,0,1,0,0,0,1,1,"802872,1491","5818247,365",13.45578997,52.43034887,5428.0,30.0
219206,11,10,10400835.0,2021,12,16,2,2,6,4,2,0,1,1,0,0,0,1,"811853,9804","5829751,936",13.59823297,52.52839961,7557.0,31.0
219205,11,12,12601134.0,2021,12,15,2,3,0,7,1,0,1,0,0,0,1,0,"795072,5596","5837284,016",13.35829309,52.60526073,3979.0,34.0
219204,11,12,12200308.0,2021,12,14,5,3,5,3,0,0,1,0,0,0,0,0,"792810,085","5833870,557",13.32196238,52.57588428,3470.0,31.0
219203,11,2,2300417.0,2021,12,13,3,3,3,6,0,0,1,0,0,0,1,0,"800722,271","5825637,564",13.43092335,52.49777612,5048.0,18.0
219201,11,5,5200629.0,2021,12,10,5,3,0,3,0,0,1,0,1,0,0,0,"784466,2997","5828739,713",13.19477295,52.53430707,1558.0,22.0
219200,11,5,5200629.0,2021,12,11,6,3,5,2,0,0,1,0,0,0,0,0,"784452,915","5828671,699",13.19451794,52.53370424,1558.0,22.0
219198,11,1,1200522.0,2021,12,8,6,3,2,6,0,0,1,0,0,0,0,2,"793730,713","5828121,725",13.33042363,52.52385335,3555.0,17.0
219195,11,4,4501153.0,2021,12,17,2,3,6,4,2,0,1,1,0,0,0,0,"794184,6225","5823924,224",13.3333858,52.48598039,3644.0,32.0
219194,11,6,6300524.0,2021,12,9,3,2,1,5,0,0,1,0,0,0,0,0,"788276,492","5817552,956",13.24111798,52.43200998,2228.0,34.0
219193,11,5,5100209.0,2021,12,18,4,3,5,2,2,1,1,0,0,0,0,0,"783320,2118","5830271,905",13.17922829,52.54864203,1362.0,27.0
219192,11,12,12500930.0,2021,12,21,2,3,5,3,2,0,1,0,0,0,0,1,"793947,0866","5835309,195",13.33996856,52.58816769,3774.0,21.0
219190,11,1,1100310.0,2021,12,12,6,3,1,5,0,1,1,0,0,0,0,0,"799021,6282","5828725,878",13.40872126,52.52639286,4756.0,20.0
219189,11,3,3601451.0,2021,12,17,5,2,5,3,2,1,1,0,0,0,0,0,"801364,4615","5829700,555",13.44403463,52.53383903,5258.0,32.0
219188,11,7,7300516.0,2021,12,18,3,3,5,2,2,1,1,0,0,0,0,0,"793996,52","5821562,277",13.32854151,52.46490792,3538.0,21.0
219186,11,6,6200311.0,2021,12,7,4,3,2,6,2,0,1,0,0,0,0,1,"795778,4558","5818171,79",13.35169293,52.43355284,3829.0,28.0
219185,11,8,8200832.0,2021,12,18,6,3,5,2,2,0,1,0,1,0,0,0,"801616,9395","5817424,937",13.43664219,52.42367063,5126.0,28.0
219183,11,8,8100102.0,2021,12,17,7,3,2,1,2,0,1,0,0,0,0,2,"800498,2262","5823504,97",13.42571004,52.4787843,4942.0,9.0
219180,11,5,5100316.0,2021,12,16,3,3,0,1,2,1,0,0,0,0,0,0,"784841,5142","5829023,437",13.20053294,52.53665496,1659.0,24.0
219179,11,9,9501940.0,2021,12,8,4,3,1,1,1,0,1,0,0,0,0,1,"811736,4895","5821611,547",13.58889101,52.45551823,7435.0,32.0
219178,11,9,9300920.0,2021,12,17,3,3,6,4,2,0,1,1,0,0,0,0,"808563,9402","5817462,519",13.53851982,52.42013462,6625.0,34.0
219177,11,6,6100102.0,2021,12,14,6,3,2,6,0,0,1,0,0,0,0,0,"793625,5291","5820608,089",13.32225692,52.45655345,3436.0,26.0
219175,11,3,3501038.0,2021,12,14,5,2,6,4,0,1,0,1,0,0,0,0,"803615,0186","5832300,029",13.47948842,52.55588825,5765.0,33.0
219174,11,1,1300836.0,2021,12,16,1,3,2,6,2,0,1,0,0,0,0,1,"796843,9981","5830310,166",13.37813184,52.54178429,4260.0,28.0
219172,11,1,1401046.0,2021,11,20,3,2,6,2,2,0,0,1,0,0,1,1,"794633,3388","5829886,316",13.34525341,52.53918465,3760.0,27.0
219170,11,8,8100208.0,2021,12,11,3,3,6,2,0,0,1,1,0,0,0,2,"801643,043","5822555,927",13.4416576,52.46964673,5239.0,26.0
219169,11,11,11200512.0,2021,12,16,2,3,5,3,1,1,1,0,0,0,0,1,"804119,9972","5831901,379",13.4865488,52.5520336,5863.0,35.0
219168,11,2,2100106.0,2021,12,11,1,3,2,6,0,0,1,0,0,0,0,0,"799824,7533","5825702,858",13.41780063,52.49885518,4848.0,7.0
219167,11,11,11501340.0,2021,12,12,5,3,1,5,0,1,1,0,0,0,0,0,"807478,4507","5825672,24",13.5301684,52.49432263,6547.0,35.0
219166,11,8,8100521.0,2021,12,0,3,3,3,6,2,0,1,0,0,1,0,1,"802117,7878","5822036,586",13.44815509,52.46472947,5338.0,33.0
219164,11,12,12500929.0,2021,12,13,7,3,0,7,0,0,1,0,0,0,1,1,"794060,3812","5838160,831",13.344169,52.6136691,3781.0,34.0
219163,11,6,6200422.0,2021,11,15,3,3,5,3,0,1,1,0,0,0,0,1,"794732,0667","5816291,921",13.33468927,52.41726546,3624.0,34.0
219162,11,10,10100208.0,2021,12,5,2,3,6,2,2,0,1,1,0,0,0,1,"808512,8496","5832430,605",13.5516257,52.5543062,6864.0,35.0
219161,11,2,2300417.0,2021,12,16,2,3,6,4,2,0,1,1,0,0,0,1,"800598,0532","5825202,629",13.42870657,52.49394608,5046.0,27.0
219159,11,1,1100103.0,2021,12,15,3,3,2,1,0,0,1,0,0,0,0,1,"795181,1899","5825903,644",13.34977341,52.50318662,3849.0,21.0
219157,11,6,6300527.0,2021,12,23,5,3,1,6,2,0,1,0,0,0,0,1,"790141,1196","5817517,451",13.26843715,52.43070585,2628.0,33.0
219154,11,6,6300525.0,2021,12,11,2,2,2,6,0,0,1,0,0,0,0,1,"788895,0757","5816149,104",13.2489789,52.41909731,2325.0,33.0
219153,11,1,1100207.0,2021,12,22,3,2,5,3,2,0,1,0,1,0,0,1,"797902,2139","5826578,639",13.39034694,52.50775837,4451.0,13.0
219152,11,8,8100415.0,2021,12,7,4,2,6,2,2,0,1,1,0,0,0,1,"802031,5917","5823469,903",13.44818781,52.47762415,5342.0,26.0
219151,11,9,9200716.0,2021,12,18,2,3,2,6,2,1,1,0,0,0,0,0,"808926,2858","5819367,187",13.54559048,52.43699986,6730.0,31.0
219149,11,9,9100407.0,2021,12,7,5,3,1,5,1,0,1,0,0,0,1,1,"804749,9737","5821630,333",13.48641003,52.45962671,5836.0,35.0
219148,11,1,1300835.0,2021,12,15,5,3,0,2,0,1,0,0,0,0,1,0,"797543,7486","5829414,747",13.3876178,52.53337631,4458.0,25.0
219146,11,10,10100103.0,2021,12,8,6,3,5,3,0,0,1,0,0,0,0,2,"809126,4824","5833832,585",13.56195362,52.56652227,7068.0,35.0
219143,11,1,1100310.0,2021,12,19,3,3,5,2,2,0,1,0,0,0,0,0,"799244,9213","5828468,799",13.41177151,52.52396602,4755.0,4.0
219142,11,11,11300620.0,2021,12,8,5,3,5,7,1,0,1,0,0,0,1,0,"803671,0124","5829503,973",13.47775586,52.53079698,5757.0,29.0
219141,11,8,8100521.0,2021,12,6,2,3,5,2,2,0,1,0,0,0,0,1,"803663,712","5822281,351",13.47106376,52.46606634,5638.0,31.0
219140,11,2,2100101.0,2021,12,9,4,3,6,2,0,0,1,1,0,0,0,0,"797386,183","5826168,983",13.38240017,52.5043678,4350.0,28.0
219139,11,9,9100306.0,2021,12,14,2,3,2,6,0,0,1,0,0,0,1,1,"803847,2501","5820991,857",13.47258349,52.45440678,5635.0,33.0
219137,11,6,6300528.0,2021,12,14,5,3,6,4,0,0,1,1,0,0,0,0,"790149,6988","5815444,686",13.26676539,52.41211822,2623.0,33.0
219136,11,12,12200412.0,2021,12,11,7,3,6,2,0,0,1,1,0,0,0,0,"790957,8978","5833786,623",13.29463366,52.57612526,3071.0,21.0
219134,11,1,1100207.0,2021,11,19,2,3,2,6,1,0,1,0,0,0,0,1,"798348,2208","5827454,837",13.39768443,52.51536861,4553.0,27.0
219133,11,11,11400930.0,2021,12,18,1,3,5,2,2,0,1,0,0,0,0,1,"806140,8415","5826705,681",13.51147743,52.50433651,6250.0,33.0
219132,11,8,8401241.0,2021,12,19,4,3,5,3,2,0,1,0,0,0,1,1,"804526,5821","5819220,605",13.48093551,52.43815343,5830.0,35.0
219130,11,11,11400929.0,2021,12,8,6,2,2,2,1,1,0,0,0,0,1,1,"805129,6881","5826182,817",13.4961473,52.50021673,6048.0,30.0
219129,11,11,11300722.0,2021,12,16,2,3,6,4,2,0,1,1,0,0,0,1,"804293,6493","5828442,061",13.48593464,52.5209323,5854.0,29.0
219128,11,1,1100308.0,2021,12,14,6,3,2,6,0,1,1,0,0,0,0,0,"797562,0466","5828652,282",13.38720431,52.52653176,4456.0,17.0
219125,11,11,11300620.0,2021,12,18,6,3,6,2,2,0,1,1,0,0,0,1,"803705,0007","5829526,437",13.47827589,52.53097938,5757.0,29.0
219124,11,2,2200210.0,2021,12,1,7,3,5,3,2,0,1,0,0,0,0,1,"798947,1888","5825237,234",13.40449375,52.49516294,4647.0,23.0
219123,11,1,1300732.0,2021,12,22,7,3,2,6,2,0,1,0,0,0,1,0,"797230,3653","5832070,156",13.38538757,52.55734983,4365.0,7.0
219122,11,11,11300722.0,2021,11,9,3,3,5,7,0,0,1,0,0,0,1,1,"803266,3822","5828618,931",13.47100199,52.52308982,5655.0,31.0
219121,11,11,11400928.0,2021,12,16,2,3,6,7,2,1,0,1,0,0,0,0,"804255,7715","5826157,396",13.48328963,52.50047683,5848.0,31.0
219120,11,1,1200623.0,2021,12,9,1,3,6,4,0,0,0,1,0,0,1,2,"795024,1206","5829152,012",13.35034674,52.53239077,3858.0,29.0
219118,11,11,11300721.0,2021,11,7,3,2,3,6,2,0,0,0,1,0,1,1,"805784,7688","5830099,77",13.50936762,52.53495511,6258.0,35.0
219116,11,10,10300733.0,2021,12,10,3,3,2,7,0,0,0,0,0,0,1,0,"808485,1952","5826954,188",13.54613779,52.50524328,6750.0,35.0
219115,11,3,3200308.0,2021,12,12,1,2,0,7,0,0,1,0,0,0,0,1,"798932,485","5837489,748",13.41530801,52.60499612,4879.0,32.0
219114,11,1,1400938.0,2021,12,20,5,3,8,1,2,0,1,0,0,0,0,2,"793706,122","5830574,885",13.33223014,52.54585781,3562.0,33.0
219111,11,12,12601133.0,2021,12,17,6,3,0,4,2,0,0,1,0,0,1,1,"794959,9668","5836488,833",13.35592679,52.59819378,3977.0,31.0
219110,11,3,3601245.0,2021,12,16,6,3,5,2,1,1,1,0,0,0,0,0,"800753,0166","5831294,661",13.43649048,52.54846501,5162.0,26.0
219109,11,9,9501939.0,2021,12,13,7,3,6,4,0,0,1,1,0,0,0,0,"810720,1155","5821696,833",13.57406078,52.45686124,7136.0,34.0
219108,11,4,4100102.0,2021,12,18,4,2,5,2,2,0,1,0,0,0,0,0,"791428,0143","5829180,568",13.29750767,52.53458142,3058.0,12.0
219107,11,4,4200310.0,2021,12,14,2,3,6,7,0,0,1,1,0,0,0,0,"789739,3243","5826425,442",13.27028079,52.51078164,2651.0,24.0
219105,11,1,1100101.0,2021,12,12,4,3,5,2,0,1,1,0,0,0,0,1,"794595,0818","5826092,144",13.3413303,52.50519316,3750.0,15.0
219104,11,5,5100316.0,2021,12,11,7,3,2,6,0,0,1,0,0,0,0,1,"784529,3615","5829038,789",13.19595622,52.53695567,1559.0,26.0
219102,11,1,1200522.0,2021,12,14,5,3,5,3,0,0,0,0,0,0,1,2,"794220,3733","5828299,948",13.33777783,52.525187,3656.0,27.0
219099,11,2,2300314.0,2021,12,5,2,2,6,4,2,0,1,1,0,0,0,1,"800113,2699","5825902,784",13.42221822,52.50048862,4948.0,21.0
219098,11,1,1100102.0,2021,12,16,3,3,2,6,1,0,1,0,0,0,1,1,"795190,0819","5826849,772",13.35074302,52.51166314,3852.0,29.0
219097,11,2,2500831.0,2021,12,19,4,3,5,3,2,1,1,0,0,0,0,1,"802909,8266","5827126,95",13.46440441,52.50991559,5551.0,9.0
219096,11,6,6200316.0,2021,12,16,2,3,2,6,1,0,1,0,0,0,0,1,"796035,8051","5817626,245",13.35498438,52.42852319,3927.0,29.0
219094,11,2,2200208.0,2021,12,14,5,3,1,5,0,1,1,0,0,0,0,0,"797571,506","5825226,525",13.38428038,52.4958187,4347.0,29.0
219093,11,2,2200212.0,2021,12,7,5,3,5,2,1,1,1,0,0,0,0,1,"799211,9186","5824554,308",13.4077683,52.48889641,4745.0,32.0
219091,11,2,2400521.0,2021,12,22,7,3,2,2,2,0,1,0,0,0,0,1,"801249,38","5827831,795",13.44065024,52.5171527,5253.0,19.0
219088,11,7,7200413.0,2021,12,13,3,3,2,6,0,1,1,0,0,0,0,2,"796279,654","5823192,468",13.36349874,52.47828799,4042.0,30.0
219087,11,8,8401243.0,2021,12,17,4,3,5,3,1,0,1,0,0,0,1,1,"805237,3995","5818125,494",13.49036022,52.42794209,5927.0,33.0
219086,11,1,1100103.0,2021,12,14,7,3,2,6,0,1,1,0,0,0,0,1,"795733,0818","5825710,36",13.35770887,52.50115514,3949.0,25.0
219085,11,11,11100308.0,2021,12,19,6,3,0,1,2,0,0,0,1,0,0,1,"803831,8104","5833458,742",13.48373716,52.5661524,5868.0,35.0
219084,11,4,4501148.0,2021,12,15,7,3,5,2,1,0,1,0,0,0,0,1,"792822,2127","5823226,204",13.31276605,52.48045524,3343.0,24.0
219082,11,1,1400939.0,2021,12,16,6,2,6,4,1,0,1,1,0,0,0,0,"795258,419","5831724,937",13.35607778,52.55532798,3964.0,27.0
219080,11,3,3601450.0,2021,11,17,2,2,2,1,1,0,1,0,0,0,0,1,"802178,4763","5829421,891",13.45574569,52.5308907,5457.0,19.0
219079,11,10,10400940.0,2021,12,11,2,3,2,6,0,0,1,0,0,0,1,0,"811996,9846","5826878,002",13.59763953,52.5025639,7549.0,33.0
219078,11,1,1100103.0,2021,12,17,3,3,1,5,2,1,1,0,0,0,0,0,"795990,139","5825611,208",13.36139663,52.50012696,4048.0,16.0
219077,11,9,9502043.0,2021,12,23,1,3,1,5,2,0,1,0,0,0,0,1,"810709,1884","5822817,187",13.57494331,52.46690759,7239.0,35.0
219075,11,4,4501146.0,2021,12,16,7,3,5,2,1,0,1,0,0,0,0,0,"793306,2356","5823613,105",13.32021327,52.48366392,3443.0,32.0
219074,11,6,6100205.0,2021,12,18,3,3,5,2,2,0,1,0,0,0,1,1,"795027,4297","5820019,771",13.34230935,52.45052458,3734.0,31.0
219072,11,10,10100311.0,2021,12,9,5,2,4,1,0,0,1,0,0,1,0,2,"806989,5413","5829863,702",13.52685607,52.53216223,6458.0,35.0
219070,11,11,11400931.0,2021,12,14,5,3,5,3,0,0,1,0,0,0,0,1,"806433,1243","5826876,342",13.51592723,52.50570196,6350.0,27.0
219069,11,3,3601245.0,2021,12,8,2,3,6,2,0,0,1,1,0,0,0,0,"800576,1523","5831436,245",13.43401815,52.54983167,5163.0,27.0
219068,11,9,9100304.0,2021,12,21,1,3,5,2,2,1,1,0,0,0,0,0,"804400,9701","5821740,454",13.48138962,52.46080819,5837.0,25.0
219067,11,1,1401046.0,2021,11,7,3,3,6,2,0,0,1,1,0,0,0,1,"794607,0999","5829879,568",13.34486166,52.53913834,3760.0,27.0
219066,11,2,2400521.0,2021,12,17,2,3,0,2,2,1,0,0,0,0,1,0,"800720,6002","5827900,912",13.43294346,52.51806404,5054.0,24.0
219064,11,11,11400927.0,2021,12,16,5,3,5,3,1,1,1,0,0,0,0,0,"803625,753","5826564,89",13.47440847,52.50448,5750.0,31.0
219062,11,1,1300732.0,2021,12,19,7,3,6,2,2,0,1,1,0,0,0,0,"797290,3627","5832218,682",13.386403,52.55864843,4465.0,31.0
219059,11,9,9100306.0,2021,12,18,3,3,2,6,2,0,1,0,0,0,0,1,"804043,1716","5821223,719",13.47566899,52.45637597,5735.0,33.0
219058,11,1,1100416.0,2021,12,23,4,2,3,6,2,0,1,0,0,0,0,1,"798097,0332","5829959,564",13.39623921,52.53795755,4559.0,25.0
219057,11,3,3200204.0,2021,12,18,4,3,5,2,2,0,1,0,0,0,0,0,"798053,6325","5837197,317",13.40210555,52.60285746,4678.0,30.0
219055,11,12,12601235.0,2021,12,21,5,3,6,2,2,0,1,1,0,0,0,0,"795281,0015","5836353,431",13.36053212,52.5968058,4077.0,22.0
219054,11,8,8100310.0,2021,12,10,6,3,6,4,0,0,1,1,0,0,0,0,"800075,0374","5825349,19",13.42115794,52.49554755,4947.0,31.0
219052,11,2,2500727.0,2021,12,13,5,3,5,3,0,1,1,0,0,0,0,0,"802452,6841","5828277,343",13.4587347,52.52048014,5454.0,30.0
219050,11,4,4501045.0,2021,12,16,5,3,6,4,2,0,1,1,0,0,0,2,"794160,8973","5825329,466",13.33427807,52.49859044,3648.0,28.0
219047,11,1,1100206.0,2021,12,14,1,3,2,7,0,1,1,0,0,0,0,0,"798086,7468","5827100,627",13.3935253,52.51233654,4552.0,32.0
219046,11,4,4501153.0,2021,12,20,4,2,6,2,2,0,1,1,0,0,0,1,"794011,3712","5823918,104",13.3308363,52.48601886,3544.0,31.0
219045,11,10,10200629.0,2021,12,15,5,3,6,4,0,0,1,1,0,0,0,0,"810919,7444","5829224,856",13.584013,52.52420984,7355.0,28.0
219044,11,8,8401242.0,2021,12,10,3,3,6,2,0,0,1,1,0,0,0,0,"805263,6699","5817256,579",13.48995252,52.42013961,5925.0,27.0
219042,11,1,1200522.0,2021,12,7,5,2,6,4,1,0,0,1,0,0,1,0,"793977,5403","5828102,607",13.33403436,52.52354894,3655.0,28.0
219041,11,3,3601348.0,2021,12,19,5,3,1,5,2,1,1,0,0,0,0,1,"799908,7064","5830651,021",13.42349506,52.54316133,4961.0,27.0
219039,11,1,1300836.0,2021,12,17,7,3,5,2,1,0,1,0,0,0,0,0,"796855,748","5830645,124",13.37860392,52.5447804,4261.0,21.0
219037,11,2,2500728.0,2021,12,21,3,3,5,2,2,0,1,0,1,0,0,0,"803006,7066","5828276,937",13.46687475,52.52016894,5554.0,30.0
219036,11,6,6300527.0,2021,12,19,4,3,6,2,2,0,1,1,0,0,0,1,"790769,5335","5817690,62",13.27780476,52.43192471,2728.0,31.0
219035,11,4,4400833.0,2021,12,16,6,3,5,3,2,0,1,0,0,0,0,1,"792555,5113","5821846,981",13.30764028,52.46823373,3239.0,22.0
219033,11,10,10100208.0,2021,12,13,6,3,5,3,0,1,1,0,0,0,0,0,"808965,763","5832424,12",13.55827873,52.55399136,6964.0,34.0
219032,11,2,2300316.0,2021,11,14,2,3,2,6,0,0,1,0,0,0,0,0,"801268,7995","5826184,266",13.43944436,52.50237489,5149.0,29.0
219031,11,9,9300920.0,2021,12,23,7,3,0,4,2,0,0,1,0,0,1,1,"808824,6101","5817895,778",13.54274072,52.42387048,6726.0,33.0
219030,11,6,6200311.0,2021,12,17,4,3,2,6,2,0,1,0,0,0,0,0,"795776,6193","5818989,255",13.35238934,52.44088187,3831.0,32.0
219029,11,4,4501149.0,2021,12,16,2,3,5,2,2,1,1,0,0,0,0,1,"793455,4501","5824450,774",13.32314189,52.49109312,3446.0,17.0
219027,11,4,4500939.0,2021,12,7,3,3,5,7,2,0,1,0,1,0,0,1,"791733,262","5824406,689",13.29781005,52.49162104,3046.0,26.0
219026,11,2,2300314.0,2021,12,21,5,3,5,3,2,1,1,0,0,0,0,1,"800282,0765","5826084,578",13.42486148,52.50202525,4949.0,25.0
219024,11,3,3400725.0,2021,12,12,5,2,2,1,0,0,1,0,0,0,0,1,"800056,0678","5835750,837",13.4302741,52.58879105,5074.0,30.0
219023,11,4,4501041.0,2021,12,14,2,3,0,7,0,1,1,0,0,0,0,0,"793216,2401","5825638,958",13.3206747,52.5018733,3449.0,19.0
219022,11,5,5200632.0,2021,12,17,2,3,3,6,2,0,1,0,0,0,1,2,"786020,1718","5828014,07",13.21699489,52.52698787,1856.0,32.0
219021,11,7,7400823.0,2021,12,18,4,3,1,5,2,1,1,0,0,0,0,1,"797113,0302","5820703,762",13.37351766,52.45552642,4235.0,28.0
219020,11,3,3601243.0,2021,12,19,2,3,0,1,2,1,0,0,0,0,0,0,"799655,2006","5831221,998",13.42028321,52.54841869,4962.0,33.0
219018,11,8,8100417.0,2021,12,17,3,3,6,7,1,0,1,1,0,0,0,1,"801946,3201","5822735,172",13.44627095,52.47108579,5240.0,29.0
219016,11,6,6300526.0,2021,12,15,6,3,5,2,1,1,1,0,0,0,0,1,"789392,593","5817909,279",13.25779733,52.43461527,2429.0,32.0
219013,11,1,1200628.0,2021,12,8,2,3,2,6,0,0,1,0,0,0,0,1,"795849,1849","5828275,623",13.36169483,52.52408755,4055.0,30.0
219012,11,5,5300737.0,2021,12,5,4,3,5,2,2,0,1,0,0,0,1,1,"787947,4609","5830040,189",13.24708127,52.54413835,2361.0,31.0
219011,11,1,1100102.0,2021,12,12,7,3,6,6,0,1,0,1,0,0,0,1,"795644,5559","5827469,099",13.35797064,52.51696876,3953.0,32.0
219010,11,12,12200412.0,2021,12,23,4,3,6,2,2,0,1,1,0,0,0,0,"791269,3782","5834146,672",13.29953349,52.57918639,3171.0,32.0
219008,11,11,11200514.0,2021,12,18,5,3,6,2,2,0,1,1,0,0,0,0,"803356,8817","5830040,791",13.47362914,52.53578324,5659.0,28.0
219007,11,4,4300622.0,2021,12,13,5,2,0,1,0,0,0,0,1,0,0,1,"793162,7905","5826880,396",13.32098283,52.51303103,3452.0,20.0
219005,11,4,4300619.0,2021,11,9,2,3,2,2,0,0,1,0,0,0,0,1,"792159,15","5827317,975",13.30661969,52.51749233,3253.0,26.0
219003,11,4,4400728.0,2021,12,16,4,3,0,7,2,0,1,0,0,0,1,0,"790670,8647","5823108,33",13.28107408,52.48054789,2843.0,33.0
219002,11,1,1300835.0,2021,12,20,4,3,2,6,2,0,1,0,0,0,0,1,"797520,964","5829439,884",13.38730539,52.53361407,4458.0,25.0
219001,11,6,6100209.0,2021,12,18,2,3,6,4,2,0,1,1,0,0,0,1,"794766,3632","5821091,963",13.33942537,52.46027704,3737.0,26.0
218999,11,4,4200310.0,2021,12,17,6,3,0,1,2,0,0,0,1,0,0,0,"790030,4715","5826140,142",13.27431025,52.50806916,2751.0,23.0
218998,11,8,8100208.0,2021,11,8,3,3,5,3,0,0,1,0,0,0,0,1,"801024,4337","5822488,339",13.43251731,52.46938213,5039.0,22.0
218997,11,9,9501737.0,2021,12,15,2,3,5,3,0,1,1,0,0,0,0,0,"814187,4122","5821209,314",13.6244641,52.45051063,7934.0,33.0
218996,11,11,11300619.0,2021,12,18,2,3,2,2,1,0,1,0,0,0,1,1,"803847,7608","5828856,366",13.47976164,52.52489422,5756.0,30.0
218993,11,7,7601339.0,2021,11,16,2,2,6,4,2,0,1,1,0,0,0,1,"795654,8222","5816076,433",13.34802773,52.41483607,3823.0,25.0