ObjectID,State,District,LOR_ab_2021,AccidentYear,AccidentMonth,AccidentHour,DayOfWeek,AccidentCategory,AccidentType,AccidentTypeDetail,LightingCondition,InvolvingBike,InvolvingCar,InvolvingPedestrian,InvolvingMotorcycle,InvolvingHGV,InvolvingOther,RoadCondition,GraphicCoord1,GraphicCoord2,LongitudeWGS84,LatitudeWGS84,quadrant,quadrant_rank
218991,11,4,4400835.0,2021,12,11,3,3,5,2,0,1,1,0,0,0,0,0,"793378,1772","5822277,386",13.32009451,52.47165101,3440.0,28.0
218990,11,4,4501045.0,2021,12,20,5,3,2,6,2,1,1,0,0,0,0,1,"794190,3267","5825422,896",13.33479288,52.49941212,3648.0,28.0
218988,11,10,10400940.0,2021,12,0,7,3,3,6,2,0,1,0,0,0,0,1,"812731,058","5825555,102",13.60717712,52.49028905,7645.0,33.0
218987,11,8,8100415.0,2021,11,12,3,3,5,7,0,0,1,0,0,0,0,1,"802019,8613","5823455,21",13.4480023,52.47749893,5342.0,26.0
218986,11,2,2400521.0,2021,12,8,2,3,0,1,0,1,0,0,0,0,0,2,"801277,4045","5827949,287",13.44116839,52.51819032,5254.0,34.0
218985,11,2,2200208.0,2021,12,12,2,3,2,6,0,0,1,0,0,0,0,1,"797582,5846","5825307,207",13.38451516,52.49653589,4347.0,29.0
218983,11,1,1300730.0,2021,12,17,3,3,6,2,2,0,1,1,0,0,0,1,"796161,8571","5832284,683",13.36986399,52.55985498,4166.0,29.0
218982,11,6,6200419.0,2021,12,18,4,2,5,3,2,0,1,0,0,0,0,0,"793423,4599","5816125,784",13.31535703,52.4164792,3324.0,31.0
218980,11,2,2100106.0,2021,12,0,5,3,5,2,2,0,1,0,0,0,0,0,"799068,2164","5825601,488",13.4065982,52.49836166,4748.0,27.0
218979,11,8,8200726.0,2021,12,15,2,3,2,7,1,0,1,0,0,0,0,0,"801680,4412","5820126,915",13.44001154,52.44785426,5133.0,28.0
218978,11,7,7501031.0,2021,12,14,7,3,2,2,0,0,1,0,0,0,0,0,"798474,5411","5819896,472",13.39277389,52.44754823,4433.0,32.0
218977,11,11,11501341.0,2021,12,18,4,3,2,6,2,0,1,0,0,0,0,1,"807211,663","5823866,1",13.5245864,52.47828593,6442.0,30.0
218976,11,1,1100207.0,2021,12,15,3,3,5,2,0,1,1,0,0,0,0,0,"798894,4334","5827353,316",13.40561863,52.51415956,4652.0,19.0
218974,11,11,11100309.0,2021,12,19,5,3,6,4,2,0,1,1,0,0,0,0,"805281,2251","5833241,68",13.50485518,52.56339623,6167.0,29.0
218972,11,4,4300623.0,2021,12,12,6,3,0,1,0,0,0,0,1,0,0,2,"792734,7259","5826298,374",13.31418103,52.50804329,3351.0,28.0
218969,11,6,6200315.0,2021,12,17,3,3,2,6,2,0,1,0,0,0,0,0,"795255,5449","5817505,433",13.34343517,52.42786182,3727.0,32.0
218968,11,4,4501042.0,2021,12,16,7,3,3,6,1,0,1,0,0,0,0,1,"794005,8641","5825595,156",13.3322354,52.50105575,3549.0,22.0
218967,11,11,11200411.0,2021,12,12,4,3,5,2,0,1,1,0,0,0,0,1,"805160,1561","5831623,82",13.50158734,52.54896429,6163.0,32.0
218966,11,7,7501030.0,2021,12,18,3,3,3,6,0,0,1,0,0,1,0,0,"798008,675","5819646,649",13.38571653,52.44556296,4332.0,25.0
218964,11,3,3200308.0,2021,12,11,6,3,5,2,0,0,1,0,0,0,0,0,"800178,1515","5836542,698",13.43278839,52.59582126,5076.0,28.0
218963,11,7,7601442.0,2021,12,18,1,3,5,2,2,0,1,0,0,0,0,1,"799258,9138","5816264,296",13.40103031,52.41456157,4623.0,18.0
218961,11,7,7601341.0,2021,11,18,3,3,2,6,2,0,1,0,0,1,0,1,"797950,5411","5815763,981",13.38140471,52.41079047,4322.0,33.0
218959,11,2,2200208.0,2021,12,14,3,3,6,2,0,0,1,1,0,0,0,0,"797844,6922","5824926,04",13.38802391,52.4929762,4446.0,18.0
218958,11,9,9200614.0,2021,12,3,1,3,0,7,2,0,1,0,0,0,0,2,"808430,3014","5820670,789",13.53952056,52.44896273,6633.0,35.0
218957,11,11,11100308.0,2021,12,14,5,2,6,4,0,0,0,1,0,0,1,0,"805208,8814","5833331,496",13.50387385,52.56424175,6167.0,29.0
218956,11,7,7400823.0,2021,12,16,6,3,5,2,2,0,1,0,1,0,0,0,"796923,1382","5822282,243",13.37213552,52.46977923,4139.0,23.0
218953,11,4,4400833.0,2021,12,11,6,3,2,2,0,0,1,0,0,0,0,1,"792414,5302","5822815,987",13.30642029,52.47699618,3242.0,25.0
218952,11,9,9401432.0,2021,12,9,6,3,3,6,0,1,1,0,0,0,0,1,"812305,4813","5820336,484",13.59604549,52.44376719,7532.0,35.0
218951,11,12,12100205.0,2021,12,10,4,3,5,2,0,0,1,0,0,0,0,1,"794847,1703","5833755,675",13.35183421,52.57375464,3870.0,26.0
218950,11,8,8200726.0,2021,12,17,7,3,6,4,1,1,0,1,0,0,0,1,"801534,5944","5820175,914",13.43791625,52.44837392,5133.0,28.0
218948,11,2,2100102.0,2021,12,23,3,3,5,3,2,0,1,0,0,0,0,1,"798311,0396","5825627,062",13.39550025,52.49900531,4548.0,2.0
218946,11,3,3601141.0,2021,12,12,5,3,3,6,0,1,0,0,0,0,0,1,"798693,5279","5831792,724",13.40665644,52.55406253,4764.0,26.0
218943,11,4,4200308.0,2021,12,15,2,3,5,2,2,0,1,0,0,0,0,0,"790352,5248","5827302,046",13.28005592,52.51831441,2854.0,7.0
218942,11,10,10200629.0,2021,12,0,3,3,5,2,2,0,1,0,0,0,0,0,"811312,0858","5828506,006",13.58910456,52.51754415,7453.0,34.0
218941,11,4,4501041.0,2021,12,16,4,3,5,3,1,0,1,0,0,0,0,1,"792964,4366","5825559,893",13.31690614,52.50129975,3349.0,17.0
218940,11,6,6400735.0,2021,12,14,2,3,5,3,0,1,1,0,0,0,0,0,"781877,3502","5813340,001",13.14369614,52.39756849,718.0,35.0
218938,11,1,1100309.0,2021,12,19,4,3,5,7,2,1,1,0,0,0,0,1,"798626,0544","5828992,229",13.40314693,52.52899714,4657.0,7.0
218937,11,5,5100316.0,2021,12,7,5,3,5,2,2,0,1,0,0,0,0,1,"783603,7197","5829148,599",13.18243909,52.53842276,1359.0,32.0
218935,11,11,11200410.0,2021,12,12,6,3,5,7,0,0,1,0,0,0,0,1,"804620,4936","5832783,459",13.49471718,52.55965952,6066.0,27.0
218932,11,1,1100309.0,2021,12,14,3,3,5,3,0,0,1,0,0,0,0,0,"798689,6931","5828665,334",13.4037886,52.52603213,4656.0,24.0
218931,11,6,6200317.0,2021,12,12,5,3,5,3,0,0,1,0,0,0,0,1,"796798,0788","5818388,594",13.36683956,52.43494404,4129.0,34.0
218930,11,4,4200308.0,2021,12,14,4,3,1,5,0,1,1,0,0,0,0,0,"790118,7466","5826875,342",13.27624817,52.51461338,2753.0,35.0
218929,11,5,5300736.0,2021,12,7,7,2,1,1,1,0,1,0,0,0,0,1,"785439,4011","5829268,771",13.20953484,52.53854176,1760.0,21.0
218927,11,10,10200627.0,2021,12,7,4,3,5,7,0,1,0,0,0,0,1,0,"810998,5809","5829777,908",13.58568851,52.52912098,7357.0,35.0
218925,11,4,4501042.0,2021,12,21,5,3,2,6,2,0,1,0,0,0,0,1,"794310,8511","5825933,598",13.3370146,52.50392529,3649.0,19.0
218924,11,11,11300618.0,2021,12,17,2,3,2,6,2,0,1,0,0,0,0,1,"802382,3352","5829065,847",13.45841796,52.52758647,5456.0,27.0
218923,11,8,8200624.0,2021,12,0,7,3,5,3,2,0,1,0,0,0,0,2,"801181,5949","5820607,132",13.43312661,52.45243365,5034.0,31.0
218922,11,11,11100205.0,2021,12,6,4,2,6,4,2,0,1,1,0,0,0,1,"805626,1191","5833897,673",13.51053177,52.56908191,6268.0,30.0
218921,11,4,4501043.0,2021,12,9,3,3,1,5,0,1,1,0,0,0,0,0,"792415,0285","5824976,608",13.30832325,52.49636544,3247.0,30.0
218920,11,1,1200623.0,2021,12,13,2,3,5,3,0,1,0,0,0,0,1,1,"795428,7637","5829541,795",13.35664123,52.53566567,3959.0,22.0
218918,11,7,7400927.0,2021,12,17,5,3,2,6,2,0,1,0,0,0,0,0,"798268,4508","5821911,124",13.39155018,52.46571973,4438.0,31.0
218916,11,5,5100316.0,2021,12,22,6,3,5,3,2,1,1,0,0,0,0,1,"785156,2051","5829360,15",13.20544905,52.53950932,1760.0,21.0
218913,11,9,9200819.0,2021,12,20,2,3,0,1,2,1,0,0,0,0,0,1,"810694,5389","5819568,485",13.57170627,52.4378023,7130.0,35.0
218912,11,6,6200311.0,2021,12,17,7,3,2,6,1,0,1,0,0,0,0,1,"795853,3334","5818153,011",13.35277452,52.43334401,3929.0,33.0
218911,11,3,3601453.0,2021,12,10,3,3,5,3,0,0,1,0,0,0,0,0,"802802,8117","5828641,649",13.4642109,52.52355107,5555.0,30.0
218910,11,5,5300735.0,2021,12,8,4,2,5,2,0,0,1,0,0,0,0,0,"786434,0159","5831177,738",13.22580616,52.55513503,2064.0,32.0
218909,11,1,1400937.0,2021,12,16,7,3,6,2,1,0,1,1,0,0,0,1,"793672,1624","5832252,013",13.33321436,52.56091056,3666.0,31.0
218907,11,8,8100314.0,2021,12,14,5,3,5,3,0,1,1,0,0,0,0,0,"800827,7813","5824174,12",13.43115172,52.48460068,5044.0,18.0
218905,11,4,4400835.0,2021,11,14,2,3,1,5,0,1,1,0,0,0,0,1,"793209,5332","5822517,693",13.31783007,52.47389584,3341.0,33.0
218903,11,1,1100207.0,2021,12,6,3,3,5,3,2,0,1,0,0,0,1,1,"797998,8611","5826794,656",13.39196012,52.50964191,4451.0,13.0
218902,11,3,3501038.0,2021,12,15,1,3,1,5,1,1,1,0,0,0,0,0,"803428,7461","5831533,259",13.47604856,52.54911976,5763.0,33.0
218900,11,1,1300733.0,2021,12,17,6,3,5,3,2,0,1,0,0,0,0,1,"797688,0544","5831312,711",13.39143965,52.55031033,4463.0,17.0
218899,11,7,7200411.0,2021,12,13,3,3,5,2,0,1,0,0,0,0,1,1,"795825,6195","5824101,365",13.35763943,52.48668166,3944.0,26.0
218896,11,5,5200629.0,2021,12,18,6,3,6,4,2,0,1,1,0,0,0,1,"784706,6276","5828611,715",13.19819687,52.53303395,1658.0,9.0
218895,11,6,6300632.0,2021,12,19,1,3,1,5,2,0,1,0,0,0,0,1,"792489,3401","5817034,041",13.3024551,52.42512168,3126.0,33.0
218894,11,7,7601339.0,2021,12,19,1,3,6,2,2,0,1,1,0,0,0,0,"795812,3711","5816037,487",13.35030304,52.41440182,3823.0,25.0
218893,11,1,1300733.0,2021,11,22,3,3,6,4,2,0,0,1,0,0,1,1,"797165,3648","5831781,5",13.38417318,52.55479786,4364.0,15.0
218892,11,9,9200510.0,2021,12,10,2,3,5,2,0,1,1,0,0,0,0,0,"805783,5816","5822862,953",13.50270483,52.47009671,6139.0,34.0
218890,11,12,12601235.0,2021,12,8,5,3,6,2,0,0,0,1,0,0,1,1,"795280,757","5836355,1",13.36053001,52.5968209,4077.0,22.0
218888,11,10,10100311.0,2021,12,5,5,3,3,6,2,0,1,0,0,0,1,0,"807160,8139","5830529,519",13.52998839,52.53803281,6559.0,35.0
218885,11,7,7601237.0,2021,12,16,1,3,6,2,2,0,1,1,0,0,0,1,"797277,4121","5816952,273",13.37259307,52.42180841,4125.0,31.0
218884,11,6,6400843.0,2021,12,20,3,3,1,7,2,0,1,0,0,0,0,1,"792263,9573","5820600,291",13.30226885,52.45721334,3136.0,33.0
218883,11,4,4100101.0,2021,12,13,7,3,5,2,0,0,1,0,0,0,0,1,"791284,958","5830676,183",13.29671589,52.54806585,3062.0,33.0
218882,11,1,1100308.0,2021,12,8,5,3,1,5,0,1,1,0,0,0,0,0,"797078,2545","5829288,032",13.38066213,52.53249437,4358.0,24.0
218881,11,1,1200625.0,2021,12,6,4,3,5,3,2,1,0,0,0,0,1,2,"795144,3639","5828560,19",13.35158885,52.52702046,3856.0,35.0
218879,11,8,8100521.0,2021,12,17,5,3,2,2,2,0,1,0,0,0,1,0,"803804,9156","5821741,951",13.47264494,52.46115329,5637.0,32.0
218878,11,4,4200205.0,2021,12,9,5,3,2,2,0,0,1,0,0,0,0,1,"788127,2835","5826668,853",13.24680383,52.51381783,2352.0,34.0
218876,11,1,1200623.0,2021,12,16,6,3,6,2,1,0,1,1,0,0,0,1,"795047,5896","5829155,013",13.35069439,52.53240497,3858.0,29.0
218873,11,1,1100205.0,2021,12,11,2,3,5,2,0,1,1,0,0,0,0,0,"797252,6154","5827357,366",13.38149942,52.51509311,4353.0,25.0
218872,11,10,10200630.0,2021,12,16,4,3,6,4,1,0,1,1,0,0,0,1,"811567,3088","5828619,787",13.59296027,52.51841804,7454.0,34.0
218871,11,8,8100415.0,2021,12,16,2,3,3,6,1,0,1,0,0,1,0,1,"801492,3272","5823871,669",13.44063496,52.48152322,5243.0,25.0
218870,11,2,2500727.0,2021,12,23,4,2,1,5,2,0,1,0,0,0,1,0,"802281,338","5828323,437",13.45625893,52.52098829,5454.0,30.0
218868,11,1,1300730.0,2021,12,17,6,2,5,5,2,0,1,0,0,0,0,0,"796661,0369","5832031,817",13.37698001,52.5573166,4265.0,16.0
218866,11,4,4200308.0,2021,11,10,2,3,5,2,0,0,1,0,0,0,0,0,"790224,07","5827314,011",13.27817856,52.51849006,2754.0,26.0
218865,11,9,9301126.0,2021,12,23,1,3,5,3,2,0,1,0,0,0,1,1,"811141,2612","5817862,291",13.57666942,52.42225815,7226.0,34.0
218864,11,3,3400830.0,2021,12,8,4,3,0,5,0,1,1,0,0,0,0,0,"799405,7692","5833481,155",13.4186537,52.56880549,4868.0,30.0
218863,11,1,1200520.0,2021,12,20,7,3,6,4,2,0,0,1,0,0,1,1,"794419,4137","5828436,433",13.34082403,52.52630305,3756.0,11.0
218861,11,1,1400937.0,2021,12,15,2,3,5,3,0,1,1,0,0,0,0,1,"793758,6863","5831848,529",13.33412993,52.55724691,3665.0,30.0
218860,11,12,12100205.0,2021,12,12,4,3,1,5,0,0,1,0,0,0,1,0,"794813,4598","5833160,734",13.35080935,52.56843976,3868.0,23.0
218859,11,1,1100309.0,2021,12,15,7,3,0,1,1,1,0,0,0,0,0,1,"798584,0733","5828392,607",13.4019915,52.52364536,4655.0,17.0
218857,11,10,10200629.0,2021,12,12,5,3,5,2,0,0,1,0,0,0,0,0,"810873,5106","5829168,584",13.58328113,52.52373193,7355.0,28.0
218855,11,3,3701555.0,2021,11,9,2,3,5,3,0,0,1,0,0,0,1,1,"799609,3124","5829907,271",13.41842277,52.53665953,4859.0,31.0
218854,11,12,12500926.0,2021,12,19,1,3,6,4,2,0,1,1,0,0,0,1,"793647,7603","5836114,612",13.33627696,52.59554936,3676.0,28.0
218853,11,2,2200208.0,2021,12,16,4,3,5,2,2,1,1,0,0,0,0,0,"797562,2385","5825159,031",13.38408398,52.49521875,4347.0,29.0
218851,11,7,7100101.0,2021,12,16,6,3,6,2,2,0,1,1,0,0,0,1,"794965,1562","5824893,538",13.34570532,52.49424853,3747.0,30.0
218850,11,10,10100206.0,2021,12,18,3,2,6,2,2,0,1,1,0,0,0,1,"810061,8167","5832639,384",13.57459431,52.55529761,7164.0,31.0
218847,11,1,1401049.0,2021,12,22,6,2,0,1,2,0,1,0,0,1,0,1,"795776,7833","5831922,342",13.36387724,52.55681625,4065.0,5.0
218846,11,4,4100101.0,2021,12,9,6,3,5,2,0,0,1,0,0,0,0,0,"793352,206","5829681,351",13.32623697,52.53803842,3559.0,17.0
218845,11,7,7400720.0,2021,12,13,2,3,6,7,0,0,0,1,0,0,1,1,"797405,2865","5823832,188",13.38059476,52.48341059,4343.0,26.0
218844,11,4,4200310.0,2021,11,11,3,3,5,3,0,0,1,0,0,0,1,1,"789163,2315","5826360,813",13.26175953,52.51050792,2551.0,28.0
218843,11,5,5100209.0,2021,12,13,2,3,6,7,0,0,1,1,0,0,0,0,"783574,2527","5830208,095",13.18291028,52.54793771,1362.0,27.0
218841,11,6,6300633.0,2021,12,13,4,3,5,7,0,1,0,0,0,0,1,0,"793260,4721","5819108,47",13.31558307,52.44330574,3332.0,28.0
218839,11,1,1100207.0,2021,12,12,4,3,5,3,0,1,1,0,0,0,0,0,"798805,4796","5826687,477",13.4037139,52.50823998,4651.0,27.0
218836,11,5,5100316.0,2021,12,8,2,3,2,6,0,0,1,0,1,0,0,0,"784424,8344","5828891,804",13.19429344,52.53569237,1559.0,26.0
218835,11,1,1300834.0,2021,12,23,4,3,1,5,2,1,1,0,0,0,0,1,"798372,3069","5830324,192",13.40061328,52.54107529,4660.0,23.0
218834,11,6,6100103.0,2021,12,15,7,3,6,7,0,0,1,1,0,0,0,1,"793729,7704","5821199,277",13.32430681,52.46179723,3437.0,28.0
218833,11,1,1100103.0,2021,12,12,4,3,2,6,0,0,1,0,0,0,0,0,"795291,3361","5826136,548",13.35159799,52.50521482,3850.0,16.0
218831,11,2,2500832.0,2021,12,14,5,3,3,6,0,1,1,0,0,0,0,1,"803452,7417","5826976,938",13.47224289,52.50826935,5651.0,32.0
218830,11,1,1100312.0,2021,12,6,6,3,2,2,2,0,1,0,0,0,0,0,"799651,2417","5827045,792",13.41646091,52.51098784,4851.0,23.0
218828,11,6,6100204.0,2021,11,12,2,3,1,1,0,0,1,0,0,0,1,1,"795900,0345","5820274,445",13.35533803,52.45233594,3934.0,35.0
218826,11,9,9200613.0,2021,12,13,3,2,6,7,0,1,0,1,0,0,0,0,"808074,6386","5821036,351",13.53464084,52.45243946,6634.0,30.0
218825,11,1,1401047.0,2021,12,15,5,3,6,2,2,0,1,1,0,0,0,1,"795513,0571","5830738,298",13.35894465,52.54634556,3962.0,27.0
218824,11,6,6100102.0,2021,12,16,6,3,6,7,2,0,1,1,0,0,0,1,"793635,2254","5820575,114",13.32237021,52.45625263,3435.0,27.0
218822,11,8,8300934.0,2021,12,16,6,3,0,2,2,0,1,0,0,0,1,0,"802722,323","5818134,777",13.45349107,52.42942265,5328.0,32.0
218821,11,5,5100315.0,2021,12,18,4,3,5,2,2,0,1,0,0,0,1,1,"784376,8645","5830005,054",13.19454104,52.54569884,1562.0,23.0
218820,11,3,3601141.0,2021,12,15,1,3,2,6,1,0,1,0,0,0,0,1,"798692,9264","5831822,988",13.40667483,52.55433414,4764.0,26.0
218819,11,2,2100104.0,2021,12,18,2,3,0,6,2,0,1,0,1,0,0,1,"799143,4998","5826272,115",13.40830631,52.50433162,4750.0,30.0
218817,11,6,6200421.0,2021,12,16,3,3,1,5,1,1,1,0,0,0,0,1,"793746,7459","5818041,05",13.32177882,52.43347564,3429.0,35.0
218815,11,1,1200517.0,2021,12,21,5,3,0,7,2,0,0,0,0,0,1,0,"795213,0516","5829650,49",13.3535667,52.53675692,3959.0,22.0
218813,11,5,5400943.0,2021,12,10,5,3,5,3,0,1,1,0,0,0,0,1,"780281,7896","5819499,105",13.12546826,52.45361618,535.0,35.0
218812,11,12,12601235.0,2021,12,10,2,3,5,3,0,0,1,0,0,0,0,1,"794868,4772","5835831,132",13.35399433,52.59234772,3975.0,35.0
218811,11,1,1300733.0,2021,12,7,2,3,6,2,1,0,1,1,0,0,0,1,"797013,3641","5831500,095",13.38168604,52.55235831,4364.0,15.0
218810,11,12,12100205.0,2021,12,17,5,3,5,2,2,0,1,0,0,0,0,0,"794838,5863","5833055,152",13.35108515,52.5674797,3868.0,23.0
218809,11,5,5200524.0,2021,12,18,3,3,2,6,2,0,1,0,0,0,0,0,"780630,2631","5827530,921",13.13734726,52.52545703,656.0,33.0
218807,11,7,7100103.0,2021,12,14,4,3,2,2,0,0,1,0,0,0,0,0,"795632,0487","5825232,073",13.35580024,52.49692243,3947.0,30.0
218805,11,5,5200423.0,2021,12,17,7,3,2,6,1,0,1,0,0,0,0,0,"781927,0914","5828461,502",13.1572011,52.53313198,958.0,30.0
218802,11,3,3701660.0,2021,12,10,3,1,3,6,0,1,0,0,0,1,0,1,"800118,4462","5828988,95",13.42507767,52.5281482,4956.0,24.0
218801,11,10,10100104.0,2021,12,13,4,2,6,4,0,0,1,1,0,0,0,1,"810318,854","5834000,6",13.57964629,52.5673496,7268.0,33.0
218799,11,7,7501133.0,2021,12,19,4,3,5,3,2,0,1,0,0,0,0,0,"797831,051","5818571,74",13.38215284,52.43602429,4330.0,27.0
218797,11,12,12200515.0,2021,12,11,6,3,5,2,0,0,1,0,0,0,0,0,"790038,6741","5835378,541",13.28250015,52.59088742,2875.0,33.0
218796,11,11,11501238.0,2021,12,23,1,2,8,1,2,0,1,0,0,0,0,1,"804472,9439","5825743,593",13.4861008,52.49664695,5847.0,34.0
218795,11,5,5200527.0,2021,12,22,6,2,6,4,2,0,1,1,0,0,0,1,"782357,3812","5827233,008",13.16248451,52.52189405,1055.0,32.0
218794,11,1,1200517.0,2021,12,7,4,3,6,4,1,0,1,1,0,0,0,1,"793523,0017","5829121,316",13.32825336,52.53292604,3558.0,28.0
218793,11,7,7300516.0,2021,12,15,3,2,0,6,0,0,1,0,0,0,1,0,"794071,3012","5821729,218",13.32978622,52.46636423,3538.0,21.0
218791,11,5,5200629.0,2021,12,12,3,3,6,4,0,0,1,1,0,0,0,0,"783996,991","5828711,915",13.18784882,52.53430259,1458.0,31.0
218789,11,4,4501041.0,2021,12,23,7,3,5,2,2,0,1,0,0,0,0,0,"792960,0079","5825558,53",13.31683989,52.50128991,3349.0,17.0
218786,11,1,1300834.0,2021,12,6,3,3,2,2,2,0,1,0,0,0,0,0,"798077,7824","5829992,141",13.39598543,52.53826009,4559.0,25.0
218785,11,2,2200211.0,2021,12,23,3,3,0,1,2,0,0,0,1,0,0,2,"799086,8943","5824173,022",13.40559029,52.48554722,4644.0,34.0
218784,11,2,2400520.0,2021,12,20,3,3,4,6,2,1,1,0,0,0,0,0,"800657,6787","5828539,033",13.43259573,52.52381837,5055.0,24.0
218783,11,12,12200309.0,2021,12,14,2,3,2,6,0,0,1,0,0,1,0,1,"793305,7474","5832637,268",13.32816514,52.56456166,3567.0,8.0
218782,11,2,2200213.0,2021,12,13,6,2,0,1,0,1,1,0,0,0,0,0,"800099,7547","5825076,069",13.42127491,52.49308586,4946.0,25.0
218780,11,8,8100312.0,2021,12,21,5,3,3,6,2,1,0,0,0,0,1,0,"801189,8408","5824069,041",13.43637251,52.48345923,5143.0,4.0
218779,11,11,11300620.0,2021,12,18,5,3,3,6,2,0,1,0,0,0,1,0,"803583,6252","5829761,719",13.47670696,52.53315575,5758.0,24.0
218777,11,1,1400937.0,2021,11,17,2,3,1,5,2,0,1,0,0,0,0,1,"793949,8918","5831663,982",13.33677877,52.5554894,3664.0,34.0
218775,11,4,4100102.0,2021,12,7,4,3,2,6,0,0,1,0,0,0,0,0,"791199,8063","5829124,912",13.29410394,52.53420445,3058.0,12.0
218774,11,1,1100313.0,2021,12,8,5,3,6,2,0,0,1,1,0,0,0,1,"799982,1242","5826941,194",13.42122764,52.50986843,4951.0,26.0
218772,11,5,5100209.0,2021,12,2,7,3,5,2,2,0,1,0,0,0,0,1,"783702,4767","5830168,037",13.18476197,52.54751179,1462.0,21.0
218771,11,11,11400931.0,2021,11,5,3,3,6,2,2,0,1,1,0,0,0,1,"805557,2103","5827269,03",13.50342264,52.50971262,6151.0,22.0
218770,11,1,1401045.0,2021,12,18,7,2,2,1,2,0,1,0,0,0,1,1,"797053,472","5831926,601",13.38265749,52.55615955,4365.0,7.0
218769,11,6,6200421.0,2021,12,14,2,3,5,3,0,0,1,0,0,0,0,0,"793300,431","5817681,284",13.31491702,52.43048991,3328.0,28.0
218767,11,3,3601449.0,2021,12,17,4,2,5,2,2,0,1,0,0,0,0,0,"801715,2287","5830096,138",13.44954936,52.5371906,5359.0,30.0
218765,11,9,9401534.0,2021,12,9,4,3,3,6,0,0,1,0,0,0,1,0,"811350,8219","5819971,116",13.58170469,52.44103731,7331.0,26.0
218763,11,11,11400928.0,2021,12,17,5,3,5,2,2,0,1,0,1,0,0,1,"804524,6917","5826273,338",13.48734506,52.50136598,5949.0,27.0
218762,11,1,1401048.0,2021,12,7,2,3,2,6,1,0,1,0,0,0,0,1,"795446,9507","5831558,644",13.35870252,52.55373507,3964.0,27.0
218761,11,5,5100314.0,2021,12,3,7,2,5,7,2,0,1,0,0,0,1,2,"785202,2192","5829784,026",13.20648957,52.54328567,1761.0,30.0
218760,11,2,2500833.0,2021,12,20,4,3,5,7,2,1,1,0,0,0,0,1,"802644,2344","5826996,831",13.4603846,52.50889675,5551.0,9.0
218759,11,3,3400620.0,2021,12,5,3,3,5,2,1,0,1,0,0,0,1,0,"796762,127","5834005,493",13.38023233,52.5749532,4370.0,30.0
218757,11,10,10100311.0,2021,12,17,5,2,9,1,2,0,0,0,1,0,0,1,"806473,6207","5829766,265",13.51918423,52.53157929,6357.0,30.0
218755,11,2,2300419.0,2021,12,14,6,3,5,3,0,0,1,0,0,0,0,1,"801375,9794","5825554,432",13.44044866,52.4966704,5247.0,34.0
218752,11,9,9501939.0,2021,12,17,2,3,1,5,2,1,1,0,0,0,0,0,"810976,7158","5821706,364",13.57783394,52.45680071,7236.0,24.0
218751,11,3,3601245.0,2021,12,17,3,3,5,3,2,1,1,0,0,0,0,1,"801154,8668","5831132,988",13.44225232,52.54679393,5262.0,19.0
218750,11,9,9401534.0,2021,12,16,4,3,2,2,2,0,1,0,0,0,0,0,"811378,0761","5820142,221",13.58226378,52.44255516,7331.0,26.0
218748,11,12,12500928.0,2021,12,16,5,3,2,2,2,0,1,0,0,0,0,0,"791965,7196","5837016,148",13.31231014,52.60453689,3279.0,30.0
218747,11,2,2200210.0,2021,12,5,1,3,5,3,2,0,1,0,0,0,0,1,"798794,6933","5824927,713",13.40197659,52.492472,4646.0,22.0
218745,11,9,9200715.0,2021,11,14,3,3,6,4,0,0,0,1,0,0,1,1,"808183,3163","5818697,544",13.53407828,52.43141756,6528.0,34.0
218743,11,12,12601134.0,2021,12,7,4,3,2,6,1,0,1,0,0,0,0,0,"793830,4259","5836324,739",13.3391524,52.59733433,3677.0,30.0
218742,11,11,11400931.0,2021,12,19,1,3,2,6,2,0,1,0,0,0,0,1,"806671,805","5826978,354",13.51952676,52.50648211,6350.0,27.0
218741,11,1,1400937.0,2021,12,19,5,3,2,1,2,0,1,0,0,0,0,2,"793998,7771","5832012,449",13.33780641,52.55858678,3665.0,30.0
218740,11,7,7300619.0,2021,12,12,3,3,2,6,0,0,1,0,0,0,0,0,"795291,5902","5821853,212",13.34780692,52.4668176,3839.0,35.0
218737,11,3,3300517.0,2021,12,5,5,3,8,1,2,0,0,0,1,0,0,1,"802503,1036","5833432,855",13.46417028,52.56666028,5568.0,35.0
218736,11,4,4300518.0,2021,12,14,1,3,1,7,0,0,1,0,0,0,0,1,"792147,0834","5827962,624",13.30700856,52.52327792,3255.0,30.0
218735,11,10,10200417.0,2021,12,19,1,3,5,2,2,0,1,0,0,0,1,0,"810947,206","5832021,503",13.58703309,52.54925586,7363.0,34.0
218734,11,7,7601544.0,2021,12,17,4,3,6,2,2,0,1,1,0,0,0,1,"799764,7589","5813974,84",13.40639647,52.39376273,4617.0,31.0
218732,11,1,1401045.0,2021,12,6,6,3,6,4,2,0,1,1,0,0,0,0,"796836,2747","5831907,436",13.37944605,52.55610619,4265.0,16.0
218731,11,1,1100311.0,2021,12,7,5,3,0,6,2,0,1,0,1,0,0,1,"799623,1117","5828262,944",13.41714373,52.52191317,4855.0,6.0