ObjectID,State,District,LOR_ab_2021,AccidentYear,AccidentMonth,AccidentHour,DayOfWeek,AccidentCategory,AccidentType,AccidentTypeDetail,LightingCondition,InvolvingBike,InvolvingCar,InvolvingPedestrian,InvolvingMotorcycle,InvolvingHGV,InvolvingOther,RoadCondition,GraphicCoord1,GraphicCoord2,LongitudeWGS84,LatitudeWGS84,quadrant,quadrant_rank
218729,11,4,4300623.0,2021,11,16,2,3,6,4,2,0,1,1,0,0,0,1,"792743,8911","5826271,663",13.3142922,52.50779892,3351.0,28.0
218727,11,1,1200625.0,2021,12,7,3,3,0,7,0,0,1,0,1,1,0,1,"794735,6846","5828456,62",13.34549035,52.52631312,3756.0,11.0
218726,11,2,2400521.0,2021,12,20,5,3,2,1,2,0,1,0,0,0,0,2,"800408,6303","5828008,351",13.42845664,52.51919899,5054.0,24.0
218725,11,6,6300634.0,2021,12,6,3,3,5,3,1,0,1,0,0,0,0,0,"792948,3131","5817754,242",13.30981664,52.43133264,3228.0,25.0
218724,11,5,5300839.0,2021,12,14,6,3,0,1,0,0,0,0,1,0,0,0,"788958,5351","5830578,127",13.26241737,52.54842579,2562.0,33.0
218721,11,3,3200205.0,2021,12,8,7,2,5,3,0,1,0,0,0,0,0,0,"797581,4484","5835916,811",13.3940032,52.59163818,4575.0,32.0
218720,11,11,11100204.0,2021,11,5,3,3,6,2,2,0,1,1,0,0,0,1,"806328,4955","5833881,6",13.52084779,52.56854309,6468.0,31.0
218719,11,1,1300733.0,2021,12,16,1,2,6,4,2,0,1,1,0,0,0,1,"797512,9263","5831279,821",13.38883497,52.55011119,4463.0,17.0
218718,11,10,10200629.0,2021,12,19,2,3,6,2,2,0,1,1,0,0,0,1,"811127,7188","5829170,566",13.58701779,52.52360471,7355.0,28.0
218716,11,6,6400844.0,2021,12,15,4,3,5,7,1,0,1,0,0,0,0,0,"790382,9283","5820847,897",13.27487853,52.46043587,2737.0,30.0
218715,11,8,8100206.0,2021,12,17,6,3,2,4,2,1,1,1,0,0,0,0,"800744,4117","5823806,537",13.42959607,52.48135183,5043.0,24.0
218713,11,3,3200207.0,2021,12,8,5,3,4,6,0,0,1,0,0,0,1,2,"799324,2176","5835963,98",13.41969604,52.59110471,4875.0,34.0
218711,11,5,5100316.0,2021,12,17,5,3,6,4,1,0,1,1,0,0,0,1,"784749,3061","5828818,743",13.19900173,52.53486787,1658.0,9.0
218710,11,7,7400928.0,2021,12,15,2,3,6,4,0,0,1,1,0,0,0,0,"799961,9701","5821310,615",13.4158648,52.45940996,4836.0,30.0
218709,11,11,11100308.0,2021,12,20,1,3,2,6,2,0,1,0,0,0,1,2,"804848,7083","5833760,694",13.4989711,52.56829016,6068.0,35.0
218708,11,1,1300733.0,2021,12,21,4,3,6,7,2,0,1,1,0,0,0,1,"797553,9303","5831858,042",13.38995614,52.55527181,4464.0,20.0
218707,11,10,10200524.0,2021,12,11,3,3,5,3,0,0,1,0,0,0,0,0,"813500,8215","5830590,332",13.62322031,52.53496789,7958.0,34.0
218705,11,4,4100101.0,2021,12,11,5,3,5,3,0,1,0,0,0,0,1,0,"791660,2977","5830679,175",13.30223816,52.54789185,3162.0,28.0
218704,11,1,1300834.0,2021,12,19,5,3,5,2,2,1,1,0,0,0,0,0,"798277,8651","5830096,019",13.39902001,52.53908174,4560.0,27.0
218703,11,4,4500936.0,2021,12,19,6,2,5,3,2,1,1,0,0,0,0,0,"791843,4196","5825699,945",13.30056107,52.50315602,3149.0,22.0
218701,11,9,9401635.0,2021,12,22,6,2,0,1,2,0,1,0,0,0,0,2,"816194,8959","5815894,007",13.64888233,52.40172462,8320.0,35.0
218698,11,9,9300923.0,2021,12,17,3,3,4,3,2,0,1,0,0,0,0,0,"808745,663","5815583,041",13.53945031,52.40318809,6620.0,35.0
218697,11,1,1100309.0,2021,12,20,5,3,5,7,2,1,1,0,0,0,0,1,"798106,3551","5828954,007",13.39547438,52.52893898,4557.0,26.0
218696,11,4,4400835.0,2021,12,7,4,3,1,5,0,1,0,0,0,0,1,0,"792917,8461","5822782,422",13.31378039,52.47642556,3341.0,33.0
218694,11,1,1100206.0,2021,12,18,5,3,3,2,2,1,1,0,0,0,0,0,"796922,1478","5827634,813",13.37689139,52.51776014,4253.0,34.0
218693,11,5,5200629.0,2021,12,0,1,3,6,4,2,0,1,1,0,0,0,0,"784792,831","5828775,498",13.19960463,52.53445739,1658.0,9.0
218691,11,7,7400720.0,2021,11,20,2,3,6,4,2,0,0,1,0,0,1,0,"797415,9265","5823704,683",13.38063723,52.48226185,4343.0,26.0
218690,11,5,5100314.0,2021,12,16,1,3,6,4,2,0,1,1,0,0,0,1,"785012,7415","5829981,347",13.20387243,52.54515399,1661.0,28.0
218689,11,10,10100311.0,2021,12,14,4,3,5,3,0,0,1,0,0,0,0,0,"806677,7107","5829128,109",13.5215949,52.52574526,6456.0,33.0
218688,11,1,1100308.0,2021,12,21,1,3,6,4,2,0,0,1,0,0,1,1,"797537,7533","5828335,554",13.38656389,52.52370593,4455.0,25.0
218686,11,5,5100209.0,2021,12,16,6,2,6,4,2,0,1,1,0,0,0,1,"783378,1259","5830753,185",13.18049088,52.55292715,1364.0,35.0
218685,11,4,4200308.0,2021,12,14,3,3,6,2,1,0,1,1,0,0,0,1,"790572,3886","5827354,477",13.28333287,52.51866735,2854.0,7.0
218682,11,3,3701554.0,2021,12,16,6,3,1,5,1,1,1,0,0,0,0,1,"798980,1543","5829698,067",13.40898608,52.53512985,4759.0,29.0
218681,11,7,7100102.0,2021,12,16,6,3,8,1,1,0,0,0,0,0,1,2,"795543,8487","5825258,959",13.35452865,52.49721121,3947.0,30.0
218680,11,4,4300416.0,2021,12,9,2,3,0,3,0,1,0,0,0,0,1,2,"791578,0161","5826514,519",13.29737556,52.51060047,3051.0,16.0
218679,11,12,12500926.0,2021,11,7,3,2,6,4,1,0,1,1,0,0,0,1,"792927,3401","5835304,099",13.32495477,52.5886721,3474.0,26.0
218678,11,6,6300527.0,2021,12,19,2,3,6,2,2,0,1,1,0,0,0,0,"790012,1741","5817496,998",13.26652813,52.43059086,2628.0,33.0
218676,11,1,1100309.0,2021,12,15,3,3,0,2,1,0,1,0,0,0,1,1,"799056,466","5828998,224",13.4094782,52.52881493,4757.0,21.0
218675,11,8,8200624.0,2021,12,10,7,3,5,7,0,0,1,0,0,0,0,1,"801357,9621","5820641,952",13.43574555,52.45264855,5134.0,22.0
218673,11,5,5200629.0,2021,12,16,5,3,6,2,1,0,1,1,0,0,0,1,"784706,1753","5828587,911",13.19816983,52.53282077,1658.0,9.0
218670,11,8,8100417.0,2021,12,8,1,3,5,3,0,1,0,0,0,0,1,1,"802133,9287","5823086,119",13.44934237,52.47412765,5341.0,26.0
218669,11,10,10400938.0,2021,12,18,4,2,5,3,2,0,1,0,0,0,0,1,"814743,6294","5829902,358",13.64083154,52.52808698,8156.0,33.0
218668,11,8,8100102.0,2021,12,13,5,3,0,4,0,0,1,1,0,0,1,0,"800196,0074","5823662,721",13.42141541,52.48036449,4943.0,28.0
218667,11,1,1100207.0,2021,12,16,4,3,2,6,2,0,1,0,0,0,0,0,"798868,1195","5827382,591",13.40525831,52.51443639,4652.0,19.0
218666,11,6,6400843.0,2021,11,8,3,2,5,2,0,1,0,0,0,1,0,1,"791584,9072","5820258,73",13.29200511,52.45451395,2935.0,34.0
218665,11,1,1300733.0,2021,12,21,7,3,5,7,2,0,1,0,1,0,0,1,"797002,8446","5831486,221",13.38151893,52.55223968,4364.0,15.0
218663,11,1,1400942.0,2021,12,8,4,3,5,3,0,0,1,0,0,0,0,0,"794822,9228","5830307,977",13.34841483,52.54286198,3861.0,24.0
218662,11,5,5100210.0,2021,12,10,7,3,6,2,0,0,1,1,0,0,0,1,"783729,1232","5830622,202",13.18554196,52.55157,1463.0,32.0
218660,11,4,4500939.0,2021,12,9,5,3,2,6,0,0,1,0,0,0,0,2,"792076,0622","5824074,692",13.30255371,52.48846141,3145.0,25.0
218657,11,6,6100102.0,2021,12,15,2,3,5,3,1,0,1,0,0,0,1,1,"793425,5006","5820367,209",13.31910985,52.45450146,3435.0,27.0
218656,11,4,4300622.0,2021,12,2,3,3,0,6,2,0,1,0,0,0,1,2,"793784,8635","5826615,835",13.32988972,52.51032466,3551.0,31.0
218655,11,4,4300622.0,2021,12,20,4,3,6,2,2,0,1,1,0,0,0,1,"793789,391","5826941,7",13.33024391,52.51324344,3552.0,31.0
218654,11,12,12200307.0,2021,12,12,2,3,0,1,0,0,1,0,1,0,0,1,"793179,8952","5833867,635",13.32740138,52.57565899,3570.0,35.0
218652,11,6,6300528.0,2021,12,12,5,2,5,2,0,1,1,0,0,0,0,0,"790832,5962","5817473,88",13.27854121,52.42994806,2728.0,31.0
218651,11,11,11200512.0,2021,12,7,5,3,5,3,0,1,1,0,0,0,0,0,"802888,4551","5831188,857",13.46779069,52.54633364,5662.0,28.0
218649,11,12,12200412.0,2021,12,13,6,3,6,2,0,0,1,1,0,0,0,1,"790312,4906","5833704,302",13.28506416,52.57573195,2870.0,34.0
218646,11,1,1100103.0,2021,12,13,3,3,1,5,0,0,1,0,0,0,1,0,"796001,4148","5825606,727",13.36155827,52.50008068,4048.0,16.0
218645,11,9,9300920.0,2021,12,12,5,3,6,4,0,0,1,1,0,0,0,1,"807707,6773","5815835,08",13.52447222,52.40603115,6421.0,34.0
218644,11,7,7601544.0,2021,12,7,3,3,1,5,1,1,1,0,0,0,0,1,"799434,1402","5813189,93",13.40085093,52.38690776,4615.0,32.0
218643,11,5,5100316.0,2021,12,12,6,3,2,6,0,0,1,0,0,0,0,0,"784929,9383","5828783,653",13.20162753,52.53445885,1658.0,9.0
218641,11,3,3601449.0,2021,12,14,5,3,2,6,0,0,1,0,0,0,0,0,"801803,5664","5830213,258",13.45095422,52.53819143,5359.0,30.0
218639,11,10,10200629.0,2021,11,15,2,3,5,3,0,1,1,0,0,0,0,1,"810347,0343","5827950,682",13.57440999,52.51311761,7152.0,33.0
218638,11,4,4501146.0,2021,12,9,2,3,6,2,0,0,1,1,0,0,0,0,"793297,083","5823916,082",13.32034547,52.48638491,3444.0,17.0
218637,11,7,7300619.0,2021,12,16,4,3,2,6,1,0,1,0,0,0,0,0,"795000,4478","5822316,598",13.34394332,52.47112885,3740.0,30.0
218636,11,2,2100104.0,2021,12,16,7,3,6,2,0,0,1,1,0,0,0,0,"799214,821","5825993,316",13.40910342,52.50179348,4749.0,3.0
218634,11,3,3601243.0,2021,12,14,1,3,2,6,0,0,1,0,0,0,0,0,"799264,4599","5831802,222",13.41506086,52.55383427,4864.0,13.0
218633,11,10,10100313.0,2021,12,9,3,3,5,3,0,0,1,0,0,0,1,0,"807959,3629","5830195,021",13.54141523,52.53458443,6758.0,34.0
218631,11,6,6400736.0,2021,12,7,5,2,5,3,0,1,1,0,0,0,0,2,"787499,3937","5816822,28",13.22909101,52.42586787,2027.0,31.0
218629,11,4,4501042.0,2021,12,18,5,3,6,2,2,0,1,1,0,0,0,1,"793941,1124","5826083,779",13.33171559,52.50547089,3550.0,10.0
218628,11,6,6300527.0,2021,12,14,1,2,5,2,0,1,1,0,0,0,0,1,"790767,222","5817689,463",13.27776985,52.43191556,2728.0,31.0
218627,11,2,2400623.0,2021,12,16,1,3,9,1,2,0,1,0,0,0,0,1,"801244,8958","5827796,496",13.44055239,52.51683879,5253.0,19.0
218626,11,1,1100311.0,2021,12,15,4,3,0,5,1,0,1,0,1,0,0,1,"799818,5274","5827896,404",13.41968493,52.5185203,4854.0,26.0
218625,11,1,1300730.0,2021,12,18,2,2,1,5,2,0,1,0,0,0,0,0,"796657,401","5832076,87",13.3769668,52.55772243,4265.0,16.0
218623,11,2,2200212.0,2021,12,15,3,3,5,3,0,1,1,0,0,0,0,1,"800256,5704","5824388,972",13.42295865,52.48684089,4944.0,15.0
218621,11,1,1300834.0,2021,12,17,7,2,5,2,1,0,1,0,0,0,0,2,"798081,1118","5829990,227",13.39603266,52.53824111,4559.0,25.0
218618,11,10,10200418.0,2021,12,12,3,3,5,2,0,1,1,0,0,0,0,1,"811297,9331","5831566,242",13.59176221,52.54497586,7461.0,31.0
218617,11,7,7400824.0,2021,12,11,3,3,5,7,0,0,1,0,0,0,0,0,"797370,0921","5821908,789",13.37836314,52.46618849,4238.0,24.0
218616,11,10,10100205.0,2021,12,18,4,3,5,3,2,0,1,0,0,0,0,0,"808285,8682","5832821,989",13.5486519,52.55794221,6865.0,33.0
218614,11,5,5300737.0,2021,12,4,6,2,5,2,2,1,1,0,0,0,0,0,"786996,8031","5829458,91",13.23259903,52.53942847,2160.0,29.0
218613,11,8,8100415.0,2021,12,10,6,3,1,5,0,1,1,0,0,0,0,0,"801987,2037","5823501,526",13.44756486,52.47793213,5342.0,26.0
218611,11,6,6200422.0,2021,11,18,2,3,3,6,2,0,1,0,1,0,0,1,"794067,801","5817441,924",13.32596088,52.42793218,3527.0,30.0
218609,11,5,5100312.0,2021,12,11,4,3,5,3,0,0,1,0,0,0,0,0,"784629,1721","5830884,763",13.19900579,52.55345452,1664.0,24.0
218608,11,8,8100314.0,2021,12,18,6,3,2,6,2,0,1,0,0,0,0,1,"801019,9503","5823901,432",13.43372691,52.48205059,5143.0,4.0
218606,11,3,3300411.0,2021,12,6,6,3,0,1,1,0,0,0,1,0,0,2,"803567,5016","5839602,135",13.48548027,52.62136015,5884.0,34.0
218604,11,1,1100308.0,2021,12,9,5,3,5,3,0,1,0,0,0,0,1,0,"796317,2913","5829511,398",13.36967575,52.53491083,4158.0,30.0
218603,11,7,7400927.0,2021,12,17,5,3,4,6,1,0,1,0,0,0,1,0,"798279,0946","5821911,149",13.39170641,52.46571415,4438.0,31.0
218601,11,1,1100206.0,2021,12,12,7,3,0,1,0,0,0,0,1,0,0,1,"797682,2777","5827925,535",13.38832085,52.51995172,4454.0,31.0
218599,11,6,6200421.0,2021,12,17,3,3,5,3,2,0,1,0,0,0,0,1,"793627,8895","5817261,568",13.31935109,52.4265516,3427.0,34.0
218598,11,6,6200311.0,2021,12,16,4,3,6,2,2,0,1,1,0,0,0,1,"796503,0003","5818554,636",13.36265897,52.43659251,4030.0,35.0
218597,11,8,8401244.0,2021,12,9,6,3,6,2,0,0,0,1,0,0,1,1,"805718,7951","5816795,344",13.49620299,52.4157517,6024.0,28.0
218595,11,1,1300733.0,2021,12,19,6,3,5,3,2,1,1,0,0,0,0,1,"797669,5103","5831309,243",13.39116386,52.55028939,4463.0,17.0
218593,11,1,1100311.0,2021,11,16,2,3,6,4,1,0,1,1,0,0,0,1,"800112,3342","5827702,696",13.42382724,52.51662243,4953.0,29.0
218592,11,4,4500939.0,2021,12,23,1,1,9,1,2,0,1,0,0,1,0,1,"792442,5602","5824154,512",13.30800605,52.48898078,3245.0,22.0
218591,11,10,10100311.0,2021,12,7,4,3,2,2,0,0,1,0,0,0,0,0,"806501,427","5829455,431",13.51930631,52.52877791,6357.0,30.0
218590,11,11,11300617.0,2021,12,10,2,2,6,4,0,0,1,1,0,0,0,1,"802840,2985","5829445,916",13.46549424,52.53073876,5557.0,31.0
218588,11,4,4501042.0,2021,12,16,2,3,6,4,2,0,0,1,0,0,1,1,"793795,3369","5825851,711",13.32936923,52.50346903,3549.0,22.0
218586,11,6,6200422.0,2021,12,18,5,3,5,2,2,0,1,0,0,0,0,2,"794234,2452","5816383,958",13.32747132,52.4183584,3524.0,35.0
218584,11,9,9401329.0,2021,12,11,5,2,6,4,0,0,1,1,0,0,0,1,"811767,9411","5818253,451",13.58621993,52.42540688,7326.0,33.0
218583,11,8,8401245.0,2021,12,14,1,3,5,3,0,0,1,0,1,0,0,1,"806687,0555","5815407,99",13.50912465,52.40277595,6220.0,32.0
218582,11,12,12200411.0,2021,12,9,2,3,8,1,0,0,1,0,0,0,0,2,"793208,6933","5832351,651",13.326485,52.56205354,3566.0,26.0
218581,11,1,1100102.0,2021,11,14,3,3,3,6,1,0,1,0,0,0,1,1,"795200,7586","5826802,587",13.35085803,52.51123438,3852.0,29.0
218580,11,1,1100206.0,2021,12,12,2,2,6,2,0,0,1,1,0,0,0,0,"797188,403","5827524,571",13.38070528,52.51662691,4353.0,25.0
218578,11,4,4501042.0,2021,12,16,3,2,6,4,1,0,1,1,0,0,0,1,"793916,9873","5825591,402",13.33092654,52.50106998,3549.0,22.0
218576,11,12,12500825.0,2021,12,13,7,3,5,3,0,0,1,0,0,0,0,1,"790928,1056","5834992,652",13.2952539,52.586953,3074.0,35.0
218573,11,2,2500728.0,2021,12,13,3,3,5,2,0,0,1,0,1,0,0,0,"803188,0315","5828312,762",13.46957162,52.52038926,5654.0,32.0
218572,11,6,6200420.0,2021,12,16,3,3,2,6,2,0,1,0,0,0,0,2,"792352,8297","5815589,052",13.29919075,52.41224032,3123.0,33.0
218571,11,2,2500727.0,2021,12,17,3,3,6,4,2,0,1,1,0,0,0,0,"802366,7852","5827810,512",13.45704827,52.51634359,5453.0,1.0
218569,11,9,9401534.0,2021,12,16,5,3,9,1,0,0,1,1,0,0,0,0,"810832,7491","5820306,692",13.57441949,52.44433931,7132.0,24.0
218568,11,9,9301126.0,2021,12,10,5,3,6,7,0,0,1,1,0,0,0,0,"811415,4395","5817228,527",13.58009862,52.41642267,7224.0,34.0
218566,11,8,8100104.0,2021,11,6,2,3,5,3,2,1,1,0,0,0,0,1,"800268,5755","5822217,887",13.42118011,52.4673739,4939.0,31.0
218564,11,12,12500824.0,2021,12,16,4,3,2,6,2,0,1,0,0,0,0,0,"790901,3686","5836134,447",13.29586315,52.59720324,3077.0,34.0
218563,11,7,7400721.0,2021,12,17,7,3,2,6,1,0,1,0,0,0,0,1,"798308,9278","5823952,173",13.39396975,52.48399318,4544.0,28.0
218562,11,5,5100316.0,2021,12,15,6,3,9,1,0,0,1,0,0,0,0,1,"785383,4798","5829260,691",13.20870562,52.53849861,1760.0,21.0
218561,11,7,7400822.0,2021,12,18,2,3,6,2,2,0,1,1,0,0,0,1,"796711,1167","5821140,41",13.36800821,52.45965892,4136.0,33.0
218559,11,10,10300731.0,2021,12,18,7,3,5,2,2,0,1,0,0,0,1,0,"809639,8479","5830261,461",13.56617361,52.5342278,7058.0,32.0
218558,11,5,5400942.0,2021,11,7,3,2,6,4,2,0,1,1,0,0,0,1,"783753,9889","5824048,931",13.1802995,52.49261987,1346.0,34.0
218557,11,4,4501146.0,2021,12,15,2,3,5,2,0,1,1,0,0,0,0,0,"793308,1987","5823687,501",13.32030756,52.4843298,3444.0,17.0
218556,11,3,3400620.0,2021,12,16,2,3,5,3,2,1,1,0,0,0,0,1,"797605,2232","5833786,221",13.39244,52.57252736,4469.0,35.0
218554,11,6,6300631.0,2021,12,9,4,3,8,1,0,0,0,0,1,0,0,1,"792344,9964","5816586,682",13.29994739,52.42118825,3125.0,29.0
218552,11,2,2300316.0,2021,12,20,4,3,5,3,2,1,1,0,0,0,0,1,"800624,7097","5826267,059",13.43005877,52.50347222,5049.0,28.0
218550,11,1,1100310.0,2021,12,19,5,3,5,2,2,0,1,0,0,0,0,1,"799113,834","5828309,341",13.4097017,52.52260864,4755.0,4.0
218549,11,9,9200715.0,2021,12,14,2,3,2,6,0,0,1,0,0,0,0,1,"808617,0488","5819191,662",13.54089381,52.43560137,6629.0,25.0
218548,11,7,7400823.0,2021,12,18,2,3,2,6,2,0,1,0,0,0,0,0,"797291,2641","5821244,894",13.37661482,52.46028022,4237.0,31.0
218547,11,9,9200819.0,2021,12,17,5,2,5,3,2,1,0,0,0,0,1,0,"810757,1443","5818730,03",13.571845,52.43025279,7128.0,33.0
218546,11,3,3300516.0,2021,12,14,3,3,5,2,0,0,1,0,0,0,0,0,"800123,0086","5833866,167",13.42955282,52.57186148,5069.0,28.0
218544,11,9,9200511.0,2021,11,9,3,3,6,4,0,1,0,1,0,0,0,1,"807420,6334","5821711,009",13.52566811,52.45885405,6436.0,33.0
218543,11,5,5200631.0,2021,12,6,1,3,1,5,1,0,1,0,0,0,0,0,"784761,2624","5826713,003",13.19737422,52.51598153,1553.0,33.0
218542,11,1,1100308.0,2021,12,1,2,3,1,5,2,0,1,0,0,0,1,1,"796338,6417","5829484,572",13.36996568,52.53465876,4158.0,30.0
218540,11,9,9100409.0,2021,12,5,3,3,5,3,2,0,1,0,0,0,1,1,"806399,963","5821066,939",13.51010202,52.45365481,6235.0,29.0
218538,11,1,1400942.0,2021,12,5,6,3,5,3,2,0,1,0,0,0,0,1,"794882,1063","5830544,15",13.34949466,52.54494706,3861.0,24.0
218536,11,2,2300419.0,2021,12,18,5,3,5,3,2,1,1,0,0,0,0,1,"801582,9981","5825948,226",13.44384546,52.50008567,5248.0,18.0
218535,11,4,4300622.0,2021,12,11,2,3,5,3,0,0,1,0,0,0,0,0,"793234,3536","5827056,254",13.32218932,52.51456905,3453.0,31.0
218534,11,1,1100309.0,2021,12,23,2,3,1,5,2,0,1,0,0,0,1,0,"798657,8029","5828520,165",13.40318955,52.52474836,4655.0,17.0
218533,11,1,1100102.0,2021,12,17,4,3,6,7,1,0,1,1,0,0,0,0,"796737,9665","5826598,246",13.37326068,52.50856863,4251.0,5.0
218532,11,1,1400939.0,2021,12,13,2,3,5,3,0,0,1,0,1,0,0,0,"794375,5763","5831806,139",13.34316556,52.5565338,3765.0,34.0
218530,11,1,1300836.0,2021,12,7,5,3,0,1,0,1,0,0,0,0,0,1,"796306,509","5830692,797",13.37057085,52.54550672,4162.0,29.0
218529,11,10,10100206.0,2021,12,19,6,2,0,7,2,0,0,0,1,0,0,1,"810057,8907","5833186,941",13.57504806,52.56020675,7266.0,34.0
218527,11,12,12500825.0,2021,12,21,7,3,3,2,2,1,1,0,0,0,0,1,"791919,8245","5834708,552",13.30960036,52.58387487,3273.0,33.0
218524,11,2,2400520.0,2021,12,18,2,3,2,6,2,0,1,0,0,0,0,0,"800430,4808","5828443,974",13.42917116,52.52309156,5055.0,24.0
218523,11,9,9100101.0,2021,12,0,3,3,0,1,2,0,0,0,0,0,1,2,"802230,3368","5824464,598",13.45200695,52.48642973,5344.0,29.0
218522,11,10,10200418.0,2021,12,13,7,2,5,2,0,0,1,0,0,0,0,1,"811286,73","5831548,696",13.59158109,52.54482503,7461.0,31.0
218521,11,1,1401048.0,2021,12,8,4,3,5,2,0,1,1,0,0,0,0,1,"795435,3306","5831605,887",13.35857368,52.55416487,3964.0,27.0
218519,11,2,2400623.0,2021,12,16,5,3,6,2,2,0,1,1,0,0,0,0,"800905,145","5827538,295",13.43532705,52.51471203,5153.0,32.0
218518,11,1,1100415.0,2021,12,4,7,3,3,6,2,1,1,0,0,0,0,1,"798325,2961","5829351,251",13.39904874,52.53237996,4558.0,10.0
218516,11,5,5100313.0,2021,11,17,2,3,6,4,1,0,1,1,0,0,0,1,"785360,4482","5830714,088",13.20961566,52.55154162,1763.0,30.0
218514,11,2,2300417.0,2021,12,19,3,3,0,1,2,0,0,0,1,0,0,2,"799995,2621","5825446,225",13.42007376,52.49646117,4947.0,31.0
218513,11,11,11400927.0,2021,12,18,1,3,0,7,2,0,1,0,0,0,0,1,"804025,1531","5826748,331",13.48044224,52.50590173,5750.0,31.0
218512,11,9,9300920.0,2021,12,8,4,3,5,3,0,0,1,0,0,0,0,0,"809122,1872","5817340,02",13.54658961,52.41872177,6724.0,35.0
218511,11,3,3100101.0,2021,12,7,2,3,2,6,1,0,1,0,0,0,0,1,"803360,7206","5842630,516",13.48521553,52.64861734,5892.0,35.0
218509,11,12,12200309.0,2021,12,16,6,2,6,4,2,0,1,1,0,0,0,1,"792881,9035","5832715,566",13.32199917,52.56549173,3467.0,28.0
218508,11,1,1100309.0,2021,12,18,6,3,6,7,2,0,0,1,0,0,1,0,"798301,8831","5828755,465",13.39817002,52.52705235,4556.0,31.0
218507,11,2,2200210.0,2021,11,17,3,3,5,2,2,0,1,0,0,0,1,1,"798295,641","5825307,58",13.39498797,52.49614997,4547.0,20.0
218506,11,1,1200519.0,2021,12,15,1,3,6,2,2,0,1,1,0,0,0,1,"793701,2108","5828501,993",13.3303259,52.52727814,3556.0,24.0
218504,11,1,1100102.0,2021,12,20,3,3,5,2,2,0,1,0,0,0,0,1,"796582,024","5826874,367",13.37121575,52.51112858,4151.0,21.0
218503,11,6,6400843.0,2021,12,17,6,2,6,4,2,0,1,1,0,0,0,0,"792265,7312","5820603,489",13.30229768,52.45724106,3136.0,33.0
218501,11,7,7601237.0,2021,12,16,5,2,6,4,2,0,1,1,0,0,0,1,"797389,5669","5817123,133",13.3743894,52.42327908,4226.0,33.0
218498,11,1,1200517.0,2021,12,15,2,3,5,2,0,1,1,0,0,0,0,0,"794967,5685","5829549,707",13.3498684,52.53598641,3859.0,33.0
218497,11,3,3701556.0,2021,12,13,4,3,1,5,0,0,0,0,0,1,1,1,"799479,7933","5829688,32",13.41632159,52.53476816,4858.0,33.0
218496,11,5,5300736.0,2021,12,9,4,3,3,6,0,0,1,0,0,0,0,1,"786598,4553","5829228,23",13.22654265,52.53756992,2059.0,31.0
218495,11,6,6200422.0,2021,12,15,3,3,6,4,1,0,0,1,0,0,1,0,"794164,8797","5817493,523",13.32742995,52.42834256,3527.0,30.0
218493,11,4,4500939.0,2021,12,17,4,3,2,6,1,0,1,0,0,0,0,0,"792467,1033","5824130,393",13.30834532,52.48875141,3245.0,22.0
218492,11,11,11300620.0,2021,12,14,5,3,5,3,0,0,1,0,0,0,1,0,"803823,0896","5829053,771",13.47957946,52.52667724,5756.0,30.0
218490,11,6,6400843.0,2021,12,15,7,3,0,4,0,0,1,1,0,0,0,0,"791762,3655","5819570,489",13.29400801,52.44824917,3033.0,33.0
218487,11,6,6100101.0,2021,12,8,3,3,5,3,0,1,1,0,0,0,0,0,"793396,1061","5820356,417",13.31866902,52.45442049,3335.0,31.0
218486,11,9,9200818.0,2021,12,17,5,3,2,6,2,0,1,0,0,0,0,1,"809767,1578","5820689,459",13.55914642,52.44837426,6933.0,31.0
218485,11,9,9200716.0,2021,12,9,4,3,5,3,0,1,1,0,0,0,0,0,"808745,0307","5819243,023",13.5428179,52.43598944,6730.0,31.0
218484,11,10,10400940.0,2021,12,15,2,3,5,2,1,0,0,0,0,0,1,1,"812723,6829","5825535,078",13.60705006,52.49011384,7645.0,33.0
218483,11,6,6200423.0,2021,12,20,6,3,5,2,2,0,1,0,0,0,0,0,"793445,1775","5816136,286",13.31568466,52.41656171,3324.0,31.0
218481,11,2,2200213.0,2021,12,8,5,3,0,7,0,1,0,0,0,0,0,1,"799877,5883","5825358,771",13.41826684,52.49574194,4847.0,29.0
218480,11,1,1100206.0,2021,12,4,7,3,6,7,2,0,1,1,0,0,0,0,"797870,483","5827367,536",13.39058686,52.51484718,4453.0,15.0
218478,11,12,12100205.0,2021,11,16,2,2,6,2,1,0,0,1,0,1,0,1,"794846,2585","5833741,522",13.35180821,52.57362826,3870.0,26.0
218477,11,6,6300524.0,2021,12,14,1,3,5,2,0,0,1,0,0,0,0,1,"787515,685","5817398,976",13.22982575,52.43102984,2028.0,31.0
218476,11,7,7400721.0,2021,12,15,4,3,1,7,1,0,1,0,0,0,0,0,"797749,8438","5822634,554",13.38458439,52.47248736,4340.0,22.0
218475,11,1,2400623.0,2021,12,11,1,3,5,3,0,0,1,0,0,0,0,1,"800171,3427","5827361,51",13.42438646,52.51353179,4952.0,31.0
218474,11,2,2100103.0,2021,12,15,5,3,2,6,0,0,1,0,0,0,0,1,"798505,6502","5825571,536",13.39830882,52.49840118,4548.0,2.0