ObjectID,State,District,LOR_ab_2021,AccidentYear,AccidentMonth,AccidentHour,DayOfWeek,AccidentCategory,AccidentType,AccidentTypeDetail,LightingCondition,InvolvingBike,InvolvingCar,InvolvingPedestrian,InvolvingMotorcycle,InvolvingHGV,InvolvingOther,RoadCondition,GraphicCoord1,GraphicCoord2,LongitudeWGS84,LatitudeWGS84,quadrant,quadrant_rank
218016,11,12,12200414.0,2021,11,14,1,3,3,6,0,0,1,0,0,0,0,0,"791930,3797","5831483,009",13.30691665,52.55495332,3264.0,32.0
218015,11,12,12100204.0,2021,11,7,3,3,5,3,0,0,1,0,0,0,0,1,"794076,4531","5832619,157",13.33948659,52.56398355,3767.0,32.0
218014,11,11,11100203.0,2021,11,16,7,2,0,1,2,0,0,0,1,0,0,1,"806745,753","5833995,125",13.52708985,52.56932554,6469.0,34.0
218013,11,5,5300735.0,2021,10,22,7,3,5,2,2,0,1,0,0,0,0,0,"786568,4913","5830554,251",13.22724605,52.54947433,2063.0,24.0
218012,11,10,10100312.0,2021,10,15,7,2,5,2,0,0,1,0,0,0,0,0,"807670,8435","5830165,945",13.53714809,52.5344868,6658.0,28.0
218011,11,4,4300415.0,2021,11,17,4,3,6,2,2,0,1,1,0,0,0,0,"791057,7445","5826026,654",13.28930439,52.50650463,2950.0,32.0
218010,11,10,10300734.0,2021,11,8,7,3,0,1,0,0,0,0,1,0,0,1,"810264,432","5827079,28",13.57238447,52.5053555,7150.0,30.0
218009,11,1,1100309.0,2021,10,22,1,3,6,4,2,0,1,1,0,0,0,1,"798681,305","5828622,721",13.40362705,52.52565476,4656.0,24.0
218008,11,4,4400728.0,2021,10,14,4,3,3,6,0,0,1,0,0,0,1,0,"790692,1584","5822710,234",13.28103969,52.47696757,2842.0,29.0
218007,11,9,9501737.0,2021,10,8,3,3,0,1,0,0,1,0,1,0,0,1,"814249,8432","5820801,852",13.62499647,52.44682349,7933.0,31.0
218006,11,9,9501737.0,2021,11,19,4,2,5,3,0,1,0,0,1,0,0,1,"814389,9642","5820801,91",13.62705147,52.44674347,7933.0,31.0
218005,11,4,4501148.0,2021,11,19,3,3,6,2,2,0,1,1,0,0,0,1,"792840,653","5823207,393",13.31302029,52.48027672,3342.0,31.0
218004,11,2,2100102.0,2021,10,16,5,3,5,3,0,1,1,0,0,0,0,0,"798253,095","5826076,455",13.39505167,52.50306522,4549.0,29.0
218003,11,8,8100102.0,2021,10,12,5,3,5,3,0,0,1,0,1,0,0,1,"800440,5014","5823171,991",13.42456264,52.47583143,4941.0,31.0
218002,11,7,7200413.0,2021,11,17,6,3,2,6,1,0,1,0,0,0,0,1,"796584,2577","5823887,767",13.3685892,52.48435537,4144.0,28.0
218001,11,5,5100315.0,2021,11,12,2,3,2,2,0,0,1,0,0,0,0,1,"784654,1652","5829705,213",13.19836232,52.54286565,1661.0,28.0
218000,11,9,9401431.0,2021,11,18,4,3,0,1,2,1,0,0,0,0,0,0,"811749,7432","5820487,522",13.58803638,52.44543781,7332.0,33.0
217999,11,3,3601142.0,2021,11,18,2,3,5,2,2,1,1,0,0,0,0,0,"799204,493","5831108,446",13.41355387,52.5476486,4862.0,22.0
217998,11,1,1200627.0,2021,10,9,7,3,0,1,0,0,0,0,1,0,0,0,"795535,4513","5828311,943",13.35711628,52.52458328,3955.0,24.0
217997,11,7,7400721.0,2021,10,14,4,3,2,6,0,0,1,0,0,0,1,0,"797190,4799","5823108,341",13.37679563,52.477039,4242.0,32.0
217996,11,4,4200309.0,2021,10,8,2,3,5,3,0,0,1,0,0,0,0,0,"789112,4857","5827277,363",13.26181026,52.51875196,2554.0,34.0
217995,11,1,1100311.0,2021,10,16,1,3,4,6,0,1,0,0,0,0,1,1,"799736,8387","5827702,917",13.41831032,52.51683091,4853.0,20.0
217994,11,1,1100206.0,2021,11,2,5,3,5,3,2,0,1,0,0,0,0,0,"797892,5135","5827458,585",13.39099207,52.51565129,4453.0,15.0
217993,11,11,11300722.0,2021,11,15,7,3,5,3,1,0,1,0,1,0,0,0,"803429,3776","5828623,855",13.47340154,52.52304327,5655.0,31.0
217992,11,7,7400824.0,2021,10,21,2,3,5,2,2,0,1,0,0,0,1,0,"797851,4918","5821927,723",13.38544545,52.46609599,4338.0,28.0
217991,11,5,5300841.0,2021,10,11,5,1,6,4,0,0,0,1,0,1,0,0,"789363,7155","5829302,783",13.26726524,52.53677704,2659.0,26.0
217990,11,5,5200633.0,2021,11,12,6,3,2,7,0,0,1,0,1,0,0,0,"783780,4504","5826915,792",13.183132,52.51831104,1354.0,34.0
217989,11,3,3400725.0,2021,11,15,4,3,5,2,0,0,1,0,0,0,0,1,"800052,347","5835725,979",13.43019683,52.58857029,5074.0,30.0
217988,11,3,11300617.0,2021,10,18,5,3,5,3,1,1,1,0,0,0,0,0,"802552,2848","5829317,226",13.46114425,52.52974526,5557.0,31.0
217987,11,1,1100310.0,2021,10,18,4,3,1,5,2,1,1,0,0,0,0,1,"799027,0234","5828491,454",13.40858975,52.52428863,4755.0,4.0
217986,11,8,8300935.0,2021,10,22,7,3,2,6,2,0,1,0,0,0,0,0,"802279,9903","5817821,367",13.44672174,52.42685806,5227.0,34.0
217985,11,3,3601450.0,2021,10,8,6,3,5,2,0,1,1,0,0,0,0,0,"802331,1541","5829224,742",13.45781029,52.52903901,5457.0,19.0
217984,11,1,1300733.0,2021,11,19,2,2,2,6,2,0,1,0,1,0,0,0,"797294,9706","5831270,088",13.38562127,52.55014295,4363.0,11.0
217983,11,6,6200313.0,2021,11,17,5,3,6,4,2,0,1,1,0,0,0,1,"795237,1137","5818323,18",13.34388691,52.43520243,3729.0,24.0
217982,11,2,2500835.0,2021,11,6,3,3,0,2,1,0,1,0,1,0,0,0,"802559,1699","5825951,587",13.45818524,52.49957546,5448.0,32.0
217981,11,11,11100203.0,2021,10,10,1,3,5,2,0,0,1,0,1,0,0,0,"806921,9081","5834069,989",13.52975006,52.56989719,6569.0,34.0
217980,11,8,8401243.0,2021,10,14,5,3,5,2,0,0,1,0,1,0,0,0,"805241,4801","5818114,277",13.49040982,52.42783928,5927.0,33.0
217979,11,12,12500927.0,2021,10,14,3,3,5,2,0,1,1,0,0,0,0,1,"791980,3859","5835735,241",13.31139652,52.59304624,3275.0,35.0
217978,11,3,3400721.0,2021,10,8,3,3,0,1,0,0,0,0,1,0,0,1,"798198,637","5833485,306",13.40089973,52.5695053,4669.0,30.0
217977,11,5,5200629.0,2021,11,15,2,3,6,7,0,0,0,1,0,0,1,0,"784247,4382","5828503,777",13.1913532,52.53230585,1558.0,22.0
217976,11,3,3500932.0,2021,11,19,7,3,0,5,2,1,0,0,0,0,1,0,"800958,9572","5832151,595",13.44029522,52.55603207,5265.0,34.0
217975,11,4,4300620.0,2021,11,8,2,3,5,2,0,1,1,0,0,0,0,0,"794175,0708","5827073,661",13.33602753,52.51421852,3652.0,27.0
217974,11,3,3300514.0,2021,10,11,3,3,5,3,0,0,1,0,0,0,0,1,"802074,0119","5836415,567",13.46057699,52.59363209,5576.0,35.0
217973,11,6,6100209.0,2021,10,8,4,3,5,2,0,1,1,0,0,0,0,0,"794613,729","5821341,165",13.33740531,52.46259332,3637.0,33.0
217972,11,6,6200314.0,2021,11,18,7,3,1,5,2,0,1,0,0,0,0,1,"795047,6008","5818123,402",13.34093095,52.43351378,3729.0,24.0
217971,11,3,3601245.0,2021,11,14,1,3,1,5,0,1,1,0,0,0,0,0,"800733,4315","5830634,538",13.43560483,52.54255903,5161.0,33.0
217970,11,8,8100416.0,2021,11,8,3,3,0,7,0,1,1,0,0,0,0,1,"801639,29","5823031,506",13.44203254,52.47391151,5241.0,32.0
217969,11,12,12100101.0,2021,11,13,7,3,1,5,0,1,1,0,0,0,0,0,"795910,7514","5832723,169",13.36656166,52.56392208,4167.0,34.0
217968,11,11,11200410.0,2021,10,11,6,3,5,2,0,0,1,0,1,0,0,0,"805119,8417","5832640,789",13.50192926,52.55810131,6165.0,33.0
217967,11,2,2200210.0,2021,10,2,6,2,0,1,2,0,0,0,1,0,0,1,"798629,3219","5825080,287",13.39968482,52.49393012,4546.0,21.0
217966,11,3,3300514.0,2021,10,14,2,3,6,4,0,0,1,1,0,0,0,0,"800852,8696","5836051,8",13.44227365,52.59104849,5275.0,34.0
217965,11,3,3601346.0,2021,10,23,6,3,1,5,2,1,1,0,0,0,0,0,"799256,6943","5830524,27",13.4137951,52.5423837,4861.0,30.0
217964,11,11,11200410.0,2021,11,9,3,3,2,6,0,0,1,0,0,0,0,1,"806153,2242","5832025,795",13.51655786,52.55200968,6363.0,34.0
217963,11,10,10100316.0,2021,11,8,5,3,5,2,0,1,1,0,0,0,0,0,"810049,5972","5831660,092",13.57350027,52.54652869,7162.0,28.0
217962,11,9,9100304.0,2021,10,14,6,3,5,2,0,1,1,0,0,0,0,0,"804749,5073","5822288,267",13.48700389,52.46552381,5838.0,26.0
217961,11,4,4300623.0,2021,10,14,6,3,2,6,0,1,1,0,0,0,0,0,"792602,105","5826098,357",13.31205674,52.50632134,3250.0,18.0
217960,11,5,5100316.0,2021,10,16,3,2,5,2,0,1,1,0,0,0,0,0,"784785,188","5828822,196",13.19953227,52.53488008,1658.0,9.0
217959,11,11,11200512.0,2021,10,16,3,3,1,5,0,1,0,0,0,0,1,0,"804625,8803","5831131,757",13.493281,52.54485322,5961.0,25.0
217958,11,1,1100310.0,2021,11,8,3,3,0,3,0,1,0,0,1,0,0,1,"799495,558","5828789,066",13.41574317,52.52669911,4856.0,13.0
217957,11,8,8100105.0,2021,10,21,4,3,6,4,2,0,1,1,0,0,0,0,"800921,4304","5821918,317",13.43049149,52.46432957,5038.0,23.0
217956,11,12,12100205.0,2021,10,8,4,3,2,6,0,0,1,0,0,0,0,0,"794545,0082","5834266,719",13.34784239,52.57849934,3871.0,28.0
217955,11,4,4100102.0,2021,10,20,1,3,5,2,2,0,1,0,0,0,0,1,"791131,4395","5829157,434",13.29312735,52.53453253,3058.0,12.0
217954,11,8,8100415.0,2021,11,14,6,3,6,4,0,0,1,1,0,0,0,0,"801404,6943","5823738,602",13.43922814,52.48037888,5143.0,4.0
217953,11,10,11200515.0,2021,11,21,7,3,6,4,2,0,1,1,0,0,0,0,"806292,1149","5830214,913",13.51693025,52.53570218,6359.0,19.0
217952,11,7,7300619.0,2021,11,9,4,3,1,5,0,1,1,0,0,0,0,0,"794671,3473","5821885,202",13.33873132,52.46743925,3639.0,25.0
217951,11,11,11401137.0,2021,11,14,7,3,2,6,0,0,1,0,0,0,0,0,"806845,8315","5826435,88",13.52158287,52.50152252,6449.0,35.0
217950,11,7,7501031.0,2021,10,16,1,3,2,1,0,0,1,0,0,0,0,0,"798792,7775","5819263,235",13.39687626,52.4416982,4531.0,32.0
217949,11,10,10100104.0,2021,10,4,1,3,9,1,2,0,1,0,0,0,0,0,"810237,1918","5833872,594",13.57832561,52.56624903,7268.0,33.0
217948,11,12,12100101.0,2021,11,7,5,3,6,4,0,0,1,1,0,0,0,1,"796688,3055","5832913,379",13.37816924,52.56520394,4267.0,31.0
217947,11,1,1100414.0,2021,11,14,6,3,0,6,0,1,0,0,0,0,1,1,"797369,0494","5829284,307",13.38493317,52.53230241,4358.0,24.0
217946,11,12,12100101.0,2021,10,19,1,3,5,2,2,0,1,0,0,0,0,0,"795784,4258","5832579,025",13.36457493,52.56269862,4067.0,17.0
217945,11,6,6100209.0,2021,10,13,4,3,0,3,0,0,1,0,1,0,0,1,"794752,72","5821230,804",13.33934775,52.46152904,3737.0,26.0
217944,11,4,4501149.0,2021,11,21,5,3,5,2,2,0,1,0,1,0,0,0,"793442,481","5824145,002",13.32268216,52.48835897,3445.0,28.0
217943,11,6,6400838.0,2021,10,12,2,3,5,2,0,1,1,0,0,0,0,0,"787647,7533","5818144,944",13.23240479,52.43764858,2130.0,33.0
217942,11,1,1200628.0,2021,10,14,6,3,2,2,0,0,1,0,0,0,0,0,"795540,1861","5828196,643",13.3570834,52.52354714,3955.0,24.0
217941,11,9,9501736.0,2021,11,7,4,3,5,3,0,0,1,0,0,0,0,1,"812811,5275","5821336,077",13.6044026,52.45243554,7634.0,35.0
217940,11,8,8100206.0,2021,11,14,5,3,6,7,0,0,0,1,0,0,1,0,"800781,7711","5823816,451",13.43015349,52.48142012,5043.0,24.0
217939,11,7,7100102.0,2021,10,7,7,3,0,7,1,0,1,0,0,0,1,0,"795066,8314","5825796,031",13.34799814,52.5022838,3849.0,21.0
217938,11,2,2500832.0,2021,10,18,3,3,6,7,0,1,0,1,0,0,0,0,"803312,5703","5826752,995",13.46997986,52.50634014,5650.0,29.0
217937,11,8,8100314.0,2021,10,15,4,3,4,6,0,0,1,0,0,0,0,0,"800832,7626","5824170,238",13.43122135,52.48456313,5044.0,18.0
217936,11,5,5200524.0,2021,10,18,2,3,2,6,1,0,1,0,0,0,0,0,"779564,4668","5827837,95",13.12193661,52.52875771,457.0,35.0
217935,11,6,6100210.0,2021,11,14,2,3,1,5,0,0,1,0,1,0,0,0,"795060,2477","5820952,306",13.34361488,52.4588665,3736.0,28.0
217934,11,7,7601236.0,2021,10,13,4,2,6,4,0,1,0,1,0,0,0,0,"796422,408","5816577,025",13.35972414,52.41890838,4025.0,34.0
217933,11,3,3501037.0,2021,11,17,1,3,2,6,1,0,1,0,0,0,0,1,"802085,9086","5832803,097",13.45746045,52.5612475,5466.0,28.0
217932,11,4,4300619.0,2021,11,15,4,3,5,2,0,1,1,0,0,0,0,0,"792974,7296","5827558,147",13.31881632,52.51920785,3354.0,32.0
217931,11,9,9301025.0,2021,11,13,7,3,2,6,0,1,1,0,0,0,0,0,"810918,1698","5815533,258",13.57123625,52.40151287,7119.0,35.0
217930,11,3,3400721.0,2021,10,11,7,2,1,5,0,1,1,0,0,0,0,0,"798314,333","5833182,48",13.40232939,52.56672751,4668.0,30.0
217929,11,5,5300736.0,2021,10,14,7,3,4,6,0,1,0,0,0,0,0,0,"786693,7021","5829273,484",13.22798217,52.53792556,2059.0,31.0
217928,11,4,4500939.0,2021,11,19,5,3,1,5,2,1,1,0,0,0,0,1,"792196,7217","5824902,042",13.30505126,52.49581389,3147.0,31.0
217927,11,1,1200628.0,2021,11,6,6,3,0,7,1,0,1,0,0,0,1,1,"796430,4008","5828610,269",13.37053492,52.52677163,4156.0,27.0
217926,11,11,11300721.0,2021,10,13,1,3,1,5,0,1,1,0,0,0,0,0,"804593,5231","5829087,984",13.49093223,52.52655399,5956.0,30.0
217925,11,3,3400620.0,2021,10,16,4,3,5,3,0,1,1,0,0,0,0,1,"796657,1219","5833995,843",13.37867873,52.57492395,4270.0,33.0
217924,11,1,1100415.0,2021,11,11,5,3,2,2,0,0,0,0,1,1,0,0,"797701,712","5829243,391",13.38978625,52.53175407,4458.0,25.0
217923,11,11,11400931.0,2021,11,23,3,3,1,5,2,0,1,0,0,0,0,1,"805713,4218","5827200,458",13.50565423,52.50901053,6151.0,22.0
217922,11,8,8100415.0,2021,10,14,5,3,5,3,0,1,1,0,0,0,0,0,"801152,6025","5823757,831",13.43554468,52.48069031,5143.0,4.0
217921,11,2,2500833.0,2021,10,9,5,3,0,1,0,0,0,0,1,0,0,1,"802077,0318","5827362,027",13.45238404,52.51248438,5352.0,22.0
217920,11,10,10100209.0,2021,10,4,2,3,5,3,2,0,1,0,0,0,0,1,"809975,4982","5832063,059",13.57278714,52.55018203,7163.0,32.0
217919,11,7,7300619.0,2021,11,10,6,3,6,4,0,0,0,1,0,0,1,0,"795110,8042","5821377,992",13.34473315,52.46265523,3737.0,26.0
217918,11,8,8100105.0,2021,11,17,1,3,2,6,2,0,1,0,0,0,0,1,"801070,5302","5821996,594",13.43275018,52.46494905,5038.0,23.0
217917,11,1,1401048.0,2021,11,13,5,3,2,6,0,0,0,0,0,0,1,1,"795319,2782","5831484,193",13.35675868,52.55313693,3964.0,27.0
217916,11,10,10400941.0,2021,11,15,2,3,5,3,0,0,1,0,0,0,1,0,"812402,9075","5824593,998",13.60145897,52.48186428,7543.0,32.0
217915,11,2,2100106.0,2021,10,15,7,3,5,3,0,0,1,0,0,0,1,0,"798581,494","5825563,485",13.39941554,52.49828752,4548.0,2.0
217914,11,4,4200308.0,2021,10,12,5,3,5,2,0,1,1,0,0,0,0,0,"790348,091","5827463,153",13.28013138,52.51976111,2854.0,7.0
217913,11,11,11401032.0,2021,10,6,2,3,5,3,2,1,1,0,0,0,0,2,"806096,7321","5827685,281",13.51173038,52.51314073,6252.0,35.0
217912,11,12,12601235.0,2021,11,6,2,3,5,2,0,1,1,0,0,0,0,0,"795160,7092","5836348,063",13.35875652,52.59682299,3977.0,31.0
217911,11,11,11100204.0,2021,11,11,5,2,5,3,0,0,1,0,0,0,1,0,"806901,0865","5832629,137",13.52811113,52.55699601,6565.0,29.0
217910,11,2,2100102.0,2021,11,11,7,2,5,2,0,1,1,0,0,0,0,0,"798182,9613","5826502,125",13.39440272,52.50691914,4550.0,14.0
217909,11,4,4300622.0,2021,10,19,3,3,1,1,2,0,1,0,0,0,0,0,"792866,5932","5827002,208",13.3167378,52.51428215,3352.0,21.0
217908,11,1,1200623.0,2021,10,1,5,3,1,5,2,1,1,0,0,0,0,0,"794892,9392","5829433,662",13.34866832,52.53498653,3858.0,29.0
217907,11,5,5100208.0,2021,11,17,6,2,5,3,1,0,1,0,1,0,1,0,"782543,5483","5830463,031",13.16796744,52.55075914,1163.0,25.0
217906,11,2,2100104.0,2021,10,20,5,3,5,3,2,1,1,0,0,0,0,0,"799282,1211","5826219,519",13.41029524,52.50378415,4749.0,3.0
217905,11,9,9501838.0,2021,10,15,4,3,2,6,0,0,1,0,0,0,0,1,"820773,5598","5819500,815",13.71941115,52.43137866,9328.0,35.0
217904,11,5,5100101.0,2021,10,10,7,3,2,6,0,0,1,0,0,0,0,1,"785211,1507","5832246,93",13.20873701,52.56536304,1767.0,33.0
217903,11,6,6300632.0,2021,10,8,5,3,5,3,0,0,1,0,0,0,0,0,"791940,5747","5817204,11",13.29455596,52.42693942,3027.0,31.0
217902,11,2,2400623.0,2021,11,13,2,2,5,3,0,1,1,0,0,0,0,0,"801079,069","5827141,481",13.43752333,52.51105933,5151.0,31.0
217901,11,8,8200831.0,2021,11,16,5,3,2,6,2,0,1,0,0,0,0,1,"799877,6988","5816549,057",13.41035633,52.41677544,4724.0,30.0
217900,11,2,2500833.0,2021,11,22,4,3,1,5,2,1,1,0,0,0,0,1,"802702,7378","5826977,899",13.46122677,52.50869461,5551.0,9.0
217899,11,11,11100101.0,2021,10,13,7,2,3,6,0,0,1,0,1,0,0,0,"803910,3261","5834706,165",13.48603509,52.57728863,5871.0,31.0
217898,11,1,1300834.0,2021,10,8,5,3,2,6,0,0,1,0,0,0,0,0,"797842,3871","5830435,23",13.39292217,52.54236051,4461.0,22.0
217897,11,9,9300920.0,2021,10,14,3,2,5,3,0,0,1,0,1,0,0,0,"807748,9459","5817906,375",13.5269814,52.42457145,6426.0,30.0
217896,11,8,8200730.0,2021,11,15,3,3,5,7,0,0,1,0,0,0,1,0,"802301,9997","5818950,085",13.44806489,52.43696283,5330.0,29.0
217895,11,3,3601245.0,2021,11,10,6,3,0,7,0,1,0,0,0,0,0,1,"800599,3816","5831423,605",13.43434827,52.54970556,5163.0,27.0
217894,11,11,11100204.0,2021,11,14,2,3,6,4,0,0,0,1,0,0,1,0,"805828,6754","5833616,667",13.51325201,52.56644973,6268.0,30.0
217893,11,1,1100101.0,2021,10,9,2,3,0,1,0,1,0,0,0,0,0,0,"794663,1649","5826174,052",13.34240298,52.50589065,3750.0,15.0
217892,11,9,9301228.0,2021,10,7,4,3,8,1,0,0,1,0,0,0,0,1,"816479,6106","5810436,685",13.64790515,52.35265845,8205.0,34.0
217891,11,4,4501152.0,2021,10,18,2,3,0,1,1,0,0,0,0,0,1,0,"793965,0302","5824906,185",13.3310275,52.49490148,3547.0,16.0
217890,11,7,7601237.0,2021,11,14,7,3,6,4,0,0,1,1,0,0,0,1,"797535,2824","5816196,77",13.37570229,52.41489587,4223.0,35.0
217889,11,1,1200520.0,2021,11,18,2,3,2,2,2,0,1,0,1,0,0,1,"794428,2703","5829101,148",13.34154288,52.53225699,3758.0,24.0
217888,11,5,5300737.0,2021,11,21,3,3,8,7,2,0,1,0,0,0,0,0,"787973,745","5830390,236",13.24777131,52.54726278,2362.0,33.0
217887,11,1,1100101.0,2021,11,9,6,3,2,6,0,0,1,0,0,0,1,1,"795146,7513","5825900,768",13.34926497,52.50317947,3849.0,21.0
217886,11,8,8401244.0,2021,10,18,6,2,5,2,1,0,1,0,1,0,0,0,"806239,9445","5816367,211",13.50345017,52.41162323,6122.0,28.0
217885,11,8,8200832.0,2021,10,12,1,3,5,5,0,0,1,0,1,0,0,0,"801679,6102","5816731,211",13.43693558,52.41741798,5124.0,32.0
217884,11,10,10300734.0,2021,10,12,7,3,0,7,0,0,1,0,0,0,0,0,"809503,2266","5824347,596",13.55866767,52.48130723,6943.0,35.0
217883,11,3,3601243.0,2021,11,9,3,3,4,6,0,1,1,0,0,0,0,1,"799539,2555","5831519,803",13.41884704,52.55115178,4863.0,23.0
217882,11,3,3400830.0,2021,11,12,5,3,5,3,0,1,1,0,0,0,0,0,"799977,3703","5833095,037",13.42671293,52.56502994,5067.0,34.0
217881,11,7,7400823.0,2021,10,9,7,3,5,3,0,0,1,0,0,0,1,0,"796929,1926","5822277,286",13.37221997,52.4697315,4139.0,23.0
217880,11,3,3501038.0,2021,10,22,6,3,6,4,2,0,0,1,0,0,1,0,"804111,4474","5832395,136",13.48687539,52.55646368,5865.0,34.0
217879,11,9,9300920.0,2021,10,12,3,3,0,2,0,0,1,0,1,0,0,0,"807710,403","5817907,34",13.52641724,52.42460177,6426.0,30.0
217878,11,1,1401046.0,2021,10,8,4,3,5,2,0,1,1,0,0,0,0,0,"794611,7846","5829873,012",13.34492472,52.53907704,3760.0,27.0
217877,11,2,2500726.0,2021,10,19,2,3,1,5,1,1,1,0,0,0,0,1,"801988,8413","5828743,744",13.4523427,52.52491756,5356.0,18.0
217876,11,8,8401241.0,2021,11,10,3,3,5,3,0,0,1,0,1,0,0,1,"804416,0589","5819057,958",13.4791665,52.43675718,5730.0,32.0
217875,11,1,1300834.0,2021,10,6,4,3,6,4,1,0,0,1,1,0,0,1,"797893,1251","5830318,133",13.39356313,52.54128315,4560.0,27.0
217874,11,1,1100310.0,2021,10,9,4,3,6,7,0,0,0,1,0,0,1,0,"799127,9281","5827965,838",13.40959991,52.51952192,4754.0,23.0
217873,11,5,5200527.0,2021,11,17,6,2,6,4,1,0,1,1,0,0,0,0,"783193,0482","5827508,555",13.17500298,52.52393129,1255.0,34.0
217872,11,9,9200512.0,2021,11,10,1,2,5,2,0,0,1,0,0,0,1,1,"809392,214","5821482,659",13.55438171,52.45569511,6835.0,31.0
217871,11,4,4300412.0,2021,11,14,4,3,5,3,0,1,1,0,0,0,0,0,"790687,1344","5827367,326",13.28503043,52.51872139,2854.0,7.0
217870,11,11,11400927.0,2021,11,1,1,3,0,1,2,1,0,0,0,0,0,0,"803714,0735","5826363,12",13.47552167,52.50262243,5749.0,26.0
217869,11,6,6200313.0,2021,10,15,4,2,6,4,0,0,1,1,0,0,0,0,"795210,1916","5818294,215",13.34346646,52.4349573,3729.0,24.0
217868,11,10,10400835.0,2021,10,16,2,3,5,2,0,1,1,0,0,0,0,0,"811197,5968","5827915,575",13.58687057,52.51231843,7352.0,34.0
217867,11,1,1200517.0,2021,10,19,1,3,5,3,2,0,1,0,0,0,0,0,"792602,3762","5828768,165",13.31440897,52.53025517,3357.0,34.0
217866,11,12,12500930.0,2021,11,7,4,3,1,5,0,0,1,0,0,0,1,0,"793286,8662","5835127,377",13.33009012,52.58689417,3574.0,31.0
217865,11,3,3601142.0,2021,11,9,6,3,6,4,0,0,1,1,0,0,0,1,"798933,0735","5831058,971",13.40951853,52.54735414,4762.0,23.0
217864,11,1,1100103.0,2021,10,9,2,3,5,2,0,0,1,0,0,0,0,1,"795176,9751","5825890,894",13.34970019,52.5030746,3849.0,21.0
217863,11,1,1100308.0,2021,10,12,4,3,5,3,0,1,0,0,0,0,1,1,"797060,2986","5828272,642",13.379491,52.52340233,4255.0,28.0
217862,11,4,4100101.0,2021,11,16,5,3,6,4,2,0,1,1,0,0,0,1,"790684,892","5829374,643",13.28675244,52.53671815,2959.0,33.0
217861,11,2,2100106.0,2021,11,14,4,2,0,3,0,0,1,0,1,0,0,1,"799979,298","5825437,381",13.41983134,52.49639067,4847.0,29.0
217860,11,8,8100314.0,2021,10,9,5,2,6,2,0,0,0,1,1,0,0,0,"801147,2194","5823779,734",13.43548543,52.48088961,5143.0,4.0
217859,11,9,9100101.0,2021,10,6,5,2,6,4,2,1,0,1,0,0,0,1,"801987,5279","5824639,365",13.44860032,52.48813053,5345.0,30.0
217858,11,1,1100102.0,2021,10,11,6,2,0,1,0,0,0,0,1,0,0,0,"796640,5332","5826650,905",13.3718762,52.50909365,4151.0,21.0
217857,11,1,1300836.0,2021,11,19,2,3,1,5,1,1,1,0,0,0,0,0,"796501,3024","5829912,379",13.37273847,52.53840513,4159.0,35.0
217856,11,4,4300518.0,2021,11,17,5,3,6,2,2,0,1,1,0,0,0,1,"792078,7908","5828568,806",13.3065373,52.52874877,3257.0,31.0
217855,11,1,1100102.0,2021,11,7,2,3,0,2,1,1,1,0,0,0,0,1,"796971,4357","5826593,615",13.37668647,52.50840008,4251.0,5.0
217854,11,11,11400931.0,2021,10,17,7,3,5,7,0,1,1,0,0,0,0,0,"806602,8636","5827292,152",13.5188032,52.50933317,6351.0,31.0
217853,11,7,7200413.0,2021,10,8,5,3,5,3,0,1,1,0,0,0,0,0,"796273,0966","5823230,042",13.36343586,52.47862837,4042.0,30.0
217852,11,2,2400624.0,2021,10,8,3,2,0,2,0,0,1,0,1,0,0,1,"801905,4019","5827397,113",13.44989447,52.51289388,5352.0,22.0
217851,11,4,4501044.0,2021,11,17,2,3,6,7,2,0,1,1,0,0,0,1,"793224,3217","5825343,546",13.3205333,52.4992207,3448.0,24.0
217850,11,2,2100103.0,2021,11,19,5,3,0,4,2,0,0,1,1,0,0,1,"798735,5515","5826189,199",13.40223951,52.50381189,4649.0,32.0
217849,11,12,12400616.0,2021,11,10,7,3,5,3,0,0,1,0,0,0,0,1,"786244,9195","5834743,86",13.22610274,52.587207,2074.0,35.0
217848,11,1,1100415.0,2021,10,10,3,3,6,4,0,0,1,1,0,0,0,1,"798443,8846","5829148,656",13.40060993,52.53049905,4657.0,7.0
217847,11,8,8100209.0,2021,11,13,5,3,5,3,0,1,1,0,0,0,0,0,"801346,6154","5822037,425",13.4368387,52.46516285,5138.0,32.0
217846,11,10,10100315.0,2021,10,19,5,2,6,4,2,0,0,1,0,0,1,0,"809688,4767","5831497,063",13.56803984,52.54527309,7161.0,31.0
217845,11,6,6200313.0,2021,10,18,6,3,6,2,1,0,1,1,0,0,0,1,"795346,9883","5818439,782",13.34560149,52.43618837,3730.0,21.0
217844,11,4,4300412.0,2021,10,16,6,3,2,6,0,0,1,0,0,0,0,1,"791385,4258","5827474,84",13.29538675,52.51931257,3054.0,27.0
217843,11,2,2300316.0,2021,10,20,6,3,5,2,2,1,1,0,0,0,0,0,"801163,2414","5825950,953",13.43768295,52.50034193,5148.0,29.0