ObjectID,State,District,LOR_ab_2021,AccidentYear,AccidentMonth,AccidentHour,DayOfWeek,AccidentCategory,AccidentType,AccidentTypeDetail,LightingCondition,InvolvingBike,InvolvingCar,InvolvingPedestrian,InvolvingMotorcycle,InvolvingHGV,InvolvingOther,RoadCondition,GraphicCoord1,GraphicCoord2,LongitudeWGS84,LatitudeWGS84,quadrant,quadrant_rank
217492,11,6,6200421.0,2021,10,17,5,3,2,6,0,0,1,0,0,0,0,0,"793344,9218","5817703,876",13.31558935,52.43066859,3328.0,28.0
217491,11,5,5200629.0,2021,10,15,5,3,5,3,0,1,1,0,0,0,0,1,"784451,491","5828665,447",13.19449165,52.53364893,1558.0,22.0
217490,11,11,11100101.0,2021,10,7,6,3,5,3,0,0,1,0,0,0,0,0,"806094,9247","5834574,408",13.51805179,52.5748835,6370.0,34.0
217489,11,7,7501133.0,2021,11,6,2,3,5,2,2,0,1,0,0,0,1,1,"798365,9447","5818414,757",13.38985787,52.4343256,4429.0,30.0
217488,11,12,12400720.0,2021,11,16,5,2,5,3,2,1,1,0,0,0,0,1,"789641,7935","5839723,212",13.28046123,52.63004866,2886.0,32.0
217487,11,7,7400721.0,2021,11,12,3,3,3,6,0,0,1,0,1,0,0,0,"798266,6729","5823970,523",13.39336576,52.48418075,4544.0,28.0
217486,11,9,9100306.0,2021,10,7,6,3,6,7,1,0,0,1,0,0,1,0,"804294,2863","5820116,452",13.47834448,52.44631203,5733.0,34.0
217485,11,10,10100311.0,2021,10,11,5,3,2,1,0,0,1,0,0,0,0,0,"806488,3372","5829477,297",13.51913411,52.52898123,6357.0,30.0
217484,11,8,8100314.0,2021,10,18,2,3,5,2,2,0,0,0,1,0,0,0,"800354,4046","5824333,67",13.42434531,52.48629139,4944.0,15.0
217483,11,5,5100315.0,2021,10,15,1,3,2,6,0,0,1,0,0,0,1,0,"784333,593","5830127,742",13.19400969,52.54682145,1562.0,23.0
217482,11,1,1300733.0,2021,11,1,5,3,5,2,2,0,1,0,0,0,0,0,"797170,1409","5831905,071",13.38435404,52.55590292,4365.0,7.0
217481,11,1,1100416.0,2021,11,13,1,3,5,3,0,0,1,0,0,0,0,1,"798931,1762","5829608,377",13.40818547,52.53435278,4758.0,32.0
217480,11,4,4501042.0,2021,10,17,2,2,5,2,0,1,1,0,0,0,0,0,"793968,9948","5826164,308",13.33219632,52.50617777,3550.0,10.0
217479,11,6,6200311.0,2021,10,17,3,3,2,6,0,0,1,0,0,0,0,1,"796602,1964","5818373,827",13.36395349,52.43491792,4029.0,33.0
217478,11,1,1100102.0,2021,11,18,5,3,2,6,2,0,1,0,1,0,0,0,"795237,9283","5826689,143",13.35130351,52.51019733,3851.0,23.0
217477,11,4,4100101.0,2021,10,8,5,3,5,2,0,1,1,0,0,0,0,0,"793355,7609","5829670,942",13.32628004,52.5379432,3559.0,17.0
217476,11,10,10100312.0,2021,10,16,6,2,5,3,0,0,1,0,0,0,0,1,"807841,2039","5829077,774",13.53864424,52.5246385,6655.0,32.0
217475,11,1,1100101.0,2021,10,10,7,3,5,3,0,0,1,0,0,0,1,0,"795324,7405","5826262,234",13.35220021,52.50632342,3850.0,16.0
217474,11,1,1100308.0,2021,10,15,6,3,0,2,0,1,1,0,0,0,0,0,"797013,7313","5828942,383",13.37940488,52.52943118,4257.0,21.0
217473,11,6,6400737.0,2021,11,19,2,3,5,2,2,0,0,0,0,1,1,1,"784819,1199","5815922,887",13.18901364,52.41920553,1425.0,33.0
217472,11,10,10400837.0,2021,11,16,5,3,2,2,1,1,1,0,0,0,0,1,"810306,174","5826003,977",13.57199561,52.49569537,7147.0,35.0
217471,11,9,9301025.0,2021,11,10,4,3,6,7,0,0,1,1,0,0,0,0,"811296,4728","5816172,077",13.57737269,52.40702284,7221.0,35.0
217470,11,4,4501043.0,2021,10,2,1,3,1,5,2,0,1,0,0,0,1,0,"792470,3158","5825282,621",13.30940404,52.49907915,3248.0,17.0
217469,11,1,1200520.0,2021,10,8,2,2,0,1,0,1,0,0,0,0,0,1,"794543,6998","5829042,897",13.34318804,52.53167245,3758.0,24.0
217468,11,7,7400927.0,2021,10,3,4,3,5,3,2,1,1,0,0,0,0,0,"798476,5658","5821909,468",13.39460309,52.46559125,4538.0,31.0
217467,11,10,10200421.0,2021,11,11,6,3,5,2,0,0,1,0,0,0,0,1,"812195,2044","5830919,408",13.60434311,52.53866616,7660.0,31.0
217466,11,5,5100101.0,2021,11,12,2,3,6,7,0,0,0,1,0,0,1,1,"785331,2205","5832501,649",13.21072273,52.56758388,1768.0,34.0
217465,11,11,11100203.0,2021,10,23,3,2,9,7,2,0,1,0,0,0,0,1,"807728,3831","5833693,874",13.54126303,52.56607121,6768.0,34.0
217464,11,4,4200311.0,2021,11,19,7,2,6,4,2,0,1,1,0,0,0,1,"789925,1236","5825062,24",13.2718238,52.49846156,2648.0,33.0
217463,11,1,1300733.0,2021,11,19,1,3,5,2,1,1,1,0,0,0,0,1,"797164,2442","5831923,911",13.38428419,52.55607501,4365.0,7.0
217462,11,11,11501341.0,2021,11,15,4,2,0,1,0,1,0,0,0,0,0,0,"806358,3083","5824417,427",13.51256724,52.48370645,6243.0,34.0
217461,11,7,7100103.0,2021,11,14,6,3,6,7,0,1,0,1,0,0,0,0,"795662,5829","5824973,103",13.35601886,52.49458443,3947.0,30.0
217460,11,8,8301036.0,2021,10,16,6,3,0,5,0,0,1,0,0,0,1,0,"803562,7757","5817816,557",13.46552583,52.42610478,5527.0,32.0
217459,11,4,4300623.0,2021,10,14,7,2,0,1,0,1,0,0,0,0,0,0,"792649,47","5826097,044",13.31275145,52.50628417,3350.0,18.0
217458,11,9,9300922.0,2021,10,21,7,3,5,3,2,0,1,0,0,0,0,0,"808176,3678","5815758,559",13.53126996,52.40508178,6520.0,32.0
217457,11,2,2200208.0,2021,11,20,3,3,5,3,2,1,0,0,0,0,1,0,"797831,7117","5824902,564",13.3878123,52.49277285,4446.0,18.0
217456,11,9,9200511.0,2021,11,19,5,3,6,2,2,0,1,1,0,0,0,1,"806623,6038","5822055,382",13.51429061,52.46238818,6337.0,29.0
217455,11,8,8100104.0,2021,10,13,7,3,2,6,0,1,1,0,0,0,0,0,"800823,2679","5822596,951",13.42966273,52.47046646,5040.0,25.0
217454,11,4,4300415.0,2021,10,15,6,2,4,2,0,1,1,0,0,0,0,0,"790787,1613","5826106,985",13.28539912,52.50736909,2850.0,20.0
217453,11,6,6200313.0,2021,10,14,4,3,2,6,0,0,1,0,0,0,0,0,"795383,3709","5818429,033",13.34612564,52.43607237,3830.0,32.0
217452,11,9,9401329.0,2021,10,12,3,2,3,6,0,1,0,0,0,0,1,0,"813703,0807","5818872,649",13.61516734,52.42984967,7828.0,34.0
217451,11,5,5100313.0,2021,11,17,4,3,2,6,2,0,1,0,0,1,0,0,"785349,3009","5830145,067",13.20896272,52.5464457,1762.0,26.0
217450,11,5,5100104.0,2021,11,15,3,3,5,2,1,0,1,0,1,0,0,1,"785204,3796","5831256,454",13.20778607,52.55648614,1765.0,29.0
217449,11,10,10400939.0,2021,10,12,4,3,5,3,0,0,1,0,0,0,0,0,"812270,9006","5827750,853",13.60248054,52.51022899,7651.0,35.0
217448,11,9,9501736.0,2021,10,18,4,2,5,3,1,1,1,0,0,0,0,0,"812506,469","5821294,466",13.5998891,52.45223713,7534.0,34.0
217447,11,8,8100311.0,2021,11,20,6,3,1,5,2,1,1,0,0,0,0,1,"800551,9008","5824572,015",13.42746001,52.48831908,5045.0,24.0
217446,11,1,1100206.0,2021,11,3,7,2,0,7,2,0,1,0,0,0,0,0,"797527,3616","5827550,12",13.38570865,52.51667112,4353.0,25.0
217445,11,3,3300514.0,2021,11,15,4,3,1,5,0,1,0,0,0,0,1,1,"801610,8423","5836203,854",13.4535673,52.59199158,5375.0,35.0
217444,11,12,12200308.0,2021,11,17,1,3,5,3,2,0,1,0,0,0,0,0,"792576,291","5833283,27",13.31800399,52.57074527,3369.0,31.0
217443,11,9,9100408.0,2021,10,9,7,2,0,3,0,1,0,0,0,0,1,0,"806625,7374","5820410,953",13.51281196,52.44764903,6233.0,34.0
217442,11,8,8401241.0,2021,10,12,5,3,2,6,0,0,1,0,0,0,0,0,"804039,4188","5819189,79",13.47376289,52.43814827,5730.0,32.0
217441,11,5,5100312.0,2021,10,15,2,3,5,2,0,0,1,0,0,0,1,0,"784605,3116","5830949,821",13.19871059,52.5540503,1664.0,24.0
217440,11,4,4200206.0,2021,10,15,1,3,0,6,0,1,1,0,0,0,0,0,"785811,5614","5825560,539",13.21182052,52.50509928,1850.0,35.0
217439,11,10,10100315.0,2021,11,9,5,3,5,3,0,1,1,0,0,0,0,0,"809921,5604","5831425,786",13.57139954,52.54450181,7161.0,31.0
217438,11,2,2100104.0,2021,11,13,6,3,2,6,0,0,1,0,0,0,0,1,"799063,2577","5826452,391",13.40728956,52.50599152,4750.0,30.0
217437,11,7,7501029.0,2021,10,15,1,2,5,2,0,0,1,0,1,0,0,0,"797567,4749","5819724,343",13.37931331,52.4464997,4233.0,29.0
217436,11,8,8100102.0,2021,10,17,5,3,0,4,0,1,0,1,0,0,0,1,"800481,8592","5823566,988",13.42552566,52.4793492,4942.0,9.0
217435,11,4,4200308.0,2021,11,15,5,2,5,7,0,0,1,0,0,0,0,0,"790302,3738","5827712,922",13.27967749,52.52202464,2855.0,28.0
217434,11,6,6400842.0,2021,11,8,4,3,5,3,0,0,1,0,0,0,1,0,"789616,7247","5819794,879",13.2627194,52.45140179,2534.0,35.0
217433,11,11,11300721.0,2021,10,9,5,3,2,6,0,0,1,0,0,0,0,0,"804164,006","5829854,544",13.48532184,52.53366415,5858.0,31.0
217432,11,12,12500926.0,2021,10,14,5,3,5,3,0,0,1,0,1,0,0,1,"793432,049","5836093,955",13.33308317,52.59548061,3676.0,28.0
217431,11,1,1200517.0,2021,10,10,6,3,5,3,0,1,1,0,0,0,0,0,"793522,9213","5829121,3",13.32825216,52.53292594,3558.0,28.0
217430,11,11,11501341.0,2021,11,3,2,2,0,1,2,0,0,0,1,0,0,1,"807230,8513","5824132,037",13.52511307,52.48065852,6443.0,27.0
217429,11,6,6400737.0,2021,11,14,5,3,5,3,0,0,1,0,0,0,0,1,"786980,967","5817343,545",13.22193481,52.43081364,1928.0,34.0
217428,11,1,1100207.0,2021,11,9,3,3,0,6,0,1,1,0,0,0,0,0,"798887,7606","5826816,385",13.40503839,52.50935039,4651.0,27.0
217427,11,10,10400837.0,2021,10,12,1,3,5,3,0,1,1,0,0,0,0,0,"810625,4379","5825649,902",13.57635319,52.49234074,7246.0,34.0
217426,11,9,9100306.0,2021,10,7,5,2,5,3,0,0,1,0,0,0,0,0,"803092,139","5820939,82",13.46145778,52.45435959,5535.0,32.0
217425,11,4,4200309.0,2021,10,15,3,3,5,2,0,0,1,0,1,0,0,0,"789001,2995","5826835,346",13.25979222,52.51484808,2553.0,24.0
217424,11,8,8200832.0,2021,11,15,3,2,5,2,0,0,1,0,0,0,0,0,"800308,5856","5816747,852",13.41685143,52.41832111,4824.0,30.0
217423,11,5,5200631.0,2021,11,13,5,3,6,7,0,0,0,1,0,0,1,1,"784923,1964","5827541,283",13.20046364,52.52332331,1655.0,31.0
217422,11,1,1100313.0,2021,11,16,1,3,5,3,1,1,1,0,0,0,0,1,"799894,6463","5826511,669",13.41955557,52.50606651,4850.0,21.0
217421,11,1,1100206.0,2021,10,22,2,3,0,4,2,0,0,1,0,0,1,0,"797685,2449","5827905,76",13.38834675,52.51977285,4454.0,31.0
217420,11,7,7100205.0,2021,10,10,5,3,5,3,0,1,1,0,0,0,0,0,"796286,2593","5825323,78",13.3654905,52.49738973,4047.0,24.0
217419,11,10,10200524.0,2021,10,11,2,1,6,7,0,0,0,1,0,0,1,0,"812421,9804","5830373,551",13.6071628,52.53364474,7658.0,32.0
217418,11,4,4500937.0,2021,11,8,2,2,5,2,0,0,1,0,0,0,0,0,"790959,8834","5824829,839",13.2868209,52.49582737,2947.0,14.0
217417,11,1,1300836.0,2021,11,17,4,3,1,5,1,1,1,0,0,0,0,0,"796521,8269","5829892,919",13.37302284,52.53821953,4259.0,30.0
217416,11,12,12200412.0,2021,11,8,6,3,0,1,0,0,0,0,1,0,0,1,"789269,644","5833658,856",13.26967846,52.57587984,2670.0,33.0
217415,11,12,12400723.0,2021,10,17,2,3,5,3,0,1,1,0,0,0,0,1,"791424,0861","5838766,246",13.30587649,52.62051649,3283.0,33.0
217414,11,11,11501340.0,2021,10,7,4,3,5,2,0,1,1,0,0,0,0,0,"807321,4363","5824797,328",13.52705605,52.48656998,6444.0,32.0
217413,11,12,12500824.0,2021,11,13,4,3,6,4,0,0,0,1,1,0,0,1,"791394,5991","5835538,379",13.30260012,52.5915956,3175.0,33.0
217412,11,1,1100312.0,2021,11,17,3,3,5,2,2,1,1,0,0,0,0,1,"799212,9045","5826986,872",13.40996824,52.51070032,4751.0,30.0
217411,11,1,1200627.0,2021,10,21,4,2,0,1,2,0,0,0,0,0,1,0,"795642,8211","5828488,41",13.35885116,52.52610694,3956.0,30.0
217410,11,5,5100208.0,2021,10,5,5,3,2,6,2,0,1,0,0,0,0,1,"781165,3738","5830801,745",13.14798209,52.55450941,864.0,32.0
217409,11,1,1200628.0,2021,10,15,6,3,0,2,0,0,1,0,0,0,1,0,"796254,54","5828498,282",13.36785047,52.52586337,4156.0,27.0
217408,11,4,4200308.0,2021,11,8,2,3,0,1,0,0,0,0,1,0,0,1,"790223,0393","5828155,924",13.27889808,52.52603842,2856.0,34.0
217407,11,12,12601236.0,2021,11,18,5,3,6,2,2,0,1,1,0,0,0,1,"794411,2819","5836222,837",13.34761279,52.59610669,3876.0,24.0
217406,11,11,11300722.0,2021,11,17,2,3,1,5,2,1,1,0,0,0,0,0,"803980,6651","5828400,4",13.48129786,52.52073347,5854.0,29.0
217405,11,10,10100205.0,2021,10,9,6,3,0,2,0,1,1,0,0,0,0,0,"807609,3662","5832375,49",13.53829067,52.55432327,6664.0,30.0
217404,11,9,9300920.0,2021,10,9,5,3,5,3,0,1,0,0,0,1,0,0,"807565,9618","5815411,138",13.5220062,52.40231126,6420.0,35.0
217403,11,3,3200308.0,2021,10,22,2,3,5,3,2,1,1,0,0,0,0,0,"799064,1495","5837540,484",13.41729228,52.60537847,4879.0,32.0
217402,11,5,5300736.0,2021,11,14,2,3,5,2,0,1,1,0,0,0,0,1,"786104,2451","5829154,47",13.21921239,52.53716831,1959.0,28.0
217401,11,2,2500833.0,2021,11,22,6,3,5,3,2,0,1,0,0,0,0,0,"802847,5366","5826942,46",13.46332154,52.50829662,5551.0,9.0
217400,11,4,4300624.0,2021,11,23,7,3,0,5,2,0,1,0,0,0,1,0,"792810,0349","5826091,964",13.31510593,52.50615248,3350.0,18.0
217399,11,7,7400720.0,2021,10,4,3,3,1,7,2,0,1,0,0,0,0,0,"796662,3631","5823539,967",13.36942653,52.48119524,4143.0,35.0
217398,11,10,10200421.0,2021,10,8,4,3,3,6,0,0,1,0,0,1,0,0,"812216,5672","5830895,141",13.60463427,52.53843646,7659.0,23.0
217397,11,11,11300722.0,2021,10,15,1,3,5,2,0,0,1,0,0,0,0,0,"804248,7531","5828690,781",13.48550249,52.52318653,5855.0,27.0
217396,11,7,7601339.0,2021,11,11,6,3,1,5,0,0,1,0,0,0,0,0,"795612,9446","5816073,925",13.34741156,52.4148362,3823.0,25.0
217395,11,5,5100314.0,2021,10,15,5,3,6,4,0,0,1,1,0,0,0,0,"785187,3616","5829672,823",13.20617561,52.54229641,1761.0,30.0
217394,11,8,8200833.0,2021,10,15,6,2,5,3,0,1,1,0,0,0,0,1,"802523,8982","5816823,147",13.44939541,52.41777603,5324.0,35.0
217393,11,8,8200726.0,2021,10,14,6,3,5,3,0,0,1,0,0,0,0,1,"801266,031","5819825,029",13.43366003,52.44537687,5132.0,30.0
217392,11,9,9200510.0,2021,10,15,6,3,0,1,0,1,0,0,0,0,0,0,"805654,1836","5824202,802",13.50203374,52.48217748,6143.0,32.0
217391,11,4,4500938.0,2021,11,16,2,3,0,4,0,1,0,1,0,0,0,0,"791839,1752","5824923,85",13.29981862,52.4962007,3147.0,31.0
217390,11,9,9100407.0,2021,11,9,5,2,0,7,0,0,0,0,0,0,1,0,"806385,6512","5821047,171",13.50987393,52.45348566,6235.0,29.0
217389,11,2,2100104.0,2021,11,10,5,3,5,2,0,1,1,0,0,0,0,1,"799293,1206","5826222,582",13.41045956,52.50380558,4749.0,3.0
217388,11,12,12200309.0,2021,10,14,1,2,5,3,0,1,1,0,0,0,0,0,"793232,5482","5832405,46",13.32688346,52.56252305,3567.0,8.0
217387,11,9,9100306.0,2021,10,18,3,3,2,2,2,0,1,0,0,0,0,0,"804496,4049","5819983,815",13.48118834,52.44501071,5832.0,34.0
217386,11,1,1100102.0,2021,10,11,4,3,5,5,0,1,1,0,0,0,0,0,"796341,8805","5826794,059",13.36761603,52.51053921,4151.0,21.0
217385,11,7,7601238.0,2021,11,14,2,3,6,2,0,0,1,1,0,0,0,0,"797385,0328","5817460,101",13.37462248,52.42630215,4227.0,35.0
217384,11,5,5300840.0,2021,10,8,3,3,5,3,0,0,1,0,1,0,0,1,"788946,8395","5829017,855",13.2608883,52.53444377,2558.0,35.0
217383,11,6,6300630.0,2021,11,16,7,3,2,7,1,0,1,0,0,0,0,0,"793317,0997","5818155,113",13.31557716,52.43472875,3329.0,33.0
217382,11,8,8100103.0,2021,11,12,2,3,5,3,0,0,1,0,0,0,1,0,"800615,7216","5823134,508",13.42710095,52.47539904,5041.0,23.0
217381,11,2,2200213.0,2021,11,10,3,3,5,7,0,1,1,0,0,0,0,1,"799833,5929","5824983,359",13.41728287,52.49240112,4846.0,30.0
217380,11,7,7601339.0,2021,11,16,1,3,5,2,1,0,1,0,0,0,0,0,"795809,1168","5816026,344",13.35024548,52.41430368,3823.0,25.0
217379,11,7,7601443.0,2021,10,12,7,3,5,3,0,0,1,0,0,0,0,0,"799944,2112","5815843,747",13.41069939,52.41041683,4722.0,35.0
217378,11,3,3701554.0,2021,10,2,1,3,0,7,2,1,0,0,0,0,0,0,"799190,4572","5830048,402",13.41239279,52.53815466,4759.0,29.0
217377,11,8,8100417.0,2021,11,14,3,3,5,3,0,0,1,0,0,0,1,0,"802247,3942","5823049,667",13.4509748,52.47373815,5341.0,26.0
217376,11,5,5100312.0,2021,11,16,5,3,6,2,2,0,1,1,0,0,0,1,"784612,6459","5830966,648",13.1988329,52.55419733,1664.0,24.0
217375,11,12,12400723.0,2021,10,23,1,2,1,1,2,0,1,0,0,0,0,0,"791939,7626","5839008,22",13.31368593,52.62240885,3384.0,29.0
217374,11,2,2300316.0,2021,10,14,6,3,5,2,0,1,1,0,0,0,0,0,"800733,107","5826532,251",13.43189047,52.50578948,5050.0,20.0
217373,11,8,8200730.0,2021,10,8,4,3,5,2,0,1,1,0,0,0,0,1,"801398,5931","5819152,925",13.43499839,52.43927952,5130.0,32.0
217372,11,3,3601449.0,2021,10,15,3,3,3,6,0,1,0,0,0,0,0,0,"801211,3119","5830364,016",13.44238496,52.53987036,5260.0,30.0
217371,11,4,4501153.0,2021,11,15,4,3,5,3,0,1,1,0,0,0,0,1,"794188,4024","5823674,999",13.33322134,52.48374419,3643.0,34.0
217370,11,1,1400938.0,2021,11,11,3,3,2,6,0,0,1,0,0,0,0,1,"794787,8813","5831345,088",13.34882019,52.55217783,3864.0,32.0
217369,11,6,6300629.0,2021,10,9,4,3,2,2,0,0,1,1,0,0,0,0,"791750,377","5819297,245",13.29359348,52.44580593,3032.0,24.0
217368,11,2,2300315.0,2021,10,12,6,3,3,5,0,1,1,0,0,0,0,1,"800314,5749","5825823,779",13.42510363,52.49966973,4948.0,21.0
217367,11,1,1300835.0,2021,11,13,6,3,5,3,0,0,1,0,0,0,0,1,"797153,3202","5830368,225",13.38273144,52.54213611,4361.0,31.0
217366,11,8,8100209.0,2021,11,9,2,3,0,3,0,1,1,0,0,0,0,0,"801750,5076","5822054,743",13.44278161,52.46509517,5238.0,21.0
217365,11,4,4501043.0,2021,11,10,5,3,5,2,0,1,1,0,0,0,0,1,"792870,4637","5824336,863",13.31445041,52.49038611,3345.0,25.0
217364,11,1,1100310.0,2021,11,8,2,3,5,2,0,1,0,0,1,0,0,0,"798655,2745","5828142,33",13.40281311,52.52136298,4654.0,17.0
217363,11,6,6300631.0,2021,10,15,6,3,5,2,0,1,1,0,0,0,0,0,"791485,6249","5816162,411",13.28697622,52.41784302,2924.0,33.0
217362,11,3,3400829.0,2021,10,12,5,3,5,3,0,1,1,0,0,0,0,0,"799767,0416","5832816,615",13.42336766,52.56265021,4967.0,31.0
217361,11,9,9502043.0,2021,10,7,2,3,5,3,1,1,1,0,0,0,0,1,"811617,8012","5823212,548",13.5886446,52.46993315,7439.0,35.0
217360,11,6,6100210.0,2021,11,8,2,3,5,3,0,0,1,0,1,0,0,0,"795124,2674","5821277,195",13.34484162,52.46174437,3737.0,26.0
217359,11,7,7601546.0,2021,11,17,4,3,0,1,2,0,0,0,1,0,0,0,"798543,5282","5814420,561",13.38889937,52.39842508,4419.0,30.0
217358,11,1,1200522.0,2021,11,19,6,3,5,2,2,1,1,0,0,0,0,0,"794554,5093","5828335,867",13.34272054,52.52532858,3756.0,11.0
217357,11,1,1100308.0,2021,10,12,2,3,6,4,0,0,1,1,0,0,0,0,"796685,1219","5828762,897",13.3744148,52.52800122,4256.0,27.0
217356,11,2,2200210.0,2021,10,19,5,3,2,6,2,0,1,0,0,0,0,1,"798307,989","5825465,621",13.39531085,52.49755986,4548.0,2.0
217355,11,10,10100312.0,2021,11,6,6,3,5,2,1,0,1,0,0,0,0,0,"807669,9773","5830165,947",13.53713536,52.5344873,6658.0,28.0
217354,11,5,5100315.0,2021,11,13,4,3,5,2,0,0,1,0,0,0,1,1,"784357,7545","5830002,224",13.19425757,52.54568344,1562.0,23.0
217353,11,3,3701556.0,2021,10,18,4,3,6,4,0,0,1,1,0,0,0,0,"799358,9407","5829198,52",13.41410405,52.53044426,4857.0,33.0
217352,11,5,5200420.0,2021,10,14,6,3,5,3,0,0,1,0,0,0,1,1,"782825,6588","5828572,346",13.1705073,52.53366029,1158.0,30.0
217351,11,8,8100311.0,2021,10,20,5,3,1,5,2,0,1,0,1,0,0,0,"800861,3655","5824540,501",13.43197551,52.48786616,5045.0,24.0
217350,11,6,6100205.0,2021,11,18,2,2,5,2,2,0,1,0,1,0,0,0,"795328,7472","5819981,051",13.34669615,52.45001478,3834.0,26.0
217349,11,1,1401043.0,2021,11,18,5,3,6,2,2,0,1,1,0,0,0,1,"795671,3477","5830924,29",13.36143774,52.54792692,4062.0,25.0
217348,11,1,1401048.0,2021,11,10,4,3,5,2,0,1,0,0,0,1,0,0,"795503,5533","5831613,014",13.35958335,52.55419174,4064.0,31.0
217347,11,2,2500833.0,2021,10,20,7,3,5,3,2,0,1,0,1,0,0,0,"802847,0633","5826941,074",13.46331332,52.50828445,5551.0,9.0
217346,11,7,7400720.0,2021,10,5,5,3,5,2,2,0,0,0,1,0,1,0,"797301,669","5822601,781",13.37797642,52.47243769,4240.0,33.0
217345,11,1,1200520.0,2021,10,11,3,3,1,6,0,0,1,0,1,0,0,0,"794548,2604","5828949,154",13.34317201,52.53082965,3757.0,25.0
217344,11,4,4501148.0,2021,11,14,2,3,5,2,0,0,1,0,0,0,0,1,"793347,4853","5823073,35",13.32034406,52.47880304,3442.0,26.0
217343,11,9,9401534.0,2021,11,15,5,3,5,2,1,1,1,0,0,0,0,0,"811350,5421","5819942,821",13.58167423,52.4407839,7331.0,26.0
217342,11,10,10200629.0,2021,11,16,7,3,5,2,2,0,1,0,0,0,0,0,"811312,0858","5828506,006",13.58910456,52.51754415,7453.0,34.0
217341,11,5,5200632.0,2021,10,15,3,3,0,1,0,0,0,0,1,0,0,1,"785073,3101","5828380,205",13.2033895,52.53076658,1657.0,34.0
217340,11,8,8100310.0,2021,11,18,7,3,6,2,2,0,1,1,0,0,0,1,"801062,0665","5824921,818",13.4352669,52.49117337,5146.0,24.0
217339,11,1,1100102.0,2021,11,13,1,2,6,4,0,0,1,1,0,0,0,1,"795651,4871","5826679,854",13.35737127,52.50989007,3951.0,32.0
217338,11,2,2300314.0,2021,10,17,5,3,3,5,0,1,1,0,0,0,0,0,"799729,4679","5826074,203",13.41673538,52.50223606,4849.0,21.0
217337,11,8,8100312.0,2021,10,16,6,3,2,6,0,0,1,0,0,0,0,1,"801075,4064","5824915,783",13.43545733,52.49111191,5146.0,24.0
217336,11,10,10100206.0,2021,10,16,2,2,6,4,0,0,1,1,0,0,0,0,"809338,2855","5832705,917",13.56401832,52.55630527,7065.0,33.0
217335,11,9,9200512.0,2021,10,17,6,3,1,5,0,0,1,0,0,0,0,0,"809265,5747","5821525,335",13.55256345,52.45614923,6835.0,31.0
217334,11,8,8401242.0,2021,11,11,4,3,5,3,0,0,1,0,0,0,0,0,"805253,3894","5817246,666",13.48979277,52.42005651,5925.0,27.0
217333,11,7,7501029.0,2021,11,19,5,3,2,2,2,0,1,0,0,0,0,1,"797348,1111","5818665,438",13.37515294,52.43712696,4230.0,25.0
217332,11,2,2100106.0,2021,10,22,6,3,5,3,2,0,1,0,0,0,0,0,"799575,5867","5825656,53",13.41409943,52.49857675,4848.0,7.0
217331,11,7,7400927.0,2021,10,10,3,3,0,6,0,0,1,0,1,0,0,0,"798903,2183","5821691,358",13.40066943,52.46340294,4638.0,31.0
217330,11,7,7300619.0,2021,10,21,3,3,5,3,2,1,1,0,0,0,0,0,"794713,0289","5821827,176",13.33929188,52.46689659,3739.0,33.0
217329,11,10,10100311.0,2021,10,17,2,2,5,2,0,1,1,0,0,0,0,0,"806301,1727","5830198,03",13.51704782,52.53554578,6359.0,19.0
217328,11,1,1100312.0,2021,11,14,2,3,6,4,0,1,0,1,0,0,0,0,"799517,0952","5826712,623",13.41419034,52.50807516,4851.0,23.0
217327,11,2,2100105.0,2021,10,15,4,3,6,7,0,0,1,1,0,0,0,0,"798921,8829","5825819,617",13.40464476,52.50039706,4648.0,31.0
217326,11,2,2100102.0,2021,10,14,4,3,6,2,0,0,1,1,0,0,0,0,"798321,8598","5825554,252",13.39559396,52.49834675,4548.0,2.0
217325,11,5,5100316.0,2021,11,15,1,3,2,6,0,0,1,0,0,0,0,1,"784811,0821","5828950,543",13.200023,52.5360173,1659.0,24.0
217324,11,10,10300734.0,2021,11,22,3,3,5,3,2,0,1,0,0,0,1,0,"809589,8209","5823521,447",13.5591718,52.47385441,6941.0,35.0
217323,11,10,10400940.0,2021,11,9,2,3,5,2,0,0,1,0,0,0,1,0,"812396,179","5824671,618",13.60143294,52.48256369,7543.0,32.0
217322,11,7,7400824.0,2021,10,11,7,3,5,3,0,0,1,0,0,0,1,0,"797853,6033","5821887,507",13.38544054,52.46573434,4338.0,28.0
217321,11,8,8100418.0,2021,11,17,7,2,5,2,2,0,1,0,0,0,1,1,"802502,7258","5823372,37",13.45501523,52.47648921,5441.0,16.0
217320,11,6,6400844.0,2021,10,17,5,3,1,5,0,0,1,0,0,0,1,0,"791220,6075","5820788,873",13.28712151,52.45946095,2936.0,31.0
217319,11,5,5300737.0,2021,10,1,7,3,0,1,2,0,0,0,0,0,1,1,"787297,8673","5830208,939",13.23767458,52.54599422,2162.0,34.0
217318,11,11,11200514.0,2021,10,18,6,3,0,7,1,0,1,0,1,0,0,1,"803376,0863","5830092,692",13.4739588,52.53623772,5759.0,30.0