ObjectID,State,District,LOR_ab_2021,AccidentYear,AccidentMonth,AccidentHour,DayOfWeek,AccidentCategory,AccidentType,AccidentTypeDetail,LightingCondition,InvolvingBike,InvolvingCar,InvolvingPedestrian,InvolvingMotorcycle,InvolvingHGV,InvolvingOther,RoadCondition,GraphicCoord1,GraphicCoord2,LongitudeWGS84,LatitudeWGS84,quadrant,quadrant_rank
217142,11,10,10400940.0,2021,11,16,2,3,5,2,2,1,1,0,0,0,0,1,"812434,6437","5824757,683",13.60207818,52.48331294,7643.0,35.0
217141,11,11,11300722.0,2021,11,17,5,2,5,2,2,0,1,0,1,0,0,0,"803425,1724","5828617,623",13.47333406,52.52298975,5655.0,31.0
217140,11,4,4501148.0,2021,11,16,7,3,5,2,2,0,1,0,0,0,0,1,"793339,8174","5823068,434",13.32022715,52.47876309,3442.0,26.0
217139,11,9,9501838.0,2021,10,15,3,3,5,3,0,0,1,0,1,0,0,1,"819873,9256","5819717,096",13.70643064,52.43384325,9129.0,35.0
217138,11,1,1200522.0,2021,11,17,6,3,5,3,2,1,0,0,0,0,1,0,"794351,8805","5828182,549",13.33960672,52.52406361,3755.0,34.0
217137,11,2,2500836.0,2021,10,18,5,3,0,1,2,0,1,0,1,0,0,0,"803319,5723","5825583,937",13.46901793,52.49585818,5647.0,32.0
217136,11,7,7300619.0,2021,10,20,6,3,5,5,2,0,1,0,1,0,0,1,"794905,7204","5821904,782",13.34218877,52.46748831,3739.0,33.0
217135,11,4,4300416.0,2021,10,20,7,3,6,7,0,0,1,1,0,0,0,0,"791749,1247","5826019,323",13.29945567,52.50606963,3150.0,16.0
217134,11,8,8100418.0,2021,10,17,6,3,5,3,2,0,1,0,0,0,0,0,"801660,6212","5823963,219",13.44318847,52.48225085,5243.0,25.0
217133,11,4,4501045.0,2021,11,19,2,3,6,4,2,1,0,1,0,0,0,1,"793660,5533","5825394,14",13.3269857,52.49943968,3548.0,26.0
217132,11,3,3601243.0,2021,11,8,6,3,5,2,0,1,1,0,0,0,0,1,"799498,024","5831776,17",13.41847201,52.55347237,4864.0,13.0
217131,11,3,3601450.0,2021,11,16,4,3,0,2,2,0,1,0,0,0,1,1,"802346,9592","5829203,754",13.45802349,52.52884213,5457.0,19.0
217130,11,11,11300722.0,2021,10,16,1,3,5,2,0,0,1,0,0,0,0,0,"803885,3294","5827895,012",13.47943545,52.51625698,5753.0,26.0
217129,11,2,2400521.0,2021,10,11,3,3,3,6,0,1,1,0,0,0,0,0,"800732,6699","5828441,542",13.43360957,52.52290318,5155.0,24.0
217128,11,12,12500824.0,2021,10,13,4,2,6,4,0,0,1,1,0,0,0,0,"791080,4716","5835474,838",13.29792022,52.59119417,3075.0,30.0
217127,11,3,3200205.0,2021,11,6,2,3,5,3,2,0,1,0,0,0,0,0,"798161,9748","5836391,452",13.40297487,52.5955747,4676.0,34.0
217126,11,5,5100105.0,2021,10,7,4,3,2,3,0,1,1,0,0,0,0,1,"784556,2455","5831108,326",13.19812472,52.55549708,1664.0,24.0
217125,11,10,10300733.0,2021,11,18,7,3,5,2,2,0,1,0,0,0,0,1,"809513,7086","5827233,118",13.56150217,52.50716052,7050.0,30.0
217124,11,7,7400720.0,2021,11,13,2,3,5,3,0,0,1,0,0,0,0,0,"796526,4571","5822786,951",13.36676155,52.47451894,4141.0,33.0
217123,11,9,9100101.0,2021,11,11,4,3,5,3,0,1,0,0,1,0,0,0,"802244,0871","5824856,767",13.45256449,52.48993715,5345.0,30.0
217122,11,5,5200629.0,2021,11,12,6,3,5,2,0,0,1,0,0,0,0,1,"784521,2176","5828650,38",13.19550394,52.53347744,1558.0,22.0
217121,11,12,12200412.0,2021,10,14,1,2,1,5,0,0,1,0,1,0,0,0,"789267,4354","5833658,76",13.26964588,52.57588016,2670.0,33.0
217120,11,7,7501135.0,2021,10,1,1,3,1,5,2,1,1,0,0,0,0,0,"798605,0041","5817011,761",13.3921113,52.42161887,4425.0,29.0
217119,11,3,3601245.0,2021,11,9,4,3,5,3,0,1,1,0,0,0,0,0,"800972,2937","5831228,348",13.43965445,52.54774954,5162.0,26.0
217118,11,5,5200423.0,2021,11,10,5,2,5,3,0,0,1,0,0,0,0,0,"780879,6077","5828331,389",13.14168924,52.53250614,758.0,26.0
217117,11,12,12200412.0,2021,10,17,6,3,5,2,0,0,1,0,0,0,0,0,"791167,2706","5834021,577",13.29792098,52.57811959,3071.0,21.0
217116,11,9,9301227.0,2021,10,15,6,3,1,5,0,1,1,0,0,0,0,0,"815736,0737","5814531,681",13.64087694,52.38978173,8116.0,34.0
217115,11,1,1400938.0,2021,10,8,6,2,5,3,0,1,1,0,0,0,0,0,"793880,8666","5830059,636",13.33434381,52.54114469,3660.0,29.0
217114,11,1,1300733.0,2021,10,18,6,3,6,2,1,0,1,1,0,0,0,1,"797152,8273","5831919,828",13.38411262,52.55604464,4365.0,7.0
217113,11,2,2200209.0,2021,10,8,7,3,5,3,0,1,0,0,0,0,0,1,"797742,0047","5824596,285",13.38622122,52.49007634,4345.0,28.0
217112,11,3,3400619.0,2021,10,16,6,3,5,3,0,1,1,0,0,0,0,0,"795956,8804","5835567,551",13.36977934,52.58939386,4174.0,29.0
217111,11,3,3400725.0,2021,11,17,3,3,5,2,2,0,1,0,1,0,0,0,"800014,5276","5835462,768",13.42940192,52.58623194,5073.0,31.0
217110,11,4,4501043.0,2021,11,19,5,3,5,2,2,1,1,0,0,0,0,1,"792836,033","5824337,245",13.31394509,52.49040801,3345.0,25.0
217109,11,1,1100416.0,2021,11,8,3,3,5,7,0,1,1,0,0,0,0,0,"798708,6987","5830059,937",13.40532113,52.53852233,4660.0,23.0
217108,11,4,4300621.0,2021,10,18,1,3,5,7,1,0,1,0,0,0,1,0,"792386,628","5826848,846",13.30955031,52.5131648,3252.0,20.0
217107,11,1,1300732.0,2021,10,20,5,3,5,2,2,1,0,0,0,0,1,0,"797700,1045","5832902,061",13.39304236,52.56455017,4567.0,25.0
217106,11,2,2500727.0,2021,10,14,3,3,0,1,0,1,0,0,0,0,0,0,"802201,069","5828112,967",13.45488828,52.51914635,5454.0,30.0
217105,11,4,4300621.0,2021,11,10,2,3,1,5,0,1,0,0,0,0,1,0,"791985,0407","5826791,059",13.30359868,52.51286188,3152.0,15.0
217104,11,4,4400835.0,2021,11,17,6,3,6,7,1,0,1,1,0,0,0,0,"792854,7291","5821890,591",13.31207075,52.46846437,3239.0,22.0
217103,11,12,12400723.0,2021,11,16,2,3,0,7,2,0,0,0,1,0,0,1,"792482,2022","5839252,095",13.32189195,52.62430329,3485.0,34.0
217102,11,5,5100317.0,2021,10,7,3,3,0,1,2,0,0,0,1,0,0,1,"787970,4447","5827900,044",13.24556487,52.52493887,2356.0,34.0
217101,11,6,6400838.0,2021,11,19,7,3,6,2,2,0,1,1,0,0,0,1,"788156,5465","5818728,365",13.24037191,52.44261149,2231.0,32.0
217100,11,10,10300731.0,2021,11,16,2,3,6,2,1,0,1,1,0,0,0,1,"809154,9324","5829964,521",13.55877115,52.53184197,6958.0,33.0
217099,11,6,6100207.0,2021,11,12,4,3,5,2,0,0,1,0,1,0,0,0,"793425,539","5819938,291",13.31873355,52.45065631,3334.0,34.0
217098,11,7,7100206.0,2021,11,17,6,3,6,7,2,0,1,1,0,0,0,0,"796025,1551","5824631,99",13.36104079,52.49133012,4046.0,28.0
217097,11,8,8100310.0,2021,10,15,6,3,6,7,0,1,1,1,0,0,0,0,"800793,0149","5825040,604",13.43142333,52.49238639,5046.0,27.0
217096,11,4,4200310.0,2021,10,16,7,3,5,2,0,0,1,0,1,0,0,0,"789438,3927","5826654,398",13.26605805,52.51299404,2652.0,28.0
217095,11,4,4300412.0,2021,10,12,7,3,2,6,0,0,1,0,0,0,0,0,"791656,4528","5827566,553",13.29945023,52.51998987,3154.0,24.0
217094,11,2,2200209.0,2021,11,12,3,2,1,5,0,1,0,0,0,0,1,1,"797505,4568","5824775,024",13.38290715,52.4918075,4346.0,23.0
217093,11,1,1100313.0,2021,11,17,5,3,5,3,1,0,1,0,0,0,0,1,"799772,2893","5826562,447",13.41780394,52.50658889,4850.0,21.0
217092,11,4,4501040.0,2021,10,11,7,3,5,7,0,1,1,0,0,0,0,0,"792286,4812","5825909,342",13.30725375,52.50479605,3250.0,18.0
217091,11,10,10300732.0,2021,10,16,6,3,6,6,2,0,1,1,0,0,0,0,"810282,8031","5829976,414",13.5753562,52.53130774,7257.0,35.0
217090,11,10,10200524.0,2021,10,8,2,3,5,3,0,1,1,0,0,0,0,0,"813719,8281","5829973,3",13.62585628,52.52931276,7957.0,33.0
217089,11,4,4300622.0,2021,10,11,4,3,6,4,0,0,0,1,1,0,0,0,"793698,6198","5826395,075",13.32842778,52.5083921,3551.0,31.0
217088,11,4,4501150.0,2021,10,17,3,3,5,7,1,0,1,0,1,0,0,0,"793439,6535","5823835,344",13.322368,52.48558452,3444.0,17.0
217087,11,4,4501042.0,2021,11,10,3,3,2,6,0,0,1,0,1,0,0,1,"794064,1439","5825946,838",13.33340208,52.50417699,3649.0,19.0
217086,11,7,7601442.0,2021,10,11,4,2,6,2,0,0,0,1,0,1,0,0,"799248,6827","5816259,532",13.40087607,52.41452446,4623.0,18.0
217085,11,11,11300721.0,2021,10,13,4,3,3,6,0,0,1,0,0,1,0,0,"805532,163","5830048,844",13.50560819,52.53464035,6158.0,31.0
217084,11,1,1200626.0,2021,11,15,6,2,5,3,0,0,1,0,0,0,0,0,"795322,1997","5828222,514",13.35390274,52.52389717,3955.0,24.0
217083,11,6,6100208.0,2021,11,2,7,3,6,4,2,0,0,1,0,0,1,0,"794058,5363","5820612,578",13.32861513,52.4563609,3535.0,31.0
217082,11,1,1300730.0,2021,11,14,4,3,5,3,0,0,1,0,1,0,0,0,"796223,801","5832160,315",13.37066407,52.55870646,4165.0,26.0
217081,11,12,12200309.0,2021,11,23,2,3,5,3,2,1,1,0,0,0,0,0,"793231,5531","5832405,496",13.32686885,52.56252391,3567.0,8.0
217080,11,7,7300618.0,2021,10,14,4,3,5,3,0,1,1,0,0,0,0,0,"794418,6757","5822074,367",13.33518949,52.46927124,3639.0,25.0
217079,11,6,6300528.0,2021,10,11,2,3,5,3,0,0,1,0,1,0,0,0,"788965,9082","5816398,339",13.25023283,52.42129445,2325.0,33.0
217078,11,10,10200420.0,2021,10,14,1,3,5,2,0,0,1,0,0,0,0,0,"812011,184","5830586,154",13.60132576,52.53578521,7559.0,31.0
217077,11,4,4100102.0,2021,11,13,4,3,5,2,0,0,1,0,0,0,0,0,"791429,789","5829183,339",13.29753619,52.53460531,3058.0,12.0
217076,11,1,1100206.0,2021,11,21,6,3,6,2,2,0,1,1,0,0,0,0,"797897,3474","5827372,244",13.39098579,52.51487471,4453.0,15.0
217075,11,3,3601348.0,2021,10,15,1,3,5,7,0,1,0,0,0,0,0,0,"799907,4955","5830645,501",13.42347227,52.54311252,4961.0,27.0
217074,11,9,9301227.0,2021,10,18,4,3,5,3,2,1,1,0,0,0,0,1,"815060,8409","5815053,335",13.63147753,52.39484495,8017.0,35.0
217073,11,2,2100102.0,2021,11,12,6,3,5,3,0,0,1,0,0,0,0,0,"798213,1783","5826240,744",13.39461248,52.50455968,4550.0,14.0
217072,11,8,8100312.0,2021,11,15,3,3,6,2,0,0,1,1,0,0,0,0,"801100,6809","5824355,235",13.43532201,52.48607363,5144.0,27.0
217071,11,10,10400835.0,2021,10,12,5,3,5,3,0,1,1,0,0,0,0,0,"812828,5734","5828985,475",13.61183172,52.520973,7754.0,35.0
217070,11,11,11300723.0,2021,10,18,5,2,0,1,0,1,0,0,0,0,0,1,"805207,4482","5828548,621",13.49945868,52.52137667,6054.0,31.0
217069,11,5,5100314.0,2021,10,18,5,3,0,5,2,0,1,0,1,0,0,0,"785311,8643","5829919,216",13.20821813,52.54444036,1761.0,30.0
217068,11,6,6300633.0,2021,11,8,2,3,6,2,0,0,1,1,0,0,0,1,"793275,3272","5819097,035",13.31579097,52.44319527,3332.0,28.0
217067,11,5,5100208.0,2021,11,12,5,2,2,6,0,0,1,0,0,1,0,1,"782387,4625","5830501,943",13.16570464,52.55118898,1163.0,25.0
217066,11,9,9301025.0,2021,11,9,3,3,6,7,0,0,1,1,0,0,0,0,"810375,7395","5814095,747",13.5619573,52.3889378,7016.0,35.0
217065,11,3,3500934.0,2021,10,15,1,3,5,3,0,0,0,0,1,0,0,0,"801238,5819","5831800,101",13.44408832,52.55272702,5264.0,28.0
217064,11,3,3400828.0,2021,10,10,5,3,1,5,0,1,1,0,0,0,0,0,"799945,4728","5832575,008",13.42577367,52.56038635,4966.0,29.0
217063,11,7,7400721.0,2021,10,13,2,3,2,6,0,0,1,0,0,0,0,0,"798360,866","5823947,956",13.39472856,52.483927,4544.0,28.0
217062,11,11,11200514.0,2021,11,8,2,3,2,6,0,1,0,0,0,0,0,0,"803500,043","5830163,722",13.47584562,52.53680533,5759.0,30.0
217061,11,1,1100310.0,2021,11,9,5,3,2,6,0,0,1,0,0,0,0,0,"799730,7981","5828690,692",13.41911166,52.52568806,4856.0,13.0
217060,11,3,3300516.0,2021,11,0,1,3,0,1,2,0,0,0,0,0,1,0,"801096,7965","5834818,257",13.44474275,52.57985728,5272.0,34.0
217059,11,10,10300732.0,2021,10,12,2,3,9,1,0,0,1,0,0,0,0,0,"809840,4873","5830081,694",13.5689546,52.53250279,7158.0,34.0
217058,11,9,9200510.0,2021,11,17,7,3,5,3,2,1,1,0,0,0,0,1,"806410,9663","5822970,362",13.51201073,52.47070783,6240.0,26.0
217057,11,9,9501939.0,2021,10,19,5,3,1,5,2,1,1,0,0,0,0,0,"810710,8401","5821398,156",13.5736468,52.45418988,7135.0,32.0
217056,11,1,1100309.0,2021,10,18,6,3,6,2,2,0,1,1,0,0,0,1,"798524,3901","5829056,4",13.40171035,52.52962803,4657.0,7.0
217055,11,12,12100205.0,2021,10,14,6,3,5,3,0,0,1,0,0,0,0,1,"794799,112","5834244,398",13.35156167,52.57816165,3871.0,28.0
217054,11,10,10200526.0,2021,10,18,6,3,9,1,2,0,0,0,1,0,0,0,"812097,6384","5830187,207",13.60222168,52.5321607,7658.0,32.0
217053,11,4,4300622.0,2021,11,16,3,3,2,6,2,0,1,0,1,0,0,0,"792781,8778","5827039,549",13.31552583,52.51466238,3353.0,23.0
217052,11,1,1400937.0,2021,11,7,6,3,5,3,0,0,1,0,0,0,0,1,"793793,9944","5832188,293",13.33495002,52.56027363,3666.0,31.0
217051,11,7,7100102.0,2021,11,17,4,3,5,3,2,0,1,0,1,0,0,0,"794957,23","5825403,897",13.34604083,52.49882784,3848.0,24.0
217050,11,5,5100315.0,2021,10,17,6,2,5,3,0,0,1,0,0,0,1,0,"784376,083","5830006,752",13.194531,52.54571447,1562.0,23.0
217049,11,9,9200715.0,2021,10,15,3,2,5,2,0,0,1,0,0,0,1,0,"807699,2114","5818374,488",13.5266829,52.42879475,6427.0,27.0
217048,11,5,5200629.0,2021,10,23,3,2,5,3,2,0,1,0,0,0,0,0,"784025,5502","5828512,591",13.1880984,52.53250055,1458.0,31.0
217047,11,4,4300619.0,2021,10,16,2,3,5,2,0,1,1,0,0,0,0,0,"792763,989","5827029,207",13.31525387,52.51457927,3353.0,23.0
217046,11,8,8401244.0,2021,11,0,3,2,9,1,2,0,1,0,0,0,0,0,"806411,4734","5816143,258",13.50575919,52.40952007,6122.0,28.0
217045,11,6,6100103.0,2021,10,12,3,3,5,2,0,0,1,0,0,0,0,1,"793585,0137","5821271,931",13.32224619,52.46252633,3437.0,28.0
217044,11,2,2400625.0,2021,10,17,4,3,2,6,0,0,1,0,0,0,0,0,"801750,9847","5826253,041",13.44658885,52.5027249,5249.0,12.0
217043,11,2,2500833.0,2021,11,10,1,3,0,1,0,1,0,0,0,0,0,1,"802390,8684","5827079,315",13.45673769,52.50977655,5451.0,17.0
217042,11,1,1100309.0,2021,11,10,2,3,5,3,0,1,1,0,0,0,0,1,"798245,6345","5828939,305",13.39750825,52.52873101,4557.0,26.0
217041,11,9,9401534.0,2021,11,20,3,3,9,1,2,0,0,0,0,0,1,0,"811257,0365","5820202,016",13.58054443,52.44315991,7232.0,25.0
217040,11,6,6200313.0,2021,11,9,2,3,2,6,0,0,1,0,0,0,0,0,"795469,4084","5818365,714",13.34733163,52.43545828,3829.0,28.0
217039,11,12,12400618.0,2021,10,14,7,2,0,7,0,0,0,0,1,0,0,1,"787176,0939","5838992,721",13.24349651,52.62480889,2285.0,35.0
217038,11,7,7400721.0,2021,10,0,7,2,2,1,2,0,1,0,0,0,0,0,"797797,6938","5823274,496",13.38585817,52.47819764,4342.0,32.0
217037,11,9,9200819.0,2021,11,17,3,3,5,2,1,1,1,0,0,0,0,0,"810495,4327","5820304,004",13.56946997,52.44450685,7132.0,24.0
217036,11,1,1100308.0,2021,11,8,5,3,2,6,0,1,1,0,0,0,0,1,"796934,616","5828135,29",13.37752135,52.52223958,4255.0,28.0
217035,11,1,1200628.0,2021,10,19,7,3,1,5,2,1,1,0,0,0,0,0,"796297,4808","5828240,272",13.36825168,52.52352723,4155.0,31.0
217034,11,3,3400619.0,2021,10,7,4,3,0,2,0,1,1,0,0,0,0,1,"795367,463","5835565,85",13.36110256,52.58969898,4074.0,35.0
217033,11,8,8200831.0,2021,10,14,3,3,0,5,0,0,1,0,0,0,0,0,"799693,3955","5817627,063",13.40862008,52.4265393,4727.0,35.0
217032,11,7,7200413.0,2021,11,14,5,3,5,7,0,0,1,0,0,0,0,1,"796117,9697","5823308,023",13.36122763,52.47941153,4042.0,30.0
217031,11,7,7501133.0,2021,11,8,3,3,0,2,0,1,1,0,0,0,0,1,"797908,8313","5818355,008",13.3831005,52.43403915,4329.0,35.0
217030,11,1,1100310.0,2021,10,15,4,3,5,7,0,0,1,0,1,0,0,0,"799080,0996","5828410,707",13.40929712,52.52353575,4755.0,4.0
217029,11,4,4200308.0,2021,10,6,6,2,4,6,2,0,1,0,0,1,0,0,"789722,7386","5828388,387",13.27174677,52.52838859,2657.0,31.0
217028,11,3,3500934.0,2021,11,18,6,3,1,5,1,1,1,0,0,0,0,0,"800511,3184","5831788,055",13.43338326,52.55302078,5064.0,18.0
217027,11,10,10400941.0,2021,11,12,2,2,5,3,0,1,1,0,0,0,0,1,"812566,4968","5824277,355",13.60356326,52.47893317,7642.0,33.0
217026,11,3,3400620.0,2021,11,6,5,3,5,3,2,1,1,0,0,0,0,0,"797411,7617","5833971,81",13.38976021,52.57429667,4470.0,31.0
217025,11,2,2500835.0,2021,11,10,3,2,0,1,0,0,0,0,1,0,0,0,"803113,5799","5826306,229",13.46665027,52.50244643,5549.0,29.0
217024,11,11,11501238.0,2021,10,11,7,3,5,2,0,0,1,0,1,0,0,0,"804082,3955","5825989,88",13.48059043,52.49907208,5848.0,31.0
217023,11,1,1100310.0,2021,10,15,4,3,0,2,0,1,1,0,0,0,0,0,"799492,8929","5828852,927",13.41576152,52.52727298,4856.0,13.0
217022,11,11,11300722.0,2021,10,14,2,3,5,2,0,1,1,0,0,0,0,0,"803738,6371","5828638,533",13.47795918,52.52300265,5755.0,29.0
217021,11,7,7601339.0,2021,10,12,1,3,0,2,0,0,1,0,1,0,0,0,"795400,2446","5815723,373",13.34398391,52.41180851,3722.0,35.0
217020,11,4,4501042.0,2021,11,15,4,3,0,2,0,0,1,0,0,0,1,0,"793996,5473","5826165,011",13.33260171,52.50616923,3650.0,20.0
217019,11,5,5200525.0,2021,11,14,6,2,6,4,0,0,1,1,0,0,0,1,"781207,2309","5827399,412",13.14571815,52.52398053,855.0,34.0
217018,11,11,11200513.0,2021,10,17,2,3,5,2,0,1,1,0,0,0,0,0,"803853,4647","5830396,553",13.48125326,52.53869518,5860.0,33.0
217017,11,8,8100417.0,2021,10,13,5,2,5,3,0,1,1,0,0,0,0,1,"802074,3311","5822683,037",13.44810258,52.47054774,5340.0,23.0
217016,11,8,8100418.0,2021,11,14,6,3,6,4,0,0,1,1,0,0,0,0,"802068,4145","5823584,307",13.44883197,52.4786292,5342.0,26.0
217015,11,9,9501737.0,2021,11,7,4,3,1,5,0,1,1,0,0,0,0,1,"815059,2731","5821052,942",13.6371038,52.44860768,8133.0,35.0
217014,11,1,1300834.0,2021,10,9,5,3,0,2,0,1,1,0,0,0,0,0,"798351,5399","5830138,989",13.40014167,52.53942658,4660.0,23.0
217013,11,4,4501152.0,2021,10,13,4,3,0,7,0,1,0,0,0,1,0,1,"793965,4876","5824887,998",13.33101817,52.49473819,3547.0,16.0
217012,11,4,4100101.0,2021,10,6,3,2,2,7,2,0,1,0,1,0,0,1,"792496,5863","5830685,571",13.3145418,52.54750081,3362.0,33.0
217011,11,11,11300620.0,2021,11,18,4,3,5,2,2,0,1,0,0,0,0,0,"803730,4885","5829786,211",13.47888783,52.53329345,5758.0,24.0
217010,11,11,11501341.0,2021,11,18,3,3,0,7,2,0,1,0,0,0,0,1,"806453,2558","5824373,678",13.51392086,52.48326108,6243.0,34.0
217009,11,5,5100317.0,2021,10,2,4,2,0,7,2,0,0,0,0,0,1,1,"788104,7869","5827881,934",13.24752389,52.52470553,2355.0,28.0
217008,11,4,4400729.0,2021,10,17,4,3,0,1,0,1,0,0,0,0,0,0,"789341,7147","5822872,843",13.26135261,52.47914255,2542.0,34.0
217007,11,8,8200832.0,2021,11,10,6,2,6,4,0,0,1,1,0,0,0,1,"801533,9182","5817359,897",13.43536634,52.42313341,5126.0,28.0
217006,11,12,12500824.0,2021,11,15,7,3,5,2,0,1,1,0,0,0,0,1,"790208,55","5835827,334",13.28539402,52.59482019,2876.0,30.0
217005,11,10,10100208.0,2021,11,19,4,3,2,7,2,1,1,0,0,0,0,1,"809066,3797","5832252,283",13.55959809,52.55239434,6964.0,34.0
217004,11,8,8401242.0,2021,11,21,7,3,5,3,2,0,1,0,0,0,0,0,"804819,2133","5816776,748",13.48299994,52.41608672,5824.0,35.0
217003,11,6,6400735.0,2021,10,10,7,2,5,3,0,0,1,0,0,0,0,0,"782949,4337","5815892,095",13.16156795,52.41989932,1025.0,34.0
217002,11,3,3501038.0,2021,10,20,4,3,5,7,2,1,1,0,0,0,0,0,"803004,6805","5832010,834",13.47024945,52.55363618,5664.0,32.0
217001,11,2,2100106.0,2021,10,17,1,3,5,2,0,1,1,0,0,0,0,0,"799071,9435","5825610,953",13.40666144,52.49844446,4748.0,27.0
217000,11,12,12200309.0,2021,11,12,2,2,5,3,0,0,1,0,1,0,0,1,"793561,9581","5832369,066",13.33169687,52.5620193,3566.0,26.0
216999,11,4,4300621.0,2021,11,10,4,3,1,5,0,1,1,0,0,0,0,0,"792086,9019","5826762,902",13.3050707,52.51255492,3152.0,15.0
216998,11,8,8200623.0,2021,11,13,7,3,3,6,0,0,1,0,0,0,0,0,"801995,5496","5820644,831",13.44510229,52.45232249,5234.0,33.0
216997,11,8,8100102.0,2021,10,23,7,3,6,7,2,0,1,1,0,0,0,0,"800406,933","5823337,386",13.42421887,52.4773324,4942.0,9.0
216996,11,7,7200307.0,2021,10,22,4,3,0,1,2,0,0,0,0,0,1,0,"794636,7209","5824532,079",13.34056195,52.49118567,3746.0,30.0
216995,11,9,9100407.0,2021,11,10,6,2,0,7,0,1,0,0,0,0,0,0,"805933,7771","5820317,184",13.50257624,52.44719625,6133.0,32.0
216994,11,4,4501042.0,2021,11,16,3,3,6,4,2,0,1,1,0,0,0,1,"793521,7789","5825707,235",13.3252232,52.5023211,3449.0,19.0
216993,11,12,12601031.0,2021,10,22,4,3,5,3,2,0,1,0,0,0,1,0,"793487,4223","5836483,428",13.33424351,52.59894209,3677.0,30.0
216992,11,3,3400828.0,2021,10,16,6,3,5,3,0,0,1,0,0,0,0,1,"800125,1321","5831772,903",13.42769074,52.5530979,5064.0,18.0
216991,11,2,2500833.0,2021,10,22,1,2,6,2,2,0,1,1,0,0,0,0,"802996,8814","5826892,541",13.46546986,52.50776627,5551.0,9.0
216990,11,12,12500928.0,2021,10,8,6,3,2,6,0,0,1,0,0,0,0,0,"791769,4669","5836885,957",13.30930566,52.60347515,3279.0,30.0
216989,11,10,10200418.0,2021,11,18,2,3,5,2,1,0,1,0,0,0,1,1,"811292,9025","5831567,052",13.59168902,52.544986,7461.0,31.0
216988,11,4,4300416.0,2021,11,21,5,3,5,7,2,0,1,0,1,0,0,1,"791780,3073","5825924,672",13.29983085,52.50520442,3150.0,16.0
216987,11,7,7400823.0,2021,11,8,3,2,5,3,0,0,0,0,1,0,1,0,"797277,7713","5821223,797",13.37639803,52.46009845,4237.0,31.0
216986,11,9,9200715.0,2021,10,12,2,3,6,2,0,0,1,1,0,0,0,1,"808176,9043","5818868,989",13.53414227,52.43295769,6529.0,33.0
216985,11,4,4100102.0,2021,10,5,5,3,2,2,2,0,1,0,0,0,1,0,"791203,7474","5829140,204",13.29417528,52.53433944,3058.0,12.0
216984,11,5,5200420.0,2021,10,20,2,2,2,2,2,0,1,0,1,0,1,0,"781884,2671","5829131,224",13.15713954,52.53915916,960.0,35.0
216983,11,3,3400831.0,2021,11,13,2,3,6,4,0,0,0,1,0,0,1,1,"799940,1747","5833850,57",13.42684901,52.57182246,5069.0,28.0
216982,11,8,8300934.0,2021,11,20,6,3,0,2,2,1,1,0,0,0,0,0,"803155,4197","5818426,131",13.46010575,52.43179426,5428.0,30.0
216981,11,1,1100205.0,2021,11,19,1,3,5,2,2,1,1,0,0,0,0,1,"796952,633","5826789,541",13.37658503,52.51016658,4251.0,5.0
216980,11,1,1300733.0,2021,10,16,2,3,2,6,0,0,1,0,0,0,1,0,"797668,339","5831881,096",13.39165935,52.55541594,4464.0,20.0
216979,11,10,10400836.0,2021,10,11,2,3,5,3,0,1,1,0,0,0,0,0,"811155,1","5827124,658",13.58550709,52.50525497,7350.0,32.0
216978,11,12,12601235.0,2021,11,2,7,3,2,7,2,0,1,0,0,0,0,0,"794432,4646","5836240,152",13.34794001,52.59625044,3876.0,24.0
216977,11,1,1100311.0,2021,11,14,1,3,1,7,0,0,1,0,0,0,0,1,"799882,9852","5827832,076",13.42057406,52.51790827,4953.0,29.0
216976,11,11,11200513.0,2021,10,7,5,2,0,2,1,0,1,0,0,0,1,0,"804372,5135","5830844,997",13.48929353,52.54242473,5961.0,25.0
216975,11,12,12200309.0,2021,10,14,6,3,0,6,0,0,1,0,1,0,0,0,"793543,8508","5832384,229",13.33144393,52.56216499,3566.0,26.0
216974,11,9,9501737.0,2021,10,16,2,3,5,3,0,1,1,0,0,0,0,0,"815033,2326","5821296,513",13.6369516,52.45080528,8134.0,34.0
216973,11,9,9100304.0,2021,10,14,6,3,0,4,0,0,0,1,1,0,0,0,"804604,2134","5822063,884",13.48466697,52.46359376,5838.0,26.0
216972,11,1,1200519.0,2021,11,12,4,3,0,5,0,1,1,0,0,0,0,1,"793857,2091","5829136,377",13.33317954,52.53288097,3658.0,33.0
216971,11,10,10200421.0,2021,11,15,5,3,5,2,0,1,1,0,0,0,0,0,"812063,1643","5830615,118",13.60211684,52.536015,7659.0,23.0
216970,11,2,2300315.0,2021,10,12,6,3,5,2,0,1,1,0,0,0,0,0,"800461,8925","5825774,294",13.42722266,52.49914508,5048.0,18.0
216969,11,1,1100416.0,2021,10,7,3,3,5,3,0,1,1,0,0,0,0,0,"798590,4818","5829516,136",13.40309469,52.53371271,4658.0,16.0
216968,11,6,6300526.0,2021,10,13,4,3,2,3,0,0,1,0,1,0,0,0,"789407,7417","5817968,418",13.25807074,52.43513747,2429.0,32.0