ObjectID,State,District,LOR_ab_2021,AccidentYear,AccidentMonth,AccidentHour,DayOfWeek,AccidentCategory,AccidentType,AccidentTypeDetail,LightingCondition,InvolvingBike,InvolvingCar,InvolvingPedestrian,InvolvingMotorcycle,InvolvingHGV,InvolvingOther,RoadCondition,GraphicCoord1,GraphicCoord2,LongitudeWGS84,LatitudeWGS84,quadrant,quadrant_rank
216967,11,2,2400521.0,2021,10,12,2,2,5,3,0,0,1,0,1,0,0,0,"801250,445","5827841,258",13.44067446,52.51723693,5253.0,19.0
216966,11,5,5100104.0,2021,11,9,1,3,5,3,0,0,1,0,0,0,0,1,"785763,6115","5831744,42",13.21643265,52.56056795,1866.0,29.0
216965,11,2,2300315.0,2021,10,17,4,3,5,3,0,1,0,0,0,0,1,0,"800597,6807","5826214,523",13.42961433,52.50301622,5049.0,28.0
216964,11,9,9100101.0,2021,10,15,4,3,1,5,0,1,1,0,0,0,0,0,"801668,9235","5824894,733",13.44415345,52.49059558,5245.0,33.0
216963,11,6,7300619.0,2021,11,13,7,3,0,7,0,0,0,0,1,0,0,1,"794819,6902","5821586,192",13.34064454,52.46467876,3738.0,31.0
216962,11,8,8100314.0,2021,11,19,3,3,2,6,2,0,1,0,0,0,0,0,"800343,4956","5824377,491",13.42422462,52.48669018,4944.0,15.0
216961,11,1,1401043.0,2021,11,12,7,3,2,2,0,0,1,0,1,0,0,0,"795682,3529","5830937,161",13.36161102,52.54803632,4062.0,25.0
216960,11,5,5200631.0,2021,10,12,1,3,2,6,0,0,1,0,1,0,0,0,"785074,5643","5827586,476",13.20272739,52.52364939,1655.0,31.0
216959,11,4,4501041.0,2021,10,13,7,3,5,7,0,0,1,0,0,0,0,0,"793140,1744","5825596,609",13.31952001,52.50153453,3449.0,19.0
216958,11,1,1200624.0,2021,11,18,4,3,5,2,2,1,1,0,0,0,0,0,"795668,8498","5829732,424",13.36034021,52.5372443,4059.0,24.0
216957,11,6,6100103.0,2021,11,6,5,3,6,4,2,0,0,1,0,0,1,0,"793946,9981","5821464,575",13.3277286,52.4640587,3538.0,21.0
216956,11,6,6400838.0,2021,10,18,7,3,2,6,0,0,1,0,0,0,0,0,"788442,5045","5821531,317",13.24698873,52.46759078,2339.0,33.0
216955,11,3,3701554.0,2021,10,10,4,3,5,5,0,0,1,0,0,0,1,0,"798943,5147","5829969,41",13.40869159,52.53758213,4759.0,29.0
216954,11,10,10100315.0,2021,11,17,4,2,2,7,2,0,1,0,0,0,0,0,"809783,0025","5830680,889",13.56866832,52.53790517,7159.0,35.0
216953,11,12,12500824.0,2021,11,16,3,3,1,5,1,0,1,0,0,1,1,1,"791140,7708","5836676,613",13.29986444,52.60193548,3178.0,32.0
216952,11,9,9401329.0,2021,10,10,5,3,2,6,0,0,1,0,0,0,0,0,"812399,5438","5819581,993",13.59671971,52.43695222,7530.0,35.0
216951,11,1,1100102.0,2021,10,3,5,3,9,1,2,0,0,0,1,0,0,0,"795142,3508","5827068,305",13.35023554,52.51364795,3852.0,29.0
216950,11,7,7400721.0,2021,10,15,2,3,5,3,0,0,1,0,1,0,0,0,"797827,9656","5822536,161",13.38564328,52.47156279,4340.0,22.0
216949,11,6,6100205.0,2021,11,11,6,2,0,1,0,0,0,0,1,0,0,1,"795238,1313","5819621,85",13.34504914,52.4468437,3733.0,30.0
216948,11,4,4200311.0,2021,11,18,1,2,5,2,2,0,1,0,0,0,0,1,"790449,35","5825976,206",13.28032171,52.5063766,2850.0,20.0
216947,11,8,8100103.0,2021,11,12,5,3,2,6,0,0,1,0,0,0,0,1,"800688,7622","5822945,878",13.42800306,52.47366808,5041.0,23.0
216946,11,6,6100101.0,2021,11,16,2,3,1,5,1,1,1,0,0,0,0,0,"793230,167","5820597,14",13.3164454,52.45666755,3336.0,32.0
216945,11,2,2100106.0,2021,10,19,7,3,5,2,2,1,1,0,0,0,0,0,"798578,3304","5825563,167",13.39936879,52.4982864,4548.0,2.0
216944,11,3,3400724.0,2021,10,16,4,3,2,6,1,0,1,0,0,0,0,0,"800004,8158","5834937,114",13.42878314,52.58152576,5072.0,32.0
216943,11,9,9501939.0,2021,10,9,2,3,5,2,0,1,0,0,0,0,1,0,"810936,7101","5821596,922",13.57714515,52.4558427,7235.0,28.0
216942,11,9,9502043.0,2021,11,9,2,3,5,3,0,0,1,0,0,0,0,0,"809221,3936","5823026,352",13.55330587,52.46962613,6839.0,30.0
216941,11,7,7601341.0,2021,11,13,5,3,5,2,0,1,0,0,0,0,1,0,"798077,2823","5814312,488",13.3819707,52.39771026,4318.0,32.0
216940,11,6,6200317.0,2021,11,11,7,2,6,4,0,0,1,1,0,0,0,0,"796244,3686","5817025,442",13.35751082,52.42302453,3926.0,34.0
216939,11,11,11300722.0,2021,10,17,3,3,5,2,0,1,1,0,0,0,0,0,"804253,6095","5827663,143",13.48463403,52.51397351,5852.0,24.0
216938,11,9,9501940.0,2021,10,21,5,3,5,2,2,1,0,0,0,0,1,1,"811170,2551","5821573,338",13.58054915,52.45549845,7235.0,28.0
216937,11,12,12601032.0,2021,11,7,6,3,1,5,0,0,1,0,0,0,1,0,"793507,3156","5837540,939",13.3354741,52.60841119,3680.0,34.0
216936,11,10,10200629.0,2021,11,15,4,3,6,2,1,0,1,1,0,0,0,1,"811027,0006","5828904,114",13.5852889,52.52127439,7354.0,31.0
216935,11,1,1200627.0,2021,10,22,5,3,3,6,2,0,1,0,0,0,0,0,"795510,8513","5828358,126",13.35679578,52.5250106,3956.0,30.0
216934,11,12,12200309.0,2021,10,0,5,3,5,7,2,0,1,0,0,0,1,0,"793342,5928","5832794,325",13.32884603,52.56594973,3568.0,30.0
216933,11,11,11200513.0,2021,10,8,7,3,5,3,0,0,1,0,0,0,0,1,"804488,497","5830804,369",13.49096126,52.5419958,5961.0,25.0
216932,11,2,2200208.0,2021,10,3,6,2,0,1,2,0,0,0,0,0,1,0,"797302,6188","5824832,171",13.37997938,52.49243028,4346.0,23.0
216931,11,6,6300524.0,2021,11,15,2,3,5,2,0,1,0,0,0,1,0,1,"787536,9182","5817032,408",13.22982201,52.42773211,2027.0,31.0
216930,11,10,10100210.0,2021,11,16,5,2,6,4,2,0,1,1,0,0,0,1,"808860,977","5831777,699",13.55613683,52.54825778,6962.0,33.0
216929,11,4,4300619.0,2021,11,12,3,3,2,6,0,0,1,0,0,0,0,0,"791833,2122","5827445,502",13.30194174,52.5188101,3154.0,24.0
216928,11,7,7400822.0,2021,10,3,1,3,5,3,2,1,1,0,0,0,0,0,"796418,1847","5820706,298",13.363324,52.45592642,4035.0,33.0
216927,11,1,1100312.0,2021,10,19,5,2,4,6,2,1,1,0,0,0,1,0,"799468,9296","5826591,191",13.41337354,52.50701314,4850.0,21.0
216926,11,2,2200212.0,2021,10,14,3,3,2,6,0,0,1,0,0,0,0,0,"799623,8838","5824499,909",13.41376861,52.48818286,4845.0,29.0
216925,11,4,4501153.0,2021,11,17,3,3,5,2,2,1,1,0,0,0,0,0,"793883,9112","5823108,59",13.32825099,52.47883054,3542.0,20.0
216924,11,4,4300624.0,2021,11,8,6,3,6,4,0,0,1,1,0,0,0,1,"792862,9297","5826217,874",13.31599379,52.50725282,3350.0,18.0
216923,11,2,2300315.0,2021,11,22,1,2,6,2,2,0,1,1,0,0,0,0,"800588,5588","5825975,064",13.4292642,52.5008749,5048.0,18.0
216922,11,3,3500934.0,2021,10,7,3,3,6,4,0,0,0,1,0,0,1,1,"800917,9337","5832080,97",13.43962792,52.55542172,5164.0,30.0
216921,11,1,1100309.0,2021,10,8,4,3,5,3,0,1,1,0,0,0,0,0,"797948,6778","5828786,066",13.39300642,52.5275198,4456.0,17.0
216920,11,1,1100313.0,2021,10,15,1,3,1,5,0,0,1,0,1,0,0,0,"799912,6304","5826953,806",13.42021809,52.51001968,4951.0,26.0
216919,11,7,7601340.0,2021,11,17,7,3,6,4,2,0,1,1,0,0,0,1,"795825,4139","5816018,405",13.35047739,52.41422371,3823.0,25.0
216918,11,1,1100207.0,2021,11,10,1,3,5,3,0,0,1,0,0,0,0,0,"798024,3327","5826692,031",13.39224245,52.50870809,4451.0,13.0
216917,11,9,9401330.0,2021,11,12,4,3,6,2,0,0,1,1,0,0,0,0,"811900,2127","5817887,213",13.58781749,52.42204947,7325.0,35.0
216916,11,10,10400938.0,2021,11,16,6,3,6,7,1,0,1,1,0,0,0,0,"813416,0678","5829584,877",13.62102702,52.52600686,7856.0,35.0
216915,11,3,3501038.0,2021,10,13,6,3,6,7,0,0,0,1,0,0,1,0,"803721,3771","5831992,814",13.48077134,52.55307551,5864.0,34.0
216914,11,1,1100205.0,2021,10,17,6,3,6,4,1,0,1,1,0,0,0,1,"797013,8682","5826727,899",13.37742967,52.50958069,4251.0,5.0
216913,11,3,3500932.0,2021,10,6,2,3,5,2,2,0,0,0,0,0,1,0,"802058,8954","5832780,239",13.45704236,52.56105761,5466.0,28.0
216912,11,5,5300737.0,2021,10,14,6,3,2,6,0,0,1,0,0,0,0,0,"787356,2466","5830054,244",13.23839928,52.54457651,2261.0,29.0
216911,11,6,6200422.0,2021,11,1,3,2,8,1,2,0,1,0,0,0,0,1,"794118,6358","5817425,461",13.32669191,52.42775726,3527.0,30.0
216910,11,6,6200312.0,2021,11,7,5,3,2,6,2,0,1,0,0,0,0,1,"794288,5111","5819314,779",13.33084643,52.44460291,3532.0,31.0
216909,11,1,1100103.0,2021,10,17,6,3,3,2,0,0,1,0,1,0,0,0,"795271,5508","5826057,543",13.35123727,52.50451731,3850.0,16.0
216908,11,1,1300733.0,2021,10,9,6,3,0,1,0,1,0,0,0,0,0,0,"797189,7327","5831917,16",13.384653,52.55600058,4365.0,7.0
216907,11,1,1300834.0,2021,10,14,3,3,5,3,0,0,1,0,0,0,1,0,"797836,4476","5830459,573",13.39285668,52.54258196,4461.0,22.0
216906,11,4,4300623.0,2021,10,17,3,3,1,5,0,1,1,0,0,0,0,0,"791950,7527","5826452,004",13.30279742,52.50984068,3151.0,24.0
216905,11,11,11400931.0,2021,10,19,2,3,6,4,1,1,0,1,0,0,0,1,"805678,5726","5827215,643",13.50515629,52.50916616,6151.0,22.0
216904,11,4,4200206.0,2021,10,17,7,2,5,3,1,1,1,0,0,0,0,0,"787834,8322","5825830,603",13.24178119,52.50645689,2250.0,29.0
216903,11,3,3400725.0,2021,10,13,6,3,2,6,0,0,1,0,0,0,1,0,"799993,8024","5835316,402",13.42896441,52.58493146,5073.0,31.0
216902,11,6,6200312.0,2021,11,19,2,3,2,2,2,0,1,0,0,0,0,0,"794314,3425","5819252,125",13.3311702,52.44402734,3532.0,31.0
216901,11,4,4501150.0,2021,11,17,5,3,1,5,2,0,1,0,0,0,0,1,"793621,2775","5823945,515",13.3251321,52.48647451,3444.0,17.0
216900,11,6,6400842.0,2021,11,17,3,3,1,5,2,0,1,0,0,0,0,0,"789943,666","5819779,136",13.26750332,52.45108733,2634.0,32.0
216899,11,1,1100206.0,2021,10,23,7,3,5,3,2,1,1,0,0,0,0,0,"797882,3012","5828175,552",13.39148401,52.52208359,4455.0,25.0
216898,11,12,12500825.0,2021,10,14,5,3,2,2,0,0,1,0,0,1,0,0,"791562,698","5834401,34",13.30407403,52.58131232,3172.0,31.0
216897,11,1,1300733.0,2021,10,14,3,3,6,7,0,0,1,1,0,0,0,0,"797159,69","5831388,356",13.38373783,52.55127689,4363.0,11.0
216896,11,7,7501029.0,2021,11,13,2,3,5,3,0,0,1,0,0,0,0,1,"797538,7739","5819909,738",13.37905738,52.4481772,4233.0,29.0
216895,11,4,4501149.0,2021,11,9,5,3,5,7,0,1,0,0,0,0,1,0,"793461,2992","5824570,633",13.32333336,52.49216447,3446.0,17.0
216894,11,4,4501042.0,2021,11,14,7,3,0,5,0,1,0,0,0,0,1,1,"793581,9981","5825453,983",13.32588455,52.50001841,3548.0,26.0
216893,11,7,7400927.0,2021,10,8,3,2,5,7,0,0,1,0,0,0,0,1,"798897,2462","5821310,369",13.40024062,52.45999112,4637.0,33.0
216892,11,4,4501043.0,2021,11,17,7,2,6,2,2,0,1,1,0,0,0,1,"792833,3402","5824335,7",13.31390418,52.4903956,3345.0,25.0
216891,11,5,5200632.0,2021,11,18,2,2,1,1,1,0,1,0,0,1,0,1,"785271,6458","5827745,904",13.20576114,52.52497573,1756.0,33.0
216890,11,4,4501041.0,2021,10,14,5,3,5,2,0,1,1,0,0,0,0,0,"793508,594","5825732,312",13.32505162,52.50255299,3449.0,19.0
216889,11,7,7100206.0,2021,10,11,6,3,0,2,0,0,1,0,0,1,1,1,"796006,918","5824629,578",13.36077082,52.49131838,4046.0,28.0
216888,11,4,4300620.0,2021,10,19,2,3,5,3,1,1,1,0,0,0,0,1,"794161,275","5826991,393",13.33575209,52.51348847,3652.0,27.0
216887,11,4,4200310.0,2021,10,20,6,3,5,7,2,0,1,0,0,0,0,0,"789287,5368","5826790,634",13.2639597,52.51429547,2552.0,34.0
216886,11,4,4300412.0,2021,11,19,3,3,2,6,2,0,1,0,0,0,0,0,"791334,5556","5827466,973",13.29463226,52.51926922,3054.0,27.0
216885,11,8,8100311.0,2021,11,19,5,3,5,2,2,1,1,0,0,0,0,1,"800648,4708","5824399,048",13.42872195,52.48671554,5044.0,18.0
216884,11,1,1100309.0,2021,10,18,6,3,1,5,1,1,0,0,0,0,1,0,"798981,8662","5828819,329",13.40822092,52.52725232,4756.0,20.0
216883,11,6,6200422.0,2021,10,14,3,3,3,2,0,0,1,0,1,0,0,0,"794106,6691","5817427,502",13.32651821,52.427782,3527.0,30.0
216882,11,6,6400841.0,2021,10,14,3,3,0,6,0,0,0,0,0,0,1,0,"789858,1979","5818759,929",13.26536484,52.44199511,2631.0,30.0
216881,11,2,2100105.0,2021,10,16,2,3,5,3,0,0,1,0,0,0,1,0,"799592,1036","5825837,826",13.4145051,52.50019274,4848.0,7.0
216880,11,1,1300835.0,2021,11,7,3,3,1,7,0,0,0,0,0,1,1,1,"797045,909","5830249,1",13.38104575,52.54112687,4360.0,29.0
216879,11,11,11300616.0,2021,10,16,4,3,5,2,0,0,1,0,1,0,0,0,"802947,675","5829805,57",13.46740009,52.53390261,5658.0,30.0
216878,11,1,1100309.0,2021,10,20,4,3,5,2,2,1,0,1,0,0,1,0,"797942,056","5828782,642",13.39290603,52.52749272,4456.0,17.0
216877,11,7,7501031.0,2021,11,11,7,2,5,3,0,0,0,0,1,0,0,0,"799173,0668","5819951,615",13.40307084,52.44766074,4633.0,34.0
216876,11,7,7400927.0,2021,11,13,3,3,0,1,0,0,0,0,1,0,0,1,"798182,8691","5820934,416",13.38942163,52.45701138,4436.0,31.0
216875,11,2,2300419.0,2021,11,18,7,3,6,7,2,0,0,1,0,0,1,0,"801263,4841","5825678,703",13.43890897,52.49784636,5148.0,29.0
216874,11,3,3200207.0,2021,10,11,1,2,5,3,0,0,1,0,1,0,0,0,"798503,6078","5835385,178",13.4070968,52.58636762,4773.0,34.0
216873,11,5,5200630.0,2021,10,13,7,3,5,3,0,1,1,0,0,0,0,0,"784504,1331","5827381,094",13.19416659,52.52210589,1555.0,28.0
216872,11,5,5100208.0,2021,11,17,4,3,5,2,2,0,1,0,0,0,1,0,"781547,642","5830703,526",13.15352222,52.55343124,964.0,32.0
216871,11,11,11400931.0,2021,11,12,6,3,5,2,0,0,1,0,0,0,0,0,"806695,5862","5826907,301",13.5198106,52.50583195,6350.0,27.0
216870,11,5,5100101.0,2021,10,5,2,3,1,1,2,0,1,0,0,0,0,1,"784923,6398","5832224,094",13.20448715,52.56530885,1667.0,35.0
216869,11,5,5100316.0,2021,10,15,4,3,6,4,0,0,1,1,0,0,0,0,"785164,232","5829375,472",13.20558023,52.5396425,1760.0,21.0
216868,11,1,1100310.0,2021,11,15,5,3,2,2,0,0,1,0,0,0,0,0,"799114,672","5828969,657",13.41030796,52.52852694,4757.0,21.0
216867,11,8,8200726.0,2021,11,17,4,3,2,6,1,0,1,0,0,0,0,1,"801498,9186","5820450,152",13.43764042,52.45085167,5134.0,22.0
216866,11,1,1401048.0,2021,10,14,5,3,5,2,0,1,1,0,0,0,0,0,"795297,9049","5831409,834",13.35637821,52.55248195,3964.0,27.0
216865,11,3,3601347.0,2021,10,8,5,3,1,5,0,1,1,0,0,0,0,1,"799490,6145","5830409,636",13.41713075,52.54122768,4860.0,25.0
216864,11,2,2500835.0,2021,10,13,2,3,1,5,0,0,1,0,0,0,0,0,"803017,6474","5826053,037",13.4650109,52.50023037,5548.0,25.0
216863,11,3,3200309.0,2021,11,6,6,3,6,4,1,0,1,1,0,0,0,1,"800362,8646","5836347,477",13.43533014,52.59396949,5176.0,35.0
216862,11,1,1401045.0,2021,11,10,2,3,0,1,0,1,0,0,0,0,0,1,"796441,6708","5831935,327",13.37366753,52.55657113,4265.0,16.0
216861,11,7,7501029.0,2021,11,17,4,2,2,6,2,0,1,0,0,0,0,0,"797514,6244","5820073,757",13.37884917,52.44966061,4234.0,31.0
216860,11,8,8301037.0,2021,11,18,2,3,1,5,2,0,1,0,0,0,0,0,"804589,9715","5817455,027",13.48025704,52.42229363,5726.0,34.0
216859,11,3,3601245.0,2021,10,20,7,3,5,2,2,1,1,0,0,0,0,0,"800193,0477","5830930,861",13.42792824,52.54551304,5062.0,28.0
216858,11,7,7100206.0,2021,10,14,4,3,5,2,0,1,0,0,0,0,1,0,"796555,8954","5824856,211",13.36903454,52.49305197,4146.0,21.0
216857,11,1,1100205.0,2021,10,8,2,3,2,6,0,0,1,0,0,0,0,0,"796955,6821","5826749,357",13.37659398,52.50980472,4251.0,5.0
216856,11,10,10100313.0,2021,11,6,2,2,5,2,1,1,1,0,0,0,0,0,"808514,3391","5831162,12",13.55046922,52.54293752,6861.0,30.0
216855,11,11,11100102.0,2021,11,14,5,3,2,6,0,0,1,0,0,0,0,0,"807995,9333","5833888,478",13.54537854,52.56766392,6768.0,34.0
216854,11,9,9501737.0,2021,11,9,1,2,8,1,0,0,0,0,1,0,0,1,"815871,7337","5821217,539",13.64917469,52.44961383,8334.0,35.0
216853,11,5,5300735.0,2021,10,19,3,3,5,2,2,0,1,0,0,0,0,1,"786568,6339","5830554,345",13.22724823,52.5494751,2063.0,24.0
216852,11,3,3500933.0,2021,10,15,5,3,5,2,0,0,1,0,0,0,0,1,"802411,9609","5832569,021",13.4620424,52.55896854,5565.0,29.0
216851,11,1,1100309.0,2021,11,22,6,3,1,5,2,1,1,0,0,0,0,0,"798556,2446","5828956,995",13.40208927,52.52871956,4657.0,7.0
216850,11,8,8100312.0,2021,10,19,5,3,1,5,2,0,1,0,0,1,0,0,"800934,8749","5824238,235",13.43278194,52.48511634,5044.0,18.0
216849,11,3,3701660.0,2021,10,12,6,3,1,7,0,1,1,0,0,0,0,0,"800807,3501","5829515,752",13.4356788,52.53249035,5158.0,30.0
216848,11,5,5200420.0,2021,10,10,7,3,5,3,0,0,1,0,0,0,0,0,"782152,6743","5827887,775",13.16003096,52.52787096,1056.0,34.0
216847,11,5,5400944.0,2021,10,14,6,2,5,2,0,0,1,0,1,0,0,0,"781887,1925","5820011,31",13.14946353,52.45738337,836.0,35.0
216846,11,5,5100101.0,2021,11,14,3,2,8,1,0,0,1,0,0,0,0,0,"784978,158","5834359,977",13.20712514,52.58443029,1773.0,35.0
216845,11,7,7200308.0,2021,11,7,6,3,2,6,0,0,1,0,0,0,0,1,"795008,2153","5823325,314",13.3449496,52.48016716,3742.0,30.0
216844,11,1,1100309.0,2021,11,23,5,3,6,6,2,0,1,1,0,0,0,1,"798631,4004","5828439,313",13.40272894,52.5240381,4655.0,17.0
216843,11,4,4501153.0,2021,10,14,1,2,1,5,0,0,1,0,1,0,0,0,"794092,4912","5823927,744",13.33203601,52.48606158,3544.0,31.0
216842,11,3,3501037.0,2021,10,14,5,3,1,5,0,0,1,0,0,0,1,0,"803056,1681","5832648,584",13.47158879,52.55932351,5666.0,33.0
216841,11,4,4501043.0,2021,10,17,3,3,5,2,0,1,1,0,0,0,0,0,"792939,0802","5825266,704",13.31627577,52.49868503,3348.0,20.0
216840,11,8,8100206.0,2021,11,14,2,3,5,3,0,1,0,0,0,0,1,1,"800699,3132","5823542,353",13.42869573,52.47900869,5042.0,30.0
216839,11,5,5300735.0,2021,11,11,7,3,4,6,0,0,1,0,1,0,0,0,"786706,3845","5831195,628",13.22982801,52.5551521,2064.0,32.0
216838,11,2,2300315.0,2021,11,15,2,3,5,3,0,0,1,0,0,0,0,0,"800788,8448","5825815,705",13.43206196,52.49933615,5048.0,18.0
216837,11,11,11200410.0,2021,10,6,3,2,0,1,0,0,0,0,1,0,0,1,"805002,0398","5833004,651",13.50053136,52.56142836,6066.0,27.0
216836,11,4,4200308.0,2021,11,14,7,3,2,6,0,0,1,0,0,0,0,1,"790325,3196","5827297,26",13.27965194,52.51828599,2854.0,7.0
216835,11,3,3601245.0,2021,11,17,2,3,5,2,2,1,0,0,0,1,0,1,"800191,135","5830951,57",13.42791883,52.54569971,5062.0,28.0
216834,11,1,1300731.0,2021,11,21,3,3,1,5,2,1,1,0,0,0,0,1,"797409,8288","5833146,425",13.38899162,52.56689922,4468.0,33.0
216833,11,4,4300518.0,2021,11,6,6,3,1,5,1,1,1,0,0,0,0,1,"791424,4864","5828733,681",13.29706399,52.53057703,3057.0,32.0
216832,11,9,9501737.0,2021,10,19,6,3,5,2,2,0,1,0,1,0,0,0,"814717,269","5821936,671",13.63292072,52.45672363,8036.0,35.0
216831,11,7,7400720.0,2021,10,15,1,3,5,3,0,0,1,0,1,0,0,0,"796837,3596","5822819,062",13.37135413,52.47463792,4141.0,33.0
216830,11,7,7501134.0,2021,10,19,7,3,1,5,2,0,1,0,0,0,0,0,"798286,1524","5818960,924",13.38917499,52.4392649,4430.0,26.0
216829,11,3,3100103.0,2021,11,22,3,2,0,1,2,0,0,0,1,0,0,1,"804128,6478","5841215,889",13.49522878,52.63550934,6088.0,33.0
216828,11,2,2200208.0,2021,11,14,5,3,5,2,0,1,1,0,0,0,0,1,"797909,8182","5825272,649",13.38929028,52.4960476,4447.0,23.0
216827,11,1,1100309.0,2021,10,11,7,3,0,1,0,1,0,0,0,0,0,0,"798500,4491","5828387,033",13.40075759,52.52364119,4655.0,17.0
216826,11,2,2300316.0,2021,10,16,6,3,5,3,0,1,1,0,0,0,0,0,"800733,9316","5826517,516",13.43188928,52.50565695,5050.0,20.0
216825,11,2,2100102.0,2021,10,12,3,3,2,6,0,0,1,0,0,0,0,0,"798301,041","5826138,752",13.39581175,52.50359743,4549.0,29.0
216824,11,8,8200832.0,2021,10,6,4,3,5,2,2,0,1,0,1,0,0,0,"801024,9517","5817071,556",13.42764463,52.42082909,5025.0,34.0
216823,11,10,10300734.0,2021,10,17,2,3,5,2,1,1,1,0,0,0,0,0,"808798,212","5826345,182",13.55017018,52.49960842,6848.0,35.0
216822,11,8,8200726.0,2021,11,10,3,3,5,2,0,0,1,0,0,0,0,1,"802369,5057","5819918,144",13.44993079,52.44560238,5332.0,30.0
216821,11,12,12100102.0,2021,10,13,4,3,2,6,0,0,1,0,1,0,0,0,"796736,7098","5833528,851",13.37943185,52.57069453,4269.0,31.0
216820,11,1,1300835.0,2021,10,19,1,3,8,1,2,0,1,0,0,0,0,1,"797884,4212","5829876,09",13.39303887,52.53732558,4559.0,25.0
216819,11,4,4500937.0,2021,11,16,6,3,2,6,1,0,1,0,0,0,0,1,"791493,582","5825068,611",13.29486905,52.49768317,3048.0,24.0
216818,11,1,1401044.0,2021,11,6,7,3,1,7,2,0,1,0,0,0,0,0,"796571,6862","5831633,132",13.3753097,52.55379151,4264.0,19.0
216817,11,2,2100104.0,2021,11,12,4,3,5,2,0,1,0,0,1,0,0,0,"799189,005","5826254,487",13.4089589,52.50414866,4749.0,3.0
216816,11,4,4501043.0,2021,11,7,1,3,1,5,0,0,1,0,0,0,1,0,"793066,3511","5824819,16",13.31775148,52.49460461,3347.0,32.0
216815,11,1,1401048.0,2021,10,13,5,3,1,5,0,0,1,0,0,1,0,0,"795311,5226","5831476,743",13.35663799,52.55307434,3964.0,27.0
216814,11,8,8100417.0,2021,10,15,2,3,3,6,0,0,1,0,0,0,0,0,"802440,154","5823196,183",13.45393697,52.47494469,5441.0,16.0
216813,11,8,8100102.0,2021,11,8,2,3,3,6,0,1,1,0,0,0,0,0,"800541,3602","5823354,37",13.42620752,52.47741067,4942.0,9.0
216812,11,6,6100207.0,2021,11,12,4,3,5,3,0,1,0,0,1,0,0,0,"793560,7826","5819655,66",13.32046957,52.44805,3433.0,34.0
216811,11,9,9200715.0,2021,11,8,6,3,2,6,0,0,1,0,0,0,0,1,"809060,1816","5818759,006",13.54699172,52.43147373,6728.0,32.0
216810,11,7,7501029.0,2021,10,16,2,3,0,2,0,1,1,0,0,0,0,0,"797565,8782","5818730,979",13.37840534,52.43759604,4230.0,25.0
216809,11,2,2500726.0,2021,10,19,3,3,0,2,1,1,1,0,0,0,0,1,"801961,4864","5828236,66",13.45148034,52.52038771,5354.0,28.0
216808,11,4,4501040.0,2021,11,22,4,3,3,2,2,0,1,0,0,0,0,0,"792715,297","5825462,421",13.31316064,52.50055965,3348.0,20.0
216807,11,7,7501135.0,2021,11,7,4,3,0,2,0,0,1,0,0,0,1,1,"799055,1002","5816810,464",13.39853058,52.41956871,4525.0,33.0
216806,11,9,9100203.0,2021,10,11,5,2,6,7,0,0,1,1,0,0,0,0,"803843,108","5823840,784",13.47511683,52.47994351,5742.0,30.0
216805,11,12,12500824.0,2021,10,23,5,3,0,1,2,1,0,0,0,0,0,0,"791243,2034","5835513,001",13.30034921,52.59144918,3175.0,33.0
216804,11,8,8100417.0,2021,10,15,6,3,3,6,0,0,1,0,0,0,1,0,"802542,2633","5823108,749",13.45535646,52.47410447,5441.0,16.0
216803,11,8,8100103.0,2021,11,18,1,3,1,5,2,1,1,0,0,0,0,1,"800677,0196","5822974,958",13.42785691,52.4739352,5041.0,23.0
216802,11,1,1401048.0,2021,11,21,5,3,5,3,2,1,0,0,0,0,1,1,"795185,7576","5831355,917",13.35468102,52.55205942,3963.0,29.0
216801,11,8,8100312.0,2021,11,9,2,3,5,7,0,0,1,0,1,0,0,0,"801298,7717","5824792,11",13.43862541,52.48988017,5145.0,21.0
216800,11,10,10100101.0,2021,10,9,7,3,6,4,0,0,1,1,0,0,0,0,"808662,9431","5833991,614",13.5552844,52.56821043,6968.0,35.0
216799,11,3,3200309.0,2021,11,12,3,3,0,6,0,0,0,0,0,0,1,0,"800071,8367","5837471,074",13.43206493,52.60420109,5079.0,30.0
216798,11,9,9200819.0,2021,10,22,4,3,5,2,2,1,1,0,0,0,0,0,"809791,5175","5820491,161",13.55931983,52.44658336,6933.0,31.0
216797,11,1,1100207.0,2021,10,6,4,2,5,2,1,0,1,0,0,0,0,0,"798901,676","5827344,785",13.40571738,52.51407912,4652.0,19.0
216796,11,6,6200313.0,2021,10,19,1,3,6,2,2,0,1,1,0,0,0,0,"795163,1233","5818244,128",13.34273187,52.4345337,3729.0,24.0
216795,11,7,7300619.0,2021,11,11,7,3,2,2,0,1,1,0,0,0,0,0,"795418,4409","5820974,111",13.34889069,52.45886847,3836.0,27.0
216794,11,8,8100209.0,2021,11,15,7,3,2,3,0,1,1,0,0,0,0,0,"801577,8823","5822298,004",13.44046812,52.46737088,5239.0,26.0
216793,11,7,7200307.0,2021,11,13,4,3,6,7,0,0,1,1,0,0,0,0,"794474,1257","5824197,834",13.3378787,52.48827708,3645.0,33.0