ObjectID,State,District,LOR_ab_2021,AccidentYear,AccidentMonth,AccidentHour,DayOfWeek,AccidentCategory,AccidentType,AccidentTypeDetail,LightingCondition,InvolvingBike,InvolvingCar,InvolvingPedestrian,InvolvingMotorcycle,InvolvingHGV,InvolvingOther,RoadCondition,GraphicCoord1,GraphicCoord2,LongitudeWGS84,LatitudeWGS84,quadrant,quadrant_rank
216792,11,4,4501042.0,2021,11,14,7,3,0,2,0,0,1,0,0,0,1,0,"793979,1724","5826176,796",13.33235686,52.50628423,3550.0,10.0
216791,11,12,12200310.0,2021,10,12,1,3,5,2,0,0,1,0,0,0,0,0,"792212,2418","5833125,354",13.31250857,52.56952518,3369.0,31.0
216790,11,8,8401242.0,2021,10,12,7,3,5,3,0,0,1,0,0,0,0,0,"804556,4727","5816548,139",13.4789406,52.41418399,5723.0,35.0
216789,11,10,10200629.0,2021,11,8,5,3,2,6,0,0,1,0,0,0,0,0,"810617,9926","5827983,233",13.57842036,52.51325509,7252.0,32.0
216788,11,2,2300314.0,2021,11,18,6,3,6,2,2,0,1,1,0,0,0,1,"799630,0993","5826155,538",13.41534903,52.50301969,4849.0,21.0
216787,11,4,4400834.0,2021,10,8,2,3,0,7,0,0,0,0,1,0,0,1,"792653,6312","5822308,925",13.30948581,52.4723224,3240.0,34.0
216786,11,9,9301228.0,2021,10,15,4,3,8,1,0,0,1,0,0,0,0,1,"818793,2995","5812578,06",13.68379492,52.37050652,8810.0,34.0
216785,11,2,2200208.0,2021,11,8,4,3,5,2,0,0,0,0,0,1,1,1,"797266,1927","5824842,404",13.37945357,52.49254185,4246.0,22.0
216784,11,10,10400835.0,2021,11,11,4,3,5,3,0,0,1,0,0,0,0,1,"812712,8498","5829639,034",13.61074617,52.52689593,7756.0,35.0
216783,11,3,3601449.0,2021,10,16,5,3,5,2,1,1,1,0,0,0,0,0,"801077,4765","5830447,998",13.44049365,52.54069706,5260.0,30.0
216782,11,10,10300733.0,2021,10,12,5,3,3,6,0,0,1,0,0,0,1,1,"809248,0822","5827232,066",13.55759995,52.50730171,6950.0,32.0
216781,11,7,7400824.0,2021,10,10,2,3,1,5,0,1,1,0,0,0,0,0,"797841,6307","5822041,686",13.38540244,52.46712292,4339.0,15.0
216780,11,10,10300731.0,2021,10,9,6,3,5,7,0,1,0,0,0,0,0,0,"809642,9517","5829666,425",13.56566499,52.52889357,7057.0,32.0
216779,11,8,8100313.0,2021,11,7,2,3,6,2,0,0,1,1,0,0,0,1,"801851,45","5824433,236",13.44641562,52.48635823,5244.0,28.0
216778,11,1,1300836.0,2021,11,16,5,3,5,2,2,0,1,0,0,0,0,1,"796299,887","5830669,29",13.37045251,52.54529961,4161.0,31.0
216777,11,1,1100312.0,2021,11,9,3,3,5,3,0,1,0,0,1,0,0,0,"798918,0203","5826697,14",13.40537584,52.50826494,4651.0,27.0
216776,11,11,11400927.0,2021,10,19,7,3,0,7,2,1,0,0,0,0,0,0,"803664,0395","5826382,315",13.47480431,52.50282232,5749.0,26.0
216775,11,2,2300316.0,2021,10,13,5,3,5,2,0,1,1,0,0,0,0,0,"801473,0178","5826030,28",13.44230446,52.5008819,5249.0,12.0
216774,11,4,4400833.0,2021,10,8,2,3,0,2,0,0,1,0,1,0,0,0,"792540,4203","5822320,654",13.30783413,52.4724882,3240.0,34.0
216773,11,4,4100101.0,2021,10,22,1,3,5,2,2,0,1,0,1,0,0,0,"793340,975","5829718,481",13.32610463,52.53837732,3559.0,17.0
216772,11,2,2200213.0,2021,11,16,5,3,0,3,0,1,1,0,0,0,0,0,"800012,4825","5824708,459",13.41966232,52.48983879,4845.0,29.0
216771,11,9,9200715.0,2021,11,17,1,3,2,6,1,0,1,0,0,0,0,1,"807265,8791","5818122,947",13.52009845,52.4267839,6327.0,30.0
216770,11,9,9200512.0,2021,10,11,2,3,2,6,0,0,1,0,0,0,0,1,"808392,5267","5821744,867",13.53995833,52.45860996,6636.0,34.0
216769,11,8,8301037.0,2021,11,17,7,3,6,2,1,0,1,1,0,0,0,1,"804131,1941","5817819,83",13.47386282,52.42581847,5727.0,29.0
216768,11,6,6100209.0,2021,10,9,6,3,3,2,0,0,1,0,1,0,0,0,"794693,467","5821671,401",13.33886718,52.46551071,3638.0,25.0
216767,11,4,4501041.0,2021,10,16,6,3,5,7,0,1,1,0,0,0,0,1,"792839,9838","5825508,654",13.31503289,52.50090722,3349.0,17.0
216766,11,10,10200421.0,2021,10,16,7,3,3,6,0,0,1,0,0,0,0,0,"812218,0868","5830886,973",13.60464893,52.5383624,7659.0,23.0
216765,11,1,1100206.0,2021,10,16,6,3,2,2,0,1,1,0,0,0,0,0,"797404,9666","5827566,596",13.38392496,52.51688557,4353.0,25.0
216764,11,10,10400939.0,2021,11,15,3,3,5,3,0,0,1,0,1,0,0,0,"812934,104","5827906,149",13.61236695,52.51124058,7752.0,34.0
216763,11,5,5100208.0,2021,11,12,5,3,2,6,0,0,1,0,0,1,0,1,"782387,3616","5830501,968",13.16570317,52.55118926,1163.0,25.0
216762,11,11,11400929.0,2021,11,20,4,3,6,4,2,0,1,1,0,0,0,1,"805268,8441","5827324,554",13.49923775,52.51037168,6051.0,32.0
216761,11,7,7601442.0,2021,10,21,1,2,6,2,2,0,0,1,0,0,1,1,"799277,6289","5816273,905",13.40131325,52.41463747,4623.0,18.0
216760,11,2,2100102.0,2021,10,20,5,3,5,3,2,0,1,0,0,0,0,0,"798367,4582","5826334,185",13.39696249,52.50531291,4550.0,14.0
216759,11,2,2400625.0,2021,10,13,3,3,1,5,0,1,1,0,0,0,0,0,"801311,1747","5826466,869",13.44032249,52.50488452,5250.0,34.0
216758,11,1,1200520.0,2021,11,19,6,3,1,5,2,0,1,0,0,0,1,0,"794583,3443","5828565,359",13.34334765,52.52737023,3756.0,11.0
216757,11,3,3501038.0,2021,11,13,2,3,5,3,0,1,1,0,0,0,0,0,"803407,2083","5831677,995",13.47586414,52.55042898,5763.0,33.0
216756,11,10,10300733.0,2021,10,7,4,3,0,1,0,1,0,0,0,0,0,0,"809003,675","5826683,035",13.55350079,52.50251989,6849.0,35.0
216755,11,11,11501340.0,2021,10,12,1,3,2,6,0,0,1,0,0,0,0,0,"807990,2326","5823866,093",13.53601411,52.47784738,6642.0,35.0
216754,11,7,7400721.0,2021,11,17,7,3,6,4,2,0,0,1,0,0,1,1,"797835,007","5823840,055",13.38691116,52.48324688,4443.0,35.0
216753,11,12,12100102.0,2021,11,15,7,3,1,5,0,1,1,0,0,0,0,0,"796116,499","5833292,703",13.37009652,52.56891547,4168.0,33.0
216752,11,6,6300524.0,2021,11,21,3,3,0,2,2,0,1,0,1,0,0,0,"788747,7948","5817002,2",13.24755555,52.42682355,2327.0,34.0
216751,11,3,3400619.0,2021,11,6,6,2,5,2,2,1,0,0,0,0,1,1,"795961,8571","5835565,521",13.36985077,52.58937295,4174.0,29.0
216750,11,5,5100209.0,2021,10,15,6,1,6,4,0,0,0,1,1,0,0,0,"783575,2","5830201,053",13.1829182,52.54787408,1362.0,27.0
216749,11,10,10100315.0,2021,10,13,7,3,2,6,0,0,1,0,0,0,0,0,"809499,5315","5831431,297",13.56520116,52.54479108,7061.0,32.0
216748,11,12,12200412.0,2021,10,12,7,3,2,6,0,0,1,0,0,0,1,0,"790646,5996","5833703,343",13.28997981,52.57554501,2970.0,31.0
216747,11,7,7300516.0,2021,11,15,4,3,6,7,0,1,0,1,0,0,0,0,"793960,9836","5821818,031",13.32824523,52.46721977,3539.0,28.0
216746,11,1,1300733.0,2021,11,19,5,2,6,2,2,0,1,1,0,0,0,1,"797177,2889","5831924,824",13.38447685,52.55607608,4365.0,7.0
216745,11,10,10300734.0,2021,10,13,7,3,2,2,0,0,1,0,1,0,0,0,"809627,0015","5825731,996",13.56177053,52.49364367,7046.0,34.0
216744,11,3,3100103.0,2021,10,11,6,3,6,4,0,0,1,1,0,0,0,0,"803982,8218","5841302,519",13.49316029,52.63636739,5988.0,33.0
216743,11,2,2500835.0,2021,10,16,4,3,2,6,0,0,0,0,1,0,1,1,"803259,5883","5826318,016",13.46880546,52.50247095,5649.0,30.0
216742,11,1,1100416.0,2021,10,14,4,2,1,5,0,1,0,0,0,0,1,0,"798562,8706","5829228,789",13.40243074,52.53115218,4657.0,7.0
216741,11,4,4500937.0,2021,10,13,3,3,2,6,0,1,0,0,0,0,0,0,"791392,526","5825036,44",13.29335649,52.49744872,3047.0,28.0
216740,11,4,4100102.0,2021,11,15,4,2,5,3,0,0,1,0,0,0,0,1,"791195,9022","5829044,268",13.29397589,52.53348357,3058.0,12.0
216739,11,11,11501340.0,2021,11,14,3,2,3,6,0,1,0,0,0,1,0,1,"807347,0071","5825133,567",13.52774151,52.489569,6545.0,33.0
216738,11,6,6300634.0,2021,10,10,4,2,5,2,0,1,1,0,0,0,0,0,"791690,8589","5818804,158",13.29228978,52.44141714,3031.0,33.0
216737,11,9,9200715.0,2021,10,17,4,3,5,2,1,1,0,0,0,0,1,0,"807882,9003","5818476,61",13.52947007,52.42960666,6528.0,34.0
216736,11,5,5100105.0,2021,10,8,2,3,1,5,0,0,0,0,0,0,1,0,"784996,8761","5831734,042",13.20514375,52.56087677,1766.0,23.0
216735,11,6,6200314.0,2021,11,23,6,2,0,1,2,0,0,0,0,0,1,1,"795066,8315","5818143,628",13.34123085,52.43368472,3729.0,24.0
216734,11,1,1200628.0,2021,11,13,7,3,2,2,0,0,1,0,0,0,0,0,"796266,52","5828505,217",13.36803271,52.52591902,4156.0,27.0
216733,11,3,3601451.0,2021,11,7,4,3,1,5,0,1,1,0,0,0,0,0,"800890,6203","5829942,04",13.4372886,52.53626528,5159.0,27.0
216732,11,11,11200514.0,2021,11,10,1,2,0,6,0,0,1,0,0,0,1,0,"803523,3769","5829768,035",13.47582724,52.53324591,5758.0,24.0
216731,11,1,1401046.0,2021,10,14,7,3,0,6,0,0,1,0,0,0,1,0,"795081,932","5830338,074",13.35224978,52.54299156,3861.0,24.0
216730,11,12,12200307.0,2021,10,13,5,3,0,6,0,1,1,0,0,0,0,0,"793506,0966","5833965,537",13.3322879,52.57636079,3571.0,34.0
216729,11,2,2400625.0,2021,10,9,2,3,8,1,0,0,1,0,0,0,0,1,"801133,3632","5826596,158",13.43782762,52.50614152,5150.0,31.0
216728,11,2,2500830.0,2021,11,13,2,3,0,1,0,1,0,0,1,0,0,1,"802475,8278","5827408,817",13.45828519,52.51268276,5452.0,12.0
216727,11,5,5200423.0,2021,11,13,5,3,5,3,0,0,1,0,0,0,0,0,"780879,6893","5828331,401",13.14169045,52.5325062,758.0,26.0
216726,11,12,12500825.0,2021,11,14,6,3,5,2,0,1,1,0,0,0,0,0,"792277,6702","5835009,213",13.31513214,52.58637805,3374.0,27.0
216725,11,1,1300733.0,2021,10,17,7,3,5,2,0,1,1,0,0,0,0,0,"797707,1837","5831731,061",13.39209606,52.55404984,4464.0,20.0
216724,11,1,1100312.0,2021,10,9,5,3,0,7,0,1,0,0,0,0,0,0,"799703,3891","5827271,027",13.41742984,52.51297807,4852.0,22.0
216723,11,3,3601452.0,2021,11,15,6,3,2,6,0,0,1,0,0,0,0,0,"802220,5052","5829149,763",13.45611601,52.52842833,5457.0,19.0
216722,11,1,1100102.0,2021,11,16,4,3,2,6,2,0,1,0,0,0,0,1,"795567,9576","5826665,45",13.35613128,52.50980622,3951.0,32.0
216721,11,1,1100312.0,2021,10,16,4,3,0,1,0,1,1,0,0,0,0,0,"799238,2336","5827184,51",13.41051805,52.51245795,4752.0,33.0
216720,11,2,2500727.0,2021,10,8,5,3,0,7,0,0,0,0,1,0,1,1,"802255,118","5827998,067",13.45557803,52.51808654,5454.0,30.0
216719,11,9,9200510.0,2021,10,12,6,3,5,2,0,1,1,0,0,0,0,0,"806607,2126","5822049,731",13.51404492,52.46234673,6237.0,31.0
216718,11,3,3501037.0,2021,11,7,2,3,5,2,0,1,1,0,0,0,0,1,"802207,9477","5832985,692",13.45942158,52.56281635,5467.0,35.0
216717,11,1,1100310.0,2021,11,16,5,3,5,2,1,1,0,0,0,0,1,1,"799109,5697","5828466,018",13.40977994,52.52401536,4755.0,4.0
216716,11,11,11400927.0,2021,11,7,3,3,5,3,0,1,1,0,0,0,0,0,"803619,6314","5826582,287",13.47433443,52.50463933,5750.0,31.0
216715,11,1,1100102.0,2021,10,22,7,3,2,6,2,0,1,0,0,0,0,0,"796429,7975","5826616,921",13.36874994,52.50890357,4151.0,21.0
216714,11,5,5100209.0,2021,10,14,5,3,4,6,0,1,0,0,0,0,1,0,"783626,6873","5830180,311",13.18365776,52.5476613,1362.0,27.0
216713,11,12,12500824.0,2021,10,15,2,3,3,6,0,0,0,0,1,0,1,0,"790453,9109","5835950,285",13.28911397,52.59579144,2976.0,27.0
216712,11,12,12500930.0,2021,11,12,2,3,0,7,0,0,0,1,0,0,1,0,"793599,4529","5834642,449",13.33426115,52.58237851,3672.0,34.0
216711,11,1,1100310.0,2021,11,17,5,3,5,3,2,0,0,0,0,0,1,1,"799142,9934","5828910,134",13.41067065,52.52797787,4756.0,20.0
216710,11,2,2500836.0,2021,11,15,1,3,6,4,0,0,1,1,0,0,0,1,"803221,9129","5825577,538",13.46757797,52.49585509,5647.0,32.0
216709,11,3,3400830.0,2021,10,15,2,3,4,6,0,1,0,0,0,0,0,0,"800014,8695","5833422,202",13.42756038,52.56794173,5068.0,31.0
216708,11,12,12200309.0,2021,10,17,1,3,2,6,0,0,1,0,0,0,0,0,"793501,3947","5832403,154",13.33083615,52.56235753,3566.0,26.0
216707,11,4,4300517.0,2021,11,21,7,3,1,5,2,0,1,0,0,0,1,1,"791441,7278","5828497,999",13.29711083,52.52845497,3057.0,32.0
216706,11,12,12400722.0,2021,10,7,6,3,2,6,0,0,1,0,0,0,0,0,"790586,8428","5837296,152",13.29225239,52.60778586,3080.0,33.0
216705,11,6,6100209.0,2021,10,14,7,3,5,2,0,0,1,0,0,0,1,0,"794772,612","5820910,217",13.33935659,52.45864442,3736.0,28.0
216704,11,8,8100104.0,2021,10,21,6,3,3,6,2,1,1,0,0,0,0,1,"800900,9467","5822401,95",13.43062699,52.46867582,5039.0,22.0
216703,11,6,6400838.0,2021,10,18,6,3,1,5,2,0,1,0,0,0,0,0,"788216,1962","5818867,424",13.24136702,52.44382681,2232.0,32.0
216702,11,4,4501041.0,2021,11,11,3,3,2,6,0,1,1,0,0,0,0,0,"793014,0169","5825575,151",13.3176479,52.50140992,3349.0,17.0
216701,11,5,5100104.0,2021,11,18,5,3,5,7,1,1,1,0,0,0,0,1,"785216,7949","5831829,623",13.20846131,52.56161857,1766.0,23.0
216700,11,1,1300835.0,2021,10,9,7,3,1,6,0,1,1,0,0,0,1,0,"797121,6921","5829928,1",13.38187285,52.53820816,4359.0,32.0
216699,11,1,1200623.0,2021,10,5,3,3,6,2,2,0,0,1,0,0,1,0,"795488,5981","5829571,781",13.35754749,52.53590203,3959.0,22.0
216698,11,4,4500936.0,2021,10,1,4,3,0,1,2,0,0,0,0,0,1,0,"792158,4317","5825651,85",13.30514661,52.50255628,3149.0,22.0
216697,11,7,7200307.0,2021,11,16,1,3,0,6,2,1,0,0,0,0,0,1,"794950,6772","5824641,212",13.34526929,52.49199442,3746.0,30.0
216696,11,8,8100416.0,2021,10,8,3,3,0,7,0,0,0,0,0,0,1,0,"801475,3323","5823244,27",13.43981824,52.47590909,5141.0,32.0
216695,11,8,8300935.0,2021,10,13,5,3,6,4,0,0,1,1,0,0,0,0,"802845,1191","5817477,526",13.45469658,52.42346367,5426.0,34.0
216694,11,12,12500926.0,2021,10,11,3,3,6,4,0,0,1,1,0,0,0,0,"793567,9958","5836121,347",13.33510872,52.5956528,3676.0,28.0
216693,11,1,1100101.0,2021,11,18,2,3,5,2,2,1,1,0,0,0,0,1,"795258,3068","5826614,093",13.35153634,52.50951353,3851.0,23.0
216692,11,4,4300624.0,2021,11,14,5,3,2,6,0,1,1,0,0,0,0,0,"792931,0804","5826747,175",13.31746088,52.51196124,3352.0,21.0
216691,11,8,8401241.0,2021,11,13,7,3,5,3,0,0,1,0,0,0,0,0,"803955,9498","5819035,235",13.47239822,52.43680941,5630.0,34.0
216690,11,6,6100209.0,2021,10,18,3,3,2,6,1,0,1,0,0,0,0,0,"794366,0237","5820851,343",13.33333789,52.45833579,3636.0,32.0
216689,11,11,11200513.0,2021,11,7,6,3,5,3,1,1,1,0,0,0,0,0,"804727,1298","5831202,469",13.49483432,52.54543035,6062.0,28.0
216688,11,11,11200411.0,2021,10,17,5,2,5,3,0,1,1,0,0,0,0,0,"805607,4635","5831775,939",13.50830363,52.55007688,6263.0,28.0
216687,11,2,2300314.0,2021,10,20,6,3,4,6,2,0,1,0,0,0,0,1,"800016,7421","5826277,619",13.42113818,52.50390149,4949.0,25.0
216686,11,10,10100205.0,2021,10,15,6,2,0,3,0,0,1,0,1,0,0,1,"807945,9279","5832318,658",13.54318643,52.55362377,6764.0,33.0
216685,11,1,1100415.0,2021,10,23,6,2,5,3,2,0,1,0,0,0,0,0,"797960,9758","5829307,389",13.3936544,52.53218607,4558.0,10.0
216684,11,12,12500930.0,2021,11,5,3,3,5,2,2,1,1,0,0,0,0,1,"792857,8355","5835156,672",13.32380143,52.58738793,3474.0,26.0
216683,11,2,2500830.0,2021,11,8,6,3,0,1,0,0,0,0,1,0,0,1,"802147,4071","5827549,949",13.45358853,52.51412975,5452.0,12.0
216682,11,5,5100317.0,2021,11,6,4,3,2,6,1,0,1,0,0,0,0,1,"786834,5324","5828205,349",13.2291311,52.52827494,2057.0,31.0
216681,11,8,8100521.0,2021,10,22,1,3,6,7,2,0,1,1,0,0,0,0,"803372,0131","5822551,269",13.46702844,52.46864763,5639.0,34.0
216680,11,2,2500832.0,2021,10,14,2,2,5,3,0,0,1,0,1,0,0,0,"803122,8406","5827106,617",13.46751502,52.50961503,5651.0,32.0
216679,11,11,11200411.0,2021,10,5,3,3,5,3,2,1,1,0,0,0,0,0,"805842,2526","5831854,626",13.51182803,52.55065032,6263.0,28.0
216678,11,8,8100417.0,2021,11,16,2,3,6,2,0,1,0,1,0,1,0,0,"802575,9132","5823076,939",13.45582152,52.47380072,5441.0,16.0
216677,11,6,6100208.0,2021,10,12,3,3,2,6,0,0,1,0,0,0,0,1,"794767,8829","5820678,48",13.33908259,52.45656957,3636.0,32.0
216676,11,1,1401046.0,2021,10,9,4,3,5,3,0,1,1,0,0,0,0,0,"795216,8019","5830200,132",13.35411019,52.54168197,3960.0,33.0
216675,11,1,1300834.0,2021,11,18,7,3,6,2,2,0,1,1,0,0,0,1,"798079,2108","5830005,099",13.39601806,52.53837546,4559.0,25.0
216674,11,3,3400619.0,2021,11,18,2,3,0,3,2,0,1,0,1,0,0,1,"795862,8541","5835595,234",13.36842016,52.58969315,4174.0,29.0
216673,11,1,1200520.0,2021,11,11,3,3,2,3,0,1,1,0,0,0,0,1,"794238,6755","5828867,179",13.3385488,52.53026199,3657.0,34.0
216672,11,6,6400842.0,2021,11,14,6,3,6,4,0,1,0,1,0,0,0,0,"789858,5129","5819874,835",13.26633684,52.45199047,2634.0,32.0
216671,11,5,5200423.0,2021,10,13,7,3,6,7,0,0,1,1,0,0,0,0,"781828,869","5828449,732",13.15574691,52.53307724,958.0,30.0
216670,11,11,11401033.0,2021,10,11,7,3,6,4,0,0,0,1,0,0,1,0,"807526,1261","5827735,412",13.53277387,52.51278604,6552.0,34.0
216669,11,2,2100101.0,2021,11,17,3,3,5,2,2,0,1,0,0,0,1,0,"797848,7634","5825634,402",13.38871708,52.4993236,4448.0,10.0
216668,11,6,6400838.0,2021,11,13,5,3,6,4,0,0,0,1,0,0,1,0,"788152,3272","5818746,963",13.24032604,52.44278047,2232.0,32.0
216667,11,5,5100105.0,2021,10,15,6,3,2,6,0,0,1,0,0,0,0,0,"784751,559","5831112,039",13.20100099,52.55542828,1664.0,24.0
216666,11,5,5100315.0,2021,10,11,6,2,2,4,0,0,1,1,0,0,0,0,"784681,5205","5829700,833",13.19876085,52.54281209,1661.0,28.0
216665,11,2,2400521.0,2021,10,21,3,3,5,2,2,0,1,0,0,0,1,1,"800481,5358","5828456,061",13.42993233,52.52317177,5055.0,24.0
216664,11,12,12500928.0,2021,10,18,3,3,0,3,2,0,1,0,1,0,0,0,"791964,6303","5837017,495",13.31229529,52.60454956,3279.0,30.0
216663,11,11,11501238.0,2021,11,9,4,3,5,3,0,1,1,0,0,0,0,0,"804409,1663","5825663,873",13.48509138,52.49596802,5847.0,34.0
216662,11,12,12200309.0,2021,11,18,3,3,2,2,1,0,1,0,1,0,0,1,"793161,611","5832632,956",13.32604097,52.56460063,3567.0,8.0
216661,11,1,1300834.0,2021,10,13,4,3,2,2,0,0,1,0,1,0,0,0,"797568,1559","5830936,875",13.3893398,52.54700696,4462.0,31.0
216660,11,1,1200627.0,2021,10,9,6,3,0,7,0,0,1,0,1,0,0,0,"796059,894","5828502,605",13.36499359,52.52600785,4056.0,28.0
216659,11,12,12200309.0,2021,10,0,2,3,1,1,2,0,1,0,0,0,0,1,"793335,4812","5832828,357",13.32877151,52.56625864,3568.0,30.0
216658,11,4,4300517.0,2021,11,13,6,3,3,6,0,0,1,0,0,0,0,1,"791461,8762","5828332,68",13.29726208,52.52696213,3056.0,27.0
216657,11,6,6200313.0,2021,11,18,1,3,6,2,2,0,1,1,0,0,0,1,"795364,5635","5818443,486",13.34586255,52.43621209,3730.0,21.0
216656,11,8,8100208.0,2021,11,17,4,2,0,4,2,1,0,1,0,0,0,0,"801148,3834","5822855,622",13.43466805,52.47260589,5140.0,28.0
216655,11,12,12500824.0,2021,11,13,3,2,6,4,0,0,1,1,0,0,0,0,"790628,8588","5835888,788",13.29163557,52.59514666,2976.0,27.0
216654,11,7,7601339.0,2021,10,12,6,3,5,2,0,1,1,0,0,0,0,0,"795799,8707","5816024,836",13.3501086,52.41429517,3823.0,25.0
216653,11,12,12200412.0,2021,10,13,5,3,5,7,0,0,1,0,1,0,0,0,"789848,4217","5833676,072",13.27821052,52.57572623,2770.0,31.0
216652,11,6,6400735.0,2021,10,15,1,3,5,7,0,1,1,0,0,0,0,0,"780397,4982","5816677,716",13.12479917,52.42825754,527.0,34.0
216651,11,5,5100317.0,2021,10,6,1,3,2,6,0,0,1,0,0,0,0,0,"786750,5777","5828206,921",13.22789828,52.52833321,2057.0,31.0
216650,11,4,4200311.0,2021,11,10,4,3,2,6,0,0,1,0,0,0,0,0,"790561,9563","5825417,516",13.28148858,52.50130795,2849.0,26.0
216649,11,11,11401136.0,2021,11,10,6,3,5,2,0,0,1,0,0,0,1,0,"805399,6415","5826058,917",13.49999818,52.49895528,6048.0,30.0
216648,11,1,1100310.0,2021,10,16,3,3,6,4,0,1,0,1,0,0,0,1,"799179,9906","5827748,823",13.41016975,52.51754814,4753.0,15.0
216647,11,9,9100101.0,2021,10,9,5,3,5,3,0,1,0,0,0,0,0,0,"801416,4212","5824802,363",13.4403622,52.48990713,5245.0,33.0
216646,11,4,4400728.0,2021,11,9,6,3,5,7,0,0,1,0,1,0,0,0,"790673,3631","5822855,732",13.28089055,52.47828198,2842.0,29.0
216645,11,5,5300840.0,2021,11,20,4,3,2,6,2,0,1,0,0,0,0,0,"789333,4062","5828941,123",13.26650475,52.53355077,2658.0,32.0
216644,11,12,12200310.0,2021,10,18,4,2,0,1,0,0,0,0,1,0,0,0,"792155,1271","5832942,068",13.31150682,52.56791275,3268.0,27.0
216643,11,7,7400721.0,2021,10,5,7,3,9,1,2,0,0,0,1,0,0,1,"797217,0342","5823369,907",13.3774186,52.47936922,4242.0,32.0
216642,11,4,4500937.0,2021,10,12,6,3,1,5,0,1,1,0,0,0,0,0,"790908,6126","5825037,954",13.28624956,52.49772046,2948.0,34.0
216641,11,1,1100310.0,2021,11,9,3,2,5,3,0,1,0,0,0,0,1,1,"799230,0732","5828937,485",13.41197506,52.52817524,4756.0,20.0
216640,11,1,1300835.0,2021,11,17,5,3,6,4,1,0,1,1,0,0,0,1,"797173,4126","5830359,55",13.38301909,52.5420474,4361.0,31.0
216639,11,6,6400844.0,2021,11,13,3,3,3,6,0,0,1,0,0,0,1,0,"792693,3316","5821729,767",13.30956052,52.4671091,3239.0,22.0
216638,11,4,4501045.0,2021,10,21,7,3,0,3,0,0,1,0,0,0,1,0,"793975,188","5824964,16",13.33122785,52.49541572,3547.0,16.0
216637,11,11,11501341.0,2021,10,14,5,3,5,3,0,0,1,0,1,0,0,0,"807139,4063","5823921,605",13.52357693,52.47882402,6442.0,30.0
216636,11,12,12601235.0,2021,10,7,3,3,5,2,2,1,1,0,0,0,0,0,"795280,9343","5836353,89",13.36053154,52.59680995,4077.0,22.0
216635,11,7,7100205.0,2021,11,16,2,3,2,6,1,0,1,0,0,0,0,1,"796333,6392","5825114,651",13.36600035,52.49548936,4047.0,24.0
216634,11,1,1300730.0,2021,11,8,5,3,0,2,0,1,1,0,0,0,0,0,"796220,4654","5832199,576",13.37065005,52.55906021,4166.0,29.0
216633,11,1,1100313.0,2021,11,19,1,3,5,2,2,1,1,0,0,0,0,1,"799969,9895","5826933,14",13.42104211,52.50980291,4951.0,26.0
216632,11,1,1100205.0,2021,10,6,3,3,5,3,0,0,1,0,0,0,1,1,"797405,6141","5826969,978",13.38340124,52.51153722,4352.0,32.0
216631,11,11,11400929.0,2021,11,17,7,3,5,2,2,0,1,0,1,0,0,1,"805342,1987","5827362,508",13.50035009,52.5106708,6051.0,32.0
216630,11,6,6400843.0,2021,11,9,2,3,5,3,0,0,1,0,0,0,0,1,"791207,9823","5819689,265",13.28597725,52.44960959,2934.0,32.0
216629,11,3,3100103.0,2021,10,8,5,3,1,5,0,0,1,0,0,1,0,0,"804311,1992","5840454,118",13.4972165,52.62857987,6086.0,31.0
216628,11,12,12200307.0,2021,10,17,6,3,5,2,1,0,1,0,0,0,0,1,"793432,3554","5833373,918",13.33067929,52.57109706,3569.0,34.0
216627,11,8,8100209.0,2021,10,15,2,3,5,2,0,1,1,0,0,0,0,0,"801719,2083","5822127,913",13.44238844,52.46576829,5238.0,21.0
216626,11,8,8100104.0,2021,10,13,6,3,4,6,0,1,0,0,0,0,1,0,"800225,5666","5822383,837",13.42069821,52.46888503,4939.0,31.0
216625,11,5,5300737.0,2021,11,8,4,3,5,3,0,1,1,0,0,0,0,0,"787583,068","5829933,474",13.24163029,52.54337407,2261.0,29.0
216624,11,10,10400938.0,2021,11,9,5,3,5,3,0,1,0,0,0,0,1,0,"813629,8441","5829140,4",13.62374866,52.52190103,7955.0,35.0
216623,11,10,10300733.0,2021,10,17,6,3,2,6,0,0,1,0,0,0,0,0,"809518,147","5827233,136",13.56156737,52.50715815,7050.0,30.0
216622,11,5,5300840.0,2021,10,15,3,3,4,6,0,0,1,0,0,0,1,0,"789129,382","5829478,833",13.2639731,52.53847974,2559.0,27.0
216621,11,7,7601236.0,2021,10,18,3,3,5,3,2,0,1,0,0,0,0,1,"796457,8117","5816468,636",13.36014719,52.41791758,4024.0,31.0
216620,11,1,1300835.0,2021,10,8,2,3,5,2,0,1,1,0,0,0,0,0,"797774,2035","5829746,023",13.39130208,52.53621992,4459.0,29.0
216619,11,1,1300835.0,2021,11,8,2,3,5,2,0,1,1,0,0,0,0,0,"797418,1723","5830530,983",13.38677104,52.54345054,4461.0,22.0
216618,11,4,4300517.0,2021,10,15,4,3,5,3,0,1,1,0,0,0,0,0,"791712,4075","5828471,092",13.301066,52.52806897,3156.0,30.0