ObjectID,State,District,LOR_ab_2021,AccidentYear,AccidentMonth,AccidentHour,DayOfWeek,AccidentCategory,AccidentType,AccidentTypeDetail,LightingCondition,InvolvingBike,InvolvingCar,InvolvingPedestrian,InvolvingMotorcycle,InvolvingHGV,InvolvingOther,RoadCondition,GraphicCoord1,GraphicCoord2,LongitudeWGS84,LatitudeWGS84,quadrant,quadrant_rank
216617,11,1,1400942.0,2021,10,15,4,3,5,2,0,0,1,0,0,0,0,0,"794495,7058","5830686,308",13.34393914,52.54643041,3762.0,29.0
216616,11,1,1401043.0,2021,11,18,7,3,0,1,2,1,0,0,0,0,0,0,"795831,9193","5830975,652",13.36384461,52.54830015,4062.0,25.0
216615,11,1,1401047.0,2021,11,9,3,3,5,3,0,1,1,0,0,0,0,1,"795353,8292","5830378,598",13.35628351,52.54320751,3961.0,24.0
216614,11,3,3200207.0,2021,11,21,7,3,1,5,2,0,1,0,1,0,0,0,"798464,9872","5835863,245",13.40695911,52.59067393,4775.0,35.0
216613,11,9,9200715.0,2021,10,11,1,3,2,2,0,0,1,0,0,0,0,0,"807716,3288","5818115,271",13.52669539,52.42646196,6427.0,27.0
216612,11,8,8200730.0,2021,10,13,7,2,1,5,0,0,0,0,1,0,1,0,"801780,0207","5818302,746",13.43982525,52.43144879,5128.0,34.0
216611,11,8,8100314.0,2021,11,22,5,3,5,3,2,0,1,0,0,0,0,1,"801071,6524","5823987,328",13.43456352,52.482792,5143.0,4.0
216610,11,9,9200613.0,2021,11,19,5,3,2,6,2,0,1,0,0,0,0,0,"807677,6918","5820991,536",13.52877662,52.45226137,6534.0,35.0
216609,11,3,3701659.0,2021,10,9,2,3,6,7,0,0,1,1,0,0,0,0,"800042,3022","5829518,599",13.42443664,52.53293753,4958.0,31.0
216608,11,11,11300722.0,2021,10,7,4,3,5,2,0,1,1,0,0,0,0,0,"803886,8349","5827888,421",13.47945155,52.51619707,5753.0,26.0
216607,11,2,2400623.0,2021,11,11,5,3,5,2,0,1,1,0,0,0,0,0,"801068,6989","5827113,233",13.43734543,52.51081187,5151.0,31.0
216606,11,4,4400835.0,2021,11,11,3,3,5,2,0,0,1,0,1,0,0,1,"793036,507","5822008,492",13.31484261,52.46942384,3339.0,32.0
216605,11,6,6200317.0,2021,10,13,5,3,5,3,0,0,1,0,0,0,1,0,"795894,7704","5816508,393",13.35192738,52.41857866,3824.0,32.0
216604,11,3,3400721.0,2021,10,15,5,3,1,5,0,1,1,0,0,0,0,1,"798259,97","5833397,704",13.40172322,52.56868647,4668.0,30.0
216603,11,1,1100312.0,2021,10,15,2,3,1,5,0,1,1,0,0,0,0,0,"799712,4594","5827312,969",13.41760087,52.51334903,4852.0,22.0
216602,11,5,5100314.0,2021,11,14,6,3,5,3,0,0,1,0,1,0,0,1,"784900,2106","5830497,765",13.20266052,52.54984301,1663.0,34.0
216601,11,4,4501043.0,2021,11,7,2,3,1,5,0,0,1,0,1,0,0,1,"792604,8729","5824929,312",13.31107019,52.49583969,3247.0,30.0
216600,11,7,7601341.0,2021,11,13,5,2,6,4,0,0,1,1,0,0,0,1,"798081,6462","5814499,868",13.38220136,52.39938756,4319.0,35.0
216599,11,6,6400838.0,2021,11,8,2,3,5,3,0,0,1,0,0,0,0,1,"788489,0957","5821521,05",13.2476638,52.46747413,2339.0,33.0
216598,11,3,3400724.0,2021,10,12,7,3,2,6,0,1,1,0,0,0,0,0,"800002,2602","5834961,477",13.42876759,52.58174554,5072.0,32.0
216597,11,10,10300734.0,2021,10,12,5,3,5,2,0,0,1,0,0,0,0,0,"809581,6716","5824943,404",13.5603724,52.48660223,6944.0,34.0
216596,11,5,5100314.0,2021,10,10,2,3,2,6,0,0,1,0,0,0,0,0,"785149,549","5829617,599",13.20557215,52.54182107,1760.0,21.0
216595,11,5,5300736.0,2021,10,21,4,3,5,2,2,0,1,0,0,0,0,0,"785975,4481","5829217,791",13.21737309,52.53780364,1859.0,27.0
216594,11,4,4501149.0,2021,11,13,7,3,5,2,0,1,1,0,0,0,0,0,"793453,1353","5824404,532",13.32306717,52.49067983,3446.0,17.0
216593,11,9,9200715.0,2021,11,9,2,3,5,3,0,1,1,0,0,0,0,1,"809308,7729","5818515,674",13.5504115,52.42915252,6828.0,29.0
216592,11,11,11300620.0,2021,11,19,3,3,5,2,2,0,1,0,0,0,0,0,"803554,9732","5829754,264",13.47627905,52.53310489,5758.0,24.0
216591,11,1,1200517.0,2021,11,16,2,3,5,3,0,0,1,0,0,0,0,0,"794421,3958","5829388,612",13.34169647,52.53483763,3758.0,24.0
216590,11,5,5400944.0,2021,10,8,7,3,7,7,0,1,0,0,0,0,0,0,"781504,2149","5819762,596",13.1436323,52.45535062,735.0,32.0
216589,11,1,1100207.0,2021,10,11,7,2,5,2,0,0,1,0,1,0,0,0,"797983,873","5826889,55",13.39182489,52.5105007,4451.0,13.0
216588,11,5,5100209.0,2021,11,20,3,3,5,3,2,1,1,0,0,0,0,1,"782816,8934","5830408,905",13.17194199,52.55013197,1263.0,28.0
216587,11,8,2200212.0,2021,11,19,5,3,0,6,2,0,1,0,1,0,0,1,"800295,8944","5824360,358",13.42351026,52.48656279,4944.0,15.0
216586,11,2,2200209.0,2021,10,5,1,3,9,7,2,0,1,0,0,0,0,0,"797739,0156","5824295,407",13.38590851,52.48738095,4345.0,28.0
216585,11,4,4200311.0,2021,10,7,4,3,5,2,0,0,1,0,0,0,0,0,"790479,8249","5826698,569",13.28139989,52.51283641,2852.0,28.0
216584,11,4,4100101.0,2021,10,12,3,3,5,2,0,0,1,0,0,0,0,0,"793341,673","5829714,923",13.32611175,52.53834505,3559.0,17.0
216583,11,3,3300412.0,2021,11,10,5,3,1,5,0,1,1,0,0,0,0,0,"802844,9702","5838284,528",13.47363336,52.60995417,5680.0,33.0
216582,11,6,6400844.0,2021,11,7,3,3,1,5,0,1,1,0,0,0,0,1,"792415,541","5821550,262",13.30532563,52.46564862,3138.0,35.0
216581,11,6,6300528.0,2021,10,10,4,3,5,3,0,1,1,0,0,0,0,0,"788955,3974","5816391,083",13.25007242,52.42123494,2325.0,33.0
216580,11,4,4200310.0,2021,10,10,5,3,2,7,0,0,1,0,1,0,0,1,"789520,0986","5826790,653",13.26737724,52.51417224,2652.0,28.0
216579,11,1,1100101.0,2021,11,20,7,3,5,2,2,0,1,0,0,0,1,0,"794920,9211","5825979,127",13.34601696,52.50400401,3849.0,21.0
216578,11,10,10300734.0,2021,11,22,1,3,4,6,2,0,1,0,0,0,0,1,"809554,3123","5826626,742",13.56153478,52.50170333,7049.0,32.0
216577,11,2,2200211.0,2021,11,16,4,3,6,4,1,0,0,1,0,0,1,0,"798326,1194","5824330,392",13.39456068,52.48737405,4545.0,32.0
216576,11,8,8100417.0,2021,11,17,3,3,1,5,1,1,0,0,0,0,1,0,"802259,5954","5823029,504",13.45113562,52.47355068,5341.0,26.0
216575,11,1,1300834.0,2021,10,15,7,3,6,4,0,1,0,1,0,0,0,0,"797694,797","5830704,218",13.39099336,52.5448523,4461.0,22.0
216574,11,9,9200716.0,2021,10,14,4,2,0,3,0,1,1,0,0,0,0,0,"809225,1386","5819304,099",13.54991445,52.43626561,6830.0,30.0
216573,11,5,5400943.0,2021,10,6,1,2,8,1,2,0,1,0,0,0,0,0,"781372,4831","5819763,385",13.14169943,52.45542553,735.0,32.0
216572,11,3,3501037.0,2021,10,15,1,3,2,1,0,1,0,0,0,0,0,0,"802284,9262","5833102,527",13.46066018,52.5638208,5567.0,35.0
216571,11,12,12100204.0,2021,11,7,4,3,2,3,0,0,1,0,0,0,1,0,"795642,8683","5833008,348",13.36287528,52.56662396,4068.0,28.0
216570,11,3,3601142.0,2021,11,18,5,3,5,2,2,1,0,0,1,0,0,1,"799182,821","5831110,198",13.4132368,52.54767621,4862.0,22.0
216569,11,5,5300735.0,2021,10,15,2,3,5,3,0,0,1,0,0,0,1,0,"786552,9863","5830544,311",13.22700943,52.54939337,2063.0,24.0
216568,11,2,2500830.0,2021,10,20,4,3,5,2,2,1,1,0,0,0,0,0,"802435,142","5827419,528",13.45769721,52.51280133,5452.0,12.0
216567,11,6,6200312.0,2021,11,17,6,2,6,4,1,0,1,1,0,0,0,0,"795148,6928","5818816,722",13.34302581,52.43967448,3731.0,31.0
216566,11,1,1401049.0,2021,11,9,4,3,5,3,0,1,1,0,0,0,0,1,"795963,617","5831986,757",13.36668252,52.55729216,4165.0,26.0
216565,11,5,5100315.0,2021,10,18,4,3,6,4,1,0,1,1,0,0,0,0,"784614,052","5830325,818",13.19830424,52.54845094,1662.0,31.0
216564,11,1,1100310.0,2021,10,23,5,3,5,3,2,0,1,0,0,0,0,0,"799334,9445","5827578,404",13.41229322,52.51593556,4753.0,15.0
216563,11,8,8200729.0,2021,10,21,6,3,1,7,2,0,1,0,0,0,0,1,"801181,2838","5819239,205",13.43188888,52.4401726,5031.0,35.0
216562,11,9,9200717.0,2021,10,21,1,3,5,2,2,1,1,0,0,0,0,1,"809598,3906","5818911,171",13.55502377,52.43253311,6929.0,32.0
216561,11,7,7601341.0,2021,10,12,6,3,2,6,0,0,1,0,1,0,0,0,"797958,6481","5815768,729",13.38152777,52.41082862,4322.0,33.0
216560,11,4,4400833.0,2021,11,18,2,2,6,2,2,0,1,1,0,0,0,0,"791978,8517","5822378,659",13.29964078,52.47330867,3140.0,33.0
216559,11,11,11400931.0,2021,11,14,5,3,0,3,0,0,1,0,1,0,0,1,"806440,5459","5826889,172",13.51604804,52.50581277,6350.0,27.0
216558,11,3,3501038.0,2021,11,14,4,3,5,2,0,0,1,0,0,0,1,0,"803012,3562","5832020,517",13.47037116,52.5537187,5664.0,32.0
216557,11,3,3200204.0,2021,10,18,1,3,2,2,1,0,1,0,1,0,0,0,"798058,7291","5837199,096",13.40218218,52.60287061,4678.0,30.0
216556,11,9,9501737.0,2021,10,15,5,3,1,5,0,0,1,0,0,0,0,0,"813926,3656","5820763,858",13.62021678,52.44666884,7833.0,34.0
216555,11,1,1100310.0,2021,10,7,3,3,5,3,0,1,1,0,0,0,0,0,"799495,5852","5828134,949",13.41515451,52.52083594,4854.0,26.0
216554,11,8,8100419.0,2021,11,13,2,3,6,4,0,0,1,1,0,0,0,1,"802334,9508","5824074,354",13.45318897,52.48287403,5343.0,29.0
216553,11,6,6100206.0,2021,11,11,7,2,5,7,0,1,1,0,0,0,0,0,"794865,5692","5819702,531",13.33965441,52.44776802,3733.0,30.0
216552,11,6,6200313.0,2021,11,7,2,3,2,6,0,0,1,0,0,0,0,1,"795789,25","5818422,221",13.35207282,52.43579196,3829.0,28.0
216551,11,9,9301024.0,2021,10,11,3,3,2,7,0,0,1,0,0,0,1,0,"810722,7638","5815929,952",13.56874123,52.40517883,7121.0,34.0
216550,11,2,2300315.0,2021,11,18,7,3,5,3,2,1,1,0,0,0,0,1,"800678,1981","5825795,319",13.43041849,52.4992144,5048.0,18.0
216549,11,11,11200411.0,2021,11,22,2,2,6,6,2,1,0,1,0,0,0,1,"805605,2246","5831213,828",13.50775348,52.54504034,6261.0,33.0
216548,11,4,4500939.0,2021,11,15,2,3,6,4,0,0,1,1,0,0,0,1,"792760,1314","5824273,021",13.31277395,52.48987297,3345.0,25.0
216547,11,1,1100206.0,2021,10,14,6,3,6,2,0,0,1,1,0,0,0,0,"797404,4857","5827569,64",13.38392061,52.51691312,4353.0,25.0
216546,11,2,2100101.0,2021,10,17,6,3,5,2,0,1,0,0,0,0,1,1,"797665,6338","5826298,123",13.38662062,52.505373,4450.0,19.0
216545,11,11,11200410.0,2021,10,12,2,3,5,2,0,0,1,0,0,0,0,0,"805049,0342","5832926,902",13.50115101,52.56070522,6166.0,35.0
216544,11,7,7400927.0,2021,10,16,6,3,5,2,0,0,1,0,1,0,0,0,"798447,2798","5821056,973",13.39341104,52.45796564,4536.0,34.0
216543,11,3,3601450.0,2021,11,17,3,2,6,7,2,0,1,1,0,0,0,0,"801874,3437","5829865,77",13.45167896,52.53503769,5358.0,32.0
216542,11,6,6100207.0,2021,11,16,5,2,5,3,1,1,1,0,0,0,0,1,"794082,2019","5820369,672",13.32874848,52.45417061,3535.0,31.0
216541,11,9,9301025.0,2021,10,9,7,2,6,4,0,0,1,1,0,0,0,0,"808600,2957","5814981,51",13.53676615,52.39787901,6618.0,35.0
216540,11,3,3300516.0,2021,10,15,3,2,2,6,0,0,1,0,0,0,1,0,"801167,9309","5833191,459",13.444312,52.5652369,5267.0,32.0
216539,11,12,12400619.0,2021,10,17,3,2,4,6,0,1,0,0,0,0,0,0,"789537,3747","5836087,287",13.27574038,52.59750842,2777.0,33.0
216538,11,7,7200307.0,2021,10,21,2,3,5,3,2,1,1,0,0,0,0,1,"794530,5715","5824651,844",13.33910891,52.49231657,3646.0,32.0
216537,11,11,11401137.0,2021,11,18,3,3,3,6,1,0,1,0,0,0,0,0,"807109,9719","5825794,035",13.52487018,52.49562162,6447.0,29.0
216536,11,5,5200629.0,2021,10,15,4,2,6,4,0,0,1,1,0,0,0,0,"784569,9591","5828183,936",13.19582126,52.52926985,1557.0,25.0
216535,11,4,4200309.0,2021,10,16,4,3,2,6,0,0,1,0,1,0,0,0,"788828,6433","5827261,117",13.25762459,52.51875672,2454.0,33.0
216534,11,6,6100207.0,2021,11,10,6,3,5,3,0,0,1,0,0,0,0,1,"793966,0498","5819627,911",13.32639121,52.44758348,3533.0,33.0
216533,11,3,3601245.0,2021,11,17,1,2,5,3,2,0,1,0,1,0,0,1,"800611,1333","5830988,276",13.43412702,52.54579714,5162.0,26.0
216532,11,1,1200623.0,2021,11,9,5,3,5,2,0,0,1,0,0,0,0,1,"795039,0507","5829169,897",13.35058208,52.53254301,3858.0,29.0
216531,11,1,1200629.0,2021,11,12,7,3,5,2,0,1,1,0,0,0,0,0,"794497,2645","5827802,455",13.34140687,52.52057782,3754.0,33.0
216530,11,1,1100308.0,2021,10,16,1,3,9,1,1,0,1,0,0,0,0,0,"797002,835","5828944,464",13.37924659,52.52945577,4257.0,21.0
216529,11,9,9501941.0,2021,10,19,7,3,4,6,2,1,0,0,0,0,0,0,"812074,8367","5821030,198",13.59331104,52.4501155,7434.0,30.0
216528,11,5,5400943.0,2021,11,12,5,3,2,7,0,0,1,0,0,0,0,0,"781159,4003","5819723,019",13.13853782,52.45517324,735.0,32.0
216527,11,4,4200308.0,2021,11,9,6,3,5,3,0,0,1,0,0,0,0,0,"790366,531","5827304,099",13.28026355,52.51832536,2854.0,7.0
216526,11,6,6200312.0,2021,10,21,7,3,1,7,2,0,1,0,0,0,1,0,"794460,6429","5818800,339",13.33291839,52.43989851,3631.0,35.0
216525,11,9,9200512.0,2021,10,18,4,3,5,2,1,1,1,0,0,0,0,0,"808150,6809","5821877,506",13.53653258,52.45993509,6637.0,34.0
216524,11,12,12500825.0,2021,11,16,5,3,2,6,1,0,1,0,0,0,0,0,"792749,2601","5835170,031",13.32221517,52.58756612,3474.0,26.0
216523,11,3,3400724.0,2021,11,8,3,2,5,2,0,1,1,0,0,0,0,1,"800027,0981","5834546,18",13.42875718,52.57800946,5071.0,29.0
216522,11,8,8401243.0,2021,10,15,5,3,5,3,0,0,1,0,0,0,0,0,"805349,693","5817310,434",13.49126271,52.42057431,5925.0,27.0
216521,11,3,3601450.0,2021,10,10,5,3,0,1,0,0,0,0,1,0,0,1,"802634,2819","5829556,023",13.4625667,52.53184005,5558.0,32.0
216520,11,4,4400830.0,2021,10,15,6,3,0,1,0,0,0,0,1,0,0,1,"791210,6728","5822720,45",13.28866158,52.47678293,2941.0,29.0
216519,11,9,9501736.0,2021,11,23,1,2,9,1,2,0,1,0,0,0,0,1,"812397,583","5821325,209",13.59832073,52.45257485,7534.0,34.0
216518,11,7,7400822.0,2021,11,18,5,3,2,6,2,0,1,0,0,0,0,1,"796818,7093","5821758,629",13.3701369,52.46514225,4138.0,34.0
216517,11,1,1300732.0,2021,11,17,3,3,0,3,1,1,1,0,0,0,0,0,"797591,9365","5832772,584",13.39133514,52.56344871,4467.0,26.0
216516,11,8,8100207.0,2021,10,15,6,3,5,7,0,0,1,0,0,0,0,0,"800716,8372","5823418,821",13.42884159,52.47789178,5042.0,30.0
216515,11,4,4501146.0,2021,10,11,5,3,3,6,0,1,1,0,0,0,0,0,"793309,5801","5823814,716",13.32043979,52.48546949,3444.0,17.0
216514,11,11,11100204.0,2021,10,7,2,3,6,4,1,0,1,1,0,0,0,0,"805806,4908","5833600,605",13.51291092,52.56631824,6268.0,30.0
216513,11,10,10200422.0,2021,10,14,1,3,5,3,0,1,0,0,0,0,0,0,"812448,0358","5831418,542",13.6085282,52.54299402,7761.0,35.0
216512,11,7,7501029.0,2021,11,22,5,3,2,6,2,0,1,0,0,0,1,1,"797537,2614","5819920,01",13.37904434,52.4482701,4233.0,29.0
216511,11,5,5300736.0,2021,11,4,7,3,0,1,2,0,0,0,0,0,1,0,"786778,9699","5830244,928",13.23007456,52.54659029,2062.0,35.0
216510,11,6,6200422.0,2021,10,10,2,3,2,6,0,0,1,0,0,1,0,0,"794084,497","5817433,745",13.32619854,52.42784988,3527.0,30.0
216509,11,7,7400822.0,2021,10,9,5,3,5,2,0,0,1,0,1,0,0,0,"796815,0175","5822356,35",13.37061442,52.47050228,4140.0,22.0
216508,11,1,1200519.0,2021,11,0,6,3,0,7,2,1,0,0,0,0,0,1,"793913,8261","5828577,902",13.33351806,52.52784405,3656.0,27.0
216507,11,1,1401045.0,2021,10,1,5,3,8,1,2,0,1,0,0,0,0,0,"796626,2426","5831921,983",13.37637012,52.55635102,4265.0,16.0
216506,11,6,6400737.0,2021,10,19,6,3,5,7,2,0,1,0,0,0,0,1,"787126,24","5817225,66",13.22396448,52.42968047,1928.0,34.0
216505,11,3,3701554.0,2021,10,13,7,2,6,4,0,1,0,1,0,0,0,0,"799026,9657","5829786,052",13.40975334,52.53589281,4759.0,29.0
216504,11,8,8100311.0,2021,10,17,7,3,6,7,0,0,0,1,0,0,1,0,"800889,2706","5824595,312",13.43243473,52.48834206,5045.0,24.0
216503,11,3,3601346.0,2021,11,17,2,3,2,6,2,1,1,0,0,0,1,1,"799423,2596","5831054,606",13.41672193,52.54704581,4862.0,22.0
216502,11,4,4501147.0,2021,11,9,6,3,6,4,0,1,0,1,0,0,0,1,"793376,4889","5824125,938",13.32169626,52.48822353,3445.0,28.0
216501,11,4,4200311.0,2021,11,7,4,3,5,2,0,0,1,0,0,0,0,1,"790501,4279","5826496,112",13.2815406,52.51100987,2851.0,16.0
216500,11,4,4300517.0,2021,10,2,1,3,8,1,2,0,1,0,0,0,1,0,"791693,3316","5827870,479",13.30025875,52.52269479,3155.0,30.0
216499,11,8,8100104.0,2021,10,7,5,3,2,6,0,0,0,0,0,0,1,1,"800858,5133","5822531,696",13.4301212,52.46986215,5039.0,22.0
216498,11,3,3500933.0,2021,10,9,3,3,2,7,0,0,1,0,1,0,0,0,"801945,2773","5832567,943",13.45517822,52.55921784,5466.0,28.0
216497,11,7,7100206.0,2021,11,13,2,3,1,5,0,1,1,0,0,0,0,1,"796831,8052","5824298,087",13.37258938,52.48789897,4145.0,33.0
216496,11,1,1401047.0,2021,11,14,7,3,5,2,0,0,1,0,0,0,1,0,"795523,4997","5830731,026",13.35909173,52.54627471,3962.0,27.0
216495,11,12,12500929.0,2021,11,10,2,3,2,2,0,0,1,0,0,0,0,1,"795288,629","5837671,484",13.36182016,52.60861667,4080.0,35.0
216494,11,12,12601031.0,2021,10,7,4,3,2,2,0,0,1,0,0,0,0,1,"792927,309","5837087,05",13.32653152,52.60465522,3579.0,35.0
216493,11,5,5100208.0,2021,11,19,7,2,6,2,2,0,1,1,0,0,0,1,"782372,2307","5830489,502",13.16547,52.55108533,1163.0,25.0
216492,11,1,1100310.0,2021,11,20,1,3,5,2,2,0,1,0,0,0,0,1,"799248,351","5828469,191",13.41182226,52.52396765,4755.0,4.0
216491,11,8,8100209.0,2021,11,16,4,3,5,2,0,1,1,0,0,0,0,0,"801290,6271","5822290,201",13.43624528,52.46745943,5139.0,27.0
216490,11,4,4500938.0,2021,11,4,6,3,8,1,2,0,1,0,0,0,0,1,"791160,5848","5824745,162",13.28969489,52.49496121,2947.0,14.0
216489,11,4,4300416.0,2021,11,7,2,3,5,2,1,0,0,0,1,0,1,0,"791863,8541","5826441,684",13.30151157,52.50979466,3151.0,24.0
216488,11,9,9200715.0,2021,11,10,5,3,2,7,0,0,1,0,0,0,0,2,"809506,4965","5818326,496",13.55313529,52.42734531,6827.0,27.0
216487,11,1,1401046.0,2021,11,22,7,3,6,2,2,0,1,1,0,0,0,0,"794893,882","5830255,095",13.3494112,52.54234954,3861.0,24.0
216486,11,9,9200819.0,2021,10,18,2,3,0,7,0,0,0,0,0,0,1,0,"809846,241","5820474,626",13.56010712,52.44640416,6933.0,31.0
216485,11,5,5100314.0,2021,10,12,5,3,6,4,0,0,1,1,0,0,0,1,"785150,7684","5829619,73",13.20559191,52.54183953,1760.0,21.0
216484,11,9,9200510.0,2021,11,10,7,3,5,3,0,1,1,0,0,0,0,0,"806552,0436","5822297,33",13.51346283,52.46459675,6238.0,27.0
216483,11,6,6100210.0,2021,10,14,5,3,0,7,0,0,0,0,0,1,1,0,"795265,6634","5820983,098",13.34665661,52.45903159,3836.0,27.0
216482,11,12,12100205.0,2021,10,7,5,3,5,3,0,1,0,0,0,0,1,1,"794804,5494","5834234,427",13.35163281,52.57806933,3871.0,28.0
216481,11,9,9501737.0,2021,10,14,7,2,4,1,0,0,1,0,0,0,0,0,"815262,0786","5824467,34",13.64330312,52.4790863,8242.0,35.0
216480,11,4,4300412.0,2021,10,5,1,2,5,3,2,1,1,0,0,0,0,0,"791660,735","5827541,028",13.29949078,52.51975876,3154.0,24.0
216479,11,1,1100206.0,2021,10,11,6,3,2,6,0,0,1,0,1,0,0,0,"797398,2009","5827737,342",13.38397818,52.51841979,4354.0,25.0
216478,11,6,6100101.0,2021,11,14,2,2,6,4,0,0,0,1,0,1,0,0,"793490,0427","5820651,948",13.32030723,52.4570194,3436.0,26.0
216477,11,4,4300620.0,2021,11,17,5,3,6,4,2,0,1,1,0,0,0,1,"793540,0672","5827905,997",13.32743128,52.52202214,3555.0,17.0
216476,11,7,7501031.0,2021,11,15,4,3,1,4,0,0,1,1,0,0,0,0,"798042,1075","5820208,02",13.38670783,52.45057682,4434.0,34.0
216475,11,2,2200209.0,2021,10,16,1,3,3,6,0,0,1,0,1,0,0,0,"796853,8211","5823981,32",13.37263054,52.48504749,4144.0,28.0
216474,11,6,6400841.0,2021,10,19,5,3,5,3,2,0,1,0,0,0,0,0,"790190,0755","5818819,251",13.27028533,52.44235094,2631.0,30.0
216473,11,2,2500835.0,2021,10,14,3,3,6,4,0,0,1,1,0,0,0,0,"803058,248","5826186,663",13.46572878,52.5014055,5549.0,29.0
216472,11,1,1300733.0,2021,11,16,3,3,2,6,1,0,1,0,0,0,0,0,"797157,9969","5831907,354",13.38417749,52.55593,4365.0,7.0
216471,11,11,11300619.0,2021,11,1,7,3,9,1,2,0,1,0,0,0,0,0,"803009,4899","5828694,293",13.46729585,52.52390809,5655.0,31.0
216470,11,1,1100207.0,2021,11,11,2,3,5,3,0,1,1,0,0,0,0,0,"797864,9741","5826764,483",13.38996617,52.50944457,4451.0,13.0
216469,11,5,5200629.0,2021,10,15,3,2,1,5,0,1,0,0,0,0,1,1,"784471,9725","5828460,572",13.19461744,52.53180133,1558.0,22.0
216468,11,11,11300722.0,2021,11,12,7,2,4,6,0,0,1,0,0,0,0,0,"803940,2823","5828664,768",13.48094609,52.52312542,5855.0,27.0
216467,11,3,3500932.0,2021,11,20,1,3,2,6,2,0,1,0,0,0,0,1,"802058,8968","5832762,495",13.45702623,52.56089858,5466.0,28.0
216466,11,9,9501939.0,2021,11,14,3,3,6,4,0,1,0,1,0,0,0,1,"811030,0237","5821829,475",13.57873063,52.45787365,7236.0,24.0
216465,11,1,1400940.0,2021,11,18,6,3,3,6,1,1,1,0,0,0,0,1,"795022,1672","5832177,86",13.35300578,52.55951608,3966.0,29.0
216464,11,10,10100311.0,2021,10,10,6,3,5,3,0,0,1,0,0,0,0,0,"806820,6083","5830314,432",13.5247895,52.53629682,6459.0,29.0
216463,11,5,5100208.0,2021,10,16,6,3,3,1,0,1,1,0,0,0,0,1,"781678,7671","5830480,223",13.15526165,52.5513612,963.0,33.0
216462,11,6,6400844.0,2021,10,17,7,2,6,4,1,0,1,1,0,0,0,0,"791257,8469","5821407,072",13.28820751,52.46498329,2938.0,35.0
216461,11,9,9200510.0,2021,11,15,4,3,6,4,0,1,0,1,0,0,0,0,"806595,0403","5822109,026",13.51392078,52.46288498,6237.0,31.0
216460,11,11,11400927.0,2021,11,9,5,3,5,3,0,0,1,0,0,0,0,1,"803409,3717","5826631,222",13.47129075,52.50519489,5650.0,29.0
216459,11,3,3601451.0,2021,10,9,6,3,1,5,0,1,1,0,0,0,0,0,"801048,258","5829879,775",13.43954933,52.53562014,5159.0,27.0
216458,11,3,3500936.0,2021,10,16,6,3,0,7,0,0,1,0,0,0,0,0,"801589,6857","5831143,579",13.44865484,52.54664832,5362.0,25.0
216457,11,4,4300619.0,2021,10,13,3,3,5,2,0,0,1,0,1,0,0,0,"792138,957","5827439,564",13.30642972,52.51859316,3254.0,31.0
216456,11,8,8100104.0,2021,10,11,4,3,1,5,0,1,1,0,0,1,0,0,"800782,4092","5822704,381",13.4291599,52.47145189,5040.0,25.0
216455,11,12,12601235.0,2021,10,11,2,3,5,3,0,0,1,0,0,0,0,0,"795272,4958","5836364,431",13.36041672,52.59690903,4077.0,22.0
216454,11,6,6100205.0,2021,11,15,3,3,2,2,0,0,1,0,1,0,0,1,"795531,7","5819952,234",13.3496484,52.44964678,3834.0,26.0
216453,11,12,12500930.0,2021,10,14,4,3,5,2,0,0,1,0,0,0,1,0,"792353,105","5834071,089",13.31541487,52.57792765,3371.0,28.0
216452,11,8,8200622.0,2021,11,23,6,3,5,3,1,0,1,0,0,0,1,1,"801652,924","5821573,341",13.44091446,52.46083413,5237.0,31.0
216451,11,4,4200203.0,2021,11,13,7,3,5,3,0,1,1,0,0,0,0,0,"788310,7919","5826875,737",13.2496798,52.51557566,2353.0,31.0
216450,11,5,5300735.0,2021,11,18,4,3,5,2,1,0,1,0,0,0,0,0,"786567,6912","5830553,726",13.22723383,52.54947005,2063.0,24.0
216449,11,3,3400724.0,2021,11,15,1,2,6,4,0,0,1,1,0,0,0,0,"799953,7824","5834418,827",13.42756324,52.57690838,5071.0,29.0
216448,11,5,5200420.0,2021,10,13,7,3,2,6,0,0,1,0,0,0,0,0,"783126,0221","5828609,154",13.174955,52.53383438,1258.0,32.0
216447,11,6,6200421.0,2021,10,15,7,3,1,1,0,1,1,0,0,0,0,1,"793946,9837","5818443,335",13.32506945,52.43697443,3430.0,35.0
216446,11,2,2200210.0,2021,11,19,4,3,5,3,2,0,1,0,0,0,0,0,"798943,3559","5825242,189",13.4044419,52.49520945,4647.0,23.0
216445,11,8,8100417.0,2021,11,14,6,3,5,3,0,1,1,0,0,0,0,0,"802020,0114","5822909,205",13.44751009,52.47260494,5340.0,23.0
216444,11,3,3200205.0,2021,10,18,7,3,5,2,1,1,1,0,0,0,0,0,"798198,357","5835280,402",13.40251027,52.58559586,4673.0,35.0
216443,11,6,6200313.0,2021,10,22,3,3,6,4,2,0,1,1,0,0,0,1,"795366,2865","5818469,253",13.34591059,52.43644214,3730.0,21.0