ObjectID,State,District,LOR_ab_2021,AccidentYear,AccidentMonth,AccidentHour,DayOfWeek,AccidentCategory,AccidentType,AccidentTypeDetail,LightingCondition,InvolvingBike,InvolvingCar,InvolvingPedestrian,InvolvingMotorcycle,InvolvingHGV,InvolvingOther,RoadCondition,GraphicCoord1,GraphicCoord2,LongitudeWGS84,LatitudeWGS84,quadrant,quadrant_rank
216442,11,11,11300721.0,2021,11,13,5,3,5,3,0,1,1,0,0,0,0,0,"804919,7201","5829937,537",13.49650479,52.53398574,6058.0,26.0
216441,11,6,6100102.0,2021,11,2,4,3,8,1,2,0,1,0,0,0,0,1,"793793,6785","5820806,758",13.3248993,52.45824408,3436.0,26.0
216440,11,3,3601453.0,2021,10,10,5,3,5,3,0,1,1,0,0,0,0,0,"802881,6657","5828633,522",13.4653622,52.52343443,5555.0,30.0
216439,11,2,2300417.0,2021,10,19,5,3,5,3,1,1,1,0,0,0,0,1,"800510,645","5825448,053",13.42764435,52.49619403,5047.0,31.0
216438,11,1,1200628.0,2021,10,21,6,3,9,1,2,0,0,0,1,0,0,0,"796612,9963","5828721,212",13.37331754,52.52766681,4256.0,27.0
216437,11,10,10200419.0,2021,11,6,2,3,6,2,1,0,1,1,0,0,0,1,"811830,5982","5831480,786",13.59951151,52.54390549,7561.0,34.0
216436,11,9,9200613.0,2021,11,16,5,3,5,3,1,1,1,0,0,0,0,1,"805824,7548","5821876,437",13.50240504,52.46123204,6137.0,27.0
216435,11,6,6300632.0,2021,11,16,2,3,2,6,2,0,1,0,0,0,0,0,"792816,2933","5817558,724",13.30770913,52.42965053,3228.0,25.0
216434,11,8,8100105.0,2021,10,15,7,3,6,4,0,0,1,1,0,0,0,0,"800447,3096","5822013,439",13.42361922,52.46544309,4938.0,32.0
216433,11,6,6100206.0,2021,10,18,5,2,5,3,2,1,1,0,0,0,0,0,"794238,0953","5819389,236",13.33017236,52.44529752,3532.0,31.0
216432,11,1,1401046.0,2021,10,15,3,3,5,7,0,1,1,0,0,0,0,0,"795050,835","5829941,619",13.35144046,52.53945451,3860.0,28.0
216431,11,1,1100312.0,2021,11,15,2,3,1,5,0,1,1,0,0,0,0,1,"799147,793","5826948,686",13.40897735,52.51039374,4751.0,30.0
216430,11,5,5200524.0,2021,11,9,5,3,5,3,0,0,1,0,0,0,1,0,"780345,6741","5827611,941",13.13323173,52.52632993,656.0,33.0
216429,11,1,1100206.0,2021,11,1,1,3,5,3,2,0,1,0,0,0,0,0,"797878,0887","5827467,419",13.39078803,52.51573836,4453.0,15.0
216428,11,10,10100311.0,2021,10,10,3,3,2,6,0,0,1,0,0,0,0,1,"806330,6357","5830178,518",13.51746286,52.53535435,6359.0,19.0
216427,11,6,6400843.0,2021,11,11,5,3,2,2,0,0,1,0,0,0,0,0,"791712,7072","5819389,167",13.29312106,52.44665011,3033.0,33.0
216426,11,10,10100311.0,2021,10,14,5,3,5,2,0,1,1,0,0,0,0,0,"807203,9153","5829146,089",13.52934344,52.52561018,6556.0,30.0
216425,11,1,1100416.0,2021,10,9,6,3,5,3,0,1,1,0,0,0,0,0,"798755,9685","5829618,285",13.40561898,52.53453765,4658.0,16.0
216424,11,1,1401046.0,2021,10,23,7,3,5,2,2,0,1,0,0,0,0,0,"794900,2109","5830245,536",13.34949577,52.54226042,3861.0,24.0
216423,11,1,1300733.0,2021,10,16,6,2,6,7,0,1,0,1,0,0,0,0,"797282,0498","5831910,379",13.3860046,52.55588942,4365.0,7.0
216422,11,3,3601244.0,2021,11,10,3,3,5,3,0,1,1,0,0,0,0,0,"800084,3778","5831671,474",13.42699977,52.55221122,5064.0,18.0
216421,11,10,10200524.0,2021,11,7,6,2,6,7,0,0,1,1,0,0,0,1,"813242,0184","5831053,498",13.61985376,52.53926706,7860.0,31.0
216420,11,1,1100206.0,2021,11,13,4,3,5,2,0,1,1,0,0,0,0,0,"798034,5078","5827395,429",13.39302184,52.51500761,4453.0,15.0
216419,11,4,4400830.0,2021,10,22,1,3,6,4,2,0,1,1,0,0,0,0,"792542,0606","5823083,697",13.30852754,52.47932785,3242.0,25.0
216418,11,7,7200308.0,2021,10,17,3,3,5,5,0,0,0,0,1,0,1,0,"794842,8803","5823753,204",13.34290054,52.48409223,3744.0,25.0
216417,11,7,7400927.0,2021,10,12,4,3,6,7,0,0,0,1,0,0,1,0,"797842,8234","5820909,781",13.38440991,52.45697597,4336.0,30.0
216416,11,11,11100204.0,2021,11,15,2,3,2,6,0,0,1,0,0,0,0,0,"805784,804","5833555,425",13.51255032,52.56592551,6268.0,30.0
216415,11,5,5200631.0,2021,10,7,3,3,0,7,1,0,1,0,0,0,0,1,"784737,0397","5827496,108",13.19768857,52.52301553,1555.0,28.0
216414,11,1,1100102.0,2021,10,17,1,3,5,2,0,1,1,0,0,0,0,0,"796117,8949","5826716,957",13.36425665,52.50996969,4051.0,32.0
216413,11,1,1100206.0,2021,11,9,7,3,5,3,0,0,1,0,0,1,0,0,"798030,4797","5827394,75",13.39296204,52.51500372,4453.0,15.0
216412,11,5,5100105.0,2021,11,9,2,3,5,3,0,0,1,0,1,0,0,1,"784295,3398","5831099,184",13.1942789,52.55555138,1564.0,32.0
216411,11,4,4501042.0,2021,11,9,3,3,0,7,0,1,0,0,0,0,0,0,"794246,2492","5826080,785",13.33619566,52.50527957,3650.0,20.0
216410,11,8,8100417.0,2021,11,16,6,3,6,7,2,0,0,1,0,0,1,1,"802128,8592","5823185,035",13.44935756,52.47501705,5341.0,26.0
216409,11,8,8100314.0,2021,10,22,7,3,5,3,2,0,1,0,0,0,0,1,"801069,2014","5824002,293",13.43454105,52.48292748,5143.0,4.0
216408,11,11,11401136.0,2021,10,9,1,3,5,2,0,1,1,0,0,0,0,0,"805888,9095","5825854,825",13.5069958,52.49685213,6147.0,33.0
216407,11,11,11401137.0,2021,11,12,4,3,6,4,0,0,0,1,0,0,1,0,"806717,7468","5826848,384",13.5200818,52.50529147,6350.0,27.0
216406,11,11,11400929.0,2021,11,18,5,3,6,4,2,0,1,1,0,0,0,1,"804994,1716","5826578,327",13.49451935,52.50383726,6049.0,34.0
216405,11,2,2500831.0,2021,10,18,7,3,0,3,0,0,1,0,1,0,0,0,"803051,4016","5827141,725",13.46649757,52.50996939,5551.0,9.0
216404,11,5,5200629.0,2021,10,15,6,3,6,7,0,0,0,1,0,0,1,0,"784679,3863","5828618,962",13.19780256,52.53311315,1558.0,22.0
216403,11,7,7601236.0,2021,10,11,4,3,5,2,0,1,1,0,0,0,0,0,"796517,6104","5816370,495",13.36093695,52.41700543,4024.0,31.0
216402,11,10,10100205.0,2021,10,16,3,3,5,7,0,0,1,0,0,0,0,0,"808405,1193","5833058,021",13.5506247,52.55998995,6866.0,33.0
216401,11,4,4501149.0,2021,11,17,5,3,1,5,2,1,1,0,0,0,0,1,"793683,0007","5824444,585",13.3264783,52.49091527,3546.0,24.0
216400,11,4,4501043.0,2021,11,7,3,3,0,2,2,0,1,0,1,0,0,1,"792690,9697","5825315,546",13.31267419,52.49925601,3348.0,20.0
216399,11,9,9501941.0,2021,10,7,4,3,2,2,1,0,1,0,0,0,0,0,"812053,6698","5821202,972",13.59316199,52.45167587,7434.0,30.0
216398,11,7,7501133.0,2021,10,10,4,3,5,2,0,1,1,0,0,0,0,0,"797864,2274","5818822,378",13.38286278,52.43825294,4330.0,27.0
216397,11,1,1401045.0,2021,10,8,2,3,0,6,0,0,1,0,1,0,0,0,"796513,3301","5831964,114",13.37474715,52.55679016,4265.0,16.0
216396,11,5,5300736.0,2021,11,17,6,3,2,6,1,0,1,0,1,0,0,1,"786622,6382","5829252,732",13.22691936,52.53777689,2059.0,31.0
216395,11,11,11200512.0,2021,11,9,7,3,0,1,0,1,0,0,0,0,0,1,"803066,2957","5830638,516",13.46990318,52.54130217,5660.0,34.0
216394,11,2,2200208.0,2021,11,14,4,3,4,6,0,1,0,0,0,0,0,0,"797780,6663","5824941,871",13.3870978,52.49315304,4446.0,18.0
216393,11,6,6400844.0,2021,11,20,2,2,0,1,2,0,0,0,1,0,0,0,"790559,0963","5821428,641",13.27796973,52.4655487,2738.0,34.0
216392,11,5,5300736.0,2021,10,16,7,3,2,6,0,0,1,0,1,0,0,0,"785946,239","5829213,412",13.21693984,52.5377797,1859.0,27.0
216391,11,4,4501041.0,2021,10,12,5,3,2,6,0,0,1,0,0,0,0,0,"793109,3371","5825604,627",13.31907408,52.50162296,3449.0,19.0
216390,11,12,12500930.0,2021,10,11,2,3,5,2,0,1,1,0,0,0,0,0,"792341,5262","5834069,251",13.31524287,52.5779174,3371.0,28.0
216389,11,4,4200308.0,2021,10,20,1,3,1,5,2,0,1,0,0,0,0,0,"790150,2626","5827330,851",13.27710855,52.51868031,2754.0,26.0
216388,11,10,10200526.0,2021,11,13,4,3,2,6,0,1,1,0,0,0,0,0,"812041,4078","5830308,574",13.60150933,52.53328047,7558.0,34.0
216387,11,7,7300517.0,2021,11,15,6,3,0,1,0,0,0,0,1,0,0,1,"794717,3373","5822789,136",13.34020497,52.4755177,3741.0,32.0
216386,11,3,3400722.0,2021,10,16,2,2,5,7,0,1,1,0,0,0,0,0,"798659,2472","5833891,303",13.40804131,52.57289193,4770.0,31.0
216385,11,1,1100313.0,2021,9,7,4,3,3,6,0,1,1,0,0,0,0,0,"800470,5651","5826677,472",13.42816503,52.50723579,5050.0,20.0
216384,11,10,10400941.0,2021,9,16,2,3,6,4,0,0,1,1,0,0,0,0,"812484,9325","5824288,71",13.60237681,52.4790816,7642.0,33.0
216383,11,4,4400835.0,2021,9,7,3,3,5,2,0,1,0,0,0,0,1,0,"792983,2153","5822380,533",13.31438708,52.47278767,3340.0,29.0
216382,11,1,1100103.0,2021,9,20,2,3,1,5,1,1,1,0,0,0,0,0,"795807,8734","5825682,91",13.35878309,52.50086854,3948.0,27.0
216381,11,1,1401048.0,2021,9,12,6,3,6,7,0,1,0,1,0,0,0,0,"795215,493","5831127,977",13.35491565,52.55000002,3963.0,29.0
216380,11,4,4501153.0,2021,9,16,4,3,0,1,0,1,0,0,0,0,0,0,"793861,7066","5823208,941",13.32801343,52.4797421,3542.0,20.0
216379,11,4,4300413.0,2021,8,20,2,3,0,3,2,0,1,0,1,0,0,1,"790936,6158","5826821,097",13.28821921,52.51369142,2952.0,30.0
216378,11,2,2300316.0,2021,8,14,6,3,5,2,0,1,1,0,0,0,0,0,"800743,2511","5826526,047",13.43203388,52.50572828,5050.0,20.0
216377,11,4,4400832.0,2021,9,15,2,3,1,5,0,1,1,0,0,0,0,0,"791343,9004","5822414,572",13.29035045,52.47396967,2941.0,29.0
216376,11,10,10300732.0,2021,9,12,7,3,5,3,0,0,1,0,0,1,0,0,"809961,6799","5830038,8",13.57069555,52.5320495,7158.0,34.0
216375,11,8,8100312.0,2021,9,16,7,3,3,6,0,1,0,0,0,0,1,0,"801153,9972","5824103,709",13.43587758,52.48378974,5144.0,27.0
216374,11,6,6200423.0,2021,10,14,6,3,5,2,0,1,1,0,0,0,0,0,"793370,8957","5816219,837",13.3146688,52.41735055,3324.0,31.0
216373,11,7,7300517.0,2021,9,19,3,3,6,4,2,0,0,1,0,0,1,0,"794402,9477","5822423,081",13.33526636,52.47240576,3640.0,27.0
216372,11,2,2200210.0,2021,9,14,3,2,5,3,0,1,0,0,0,0,1,0,"798988,7915","5824762,965",13.40467912,52.49088898,4646.0,22.0
216371,11,5,5100316.0,2021,8,12,5,3,2,2,0,0,1,0,1,0,0,1,"784786,0883","5828826,12",13.19954887,52.53491479,1658.0,9.0
216370,11,10,10100316.0,2021,8,13,3,3,5,2,0,1,1,0,0,0,0,0,"810051,5781","5831661,128",13.57353036,52.54653685,7162.0,28.0
216369,11,11,11401137.0,2021,9,20,6,3,0,7,2,0,0,0,0,0,1,0,"806830,7919","5826250,176",13.52119091,52.49986665,6448.0,33.0
216368,11,5,5100316.0,2021,9,8,5,3,6,4,0,1,0,1,0,0,0,0,"783966,6029","5829270,093",13.18787902,52.53932311,1460.0,35.0
216367,11,3,3400619.0,2021,9,17,3,3,5,2,0,1,1,0,0,0,0,0,"795817,8747","5835211,417",13.36741544,52.58627711,4173.0,33.0
216366,11,1,1200623.0,2021,9,17,7,3,5,7,0,1,1,0,0,0,0,0,"795291,2922","5828737,182",13.35390555,52.52852749,3957.0,34.0
216365,11,7,7100101.0,2021,9,1,4,2,5,3,2,0,1,0,0,0,0,0,"794602,1954","5825490,819",13.34090279,52.49979881,3748.0,25.0
216364,11,1,1300835.0,2021,9,19,7,3,3,7,1,1,0,0,0,0,0,0,"797726,6677","5830159,291",13.39097358,52.53995031,4460.0,35.0
216363,11,2,2200210.0,2021,8,23,7,3,5,3,2,0,1,0,0,0,0,0,"798430,808","5824775,733",13.3964967,52.49130876,4546.0,21.0
216362,11,1,1200626.0,2021,9,9,5,2,3,5,0,1,0,0,1,0,0,0,"794896,2855","5828295,176",13.34770763,52.52477906,3855.0,29.0
216361,11,1,1100104.0,2021,9,16,5,3,6,7,0,0,1,1,0,0,0,0,"796425,9921","5825905,97",13.36806102,52.50253264,4149.0,34.0
216360,11,1,1100308.0,2021,9,12,4,3,5,3,0,0,1,0,0,0,0,0,"797003,1836","5828603,436",13.37894708,52.52639864,4256.0,27.0
216359,11,3,3300411.0,2021,9,12,4,3,4,6,0,1,0,0,0,0,0,0,"803752,3255","5839284,523",13.48791037,52.61841028,5983.0,31.0
216358,11,1,1100207.0,2021,8,9,6,3,0,1,0,0,0,0,1,0,0,1,"798738,7492","5827650,01",13.40359764,52.5169043,4653.0,31.0
216357,11,3,3200308.0,2021,8,17,4,2,5,2,0,0,1,0,1,0,0,0,"800179,3503","5836542,467",13.43280582,52.59581852,5076.0,28.0
216356,11,1,1401044.0,2021,9,17,7,3,0,1,0,0,0,0,0,0,1,0,"796375,033","5831051,473",13.37189847,52.5486846,4162.0,29.0
216355,11,5,5400944.0,2021,9,8,6,3,2,1,0,0,1,0,0,0,0,0,"781655,8501","5819776,319",13.14586954,52.45539555,835.0,35.0
216354,11,2,2300314.0,2021,9,12,3,3,6,2,0,0,1,1,0,0,0,0,"799912,4055","5825986,197",13.41934314,52.50134672,4849.0,21.0
216353,11,6,6400737.0,2021,9,7,3,2,5,3,0,1,1,0,0,0,0,0,"786291,9431","5817653,391",13.21209329,52.43395276,1829.0,35.0
216352,11,4,4300412.0,2021,9,10,5,3,3,6,0,1,0,0,1,0,0,0,"790955,9003","5827408,634",13.28901639,52.51894838,2954.0,29.0
216351,11,8,8100206.0,2021,9,13,3,3,2,6,0,0,1,0,0,0,0,0,"800426,0981","5823802,913",13.42491964,52.48149456,4943.0,28.0
216350,11,4,4501150.0,2021,9,15,3,3,6,7,0,0,1,1,0,0,0,0,"793519,3894","5823937,435",13.32362878,52.48645686,3444.0,17.0
216349,11,3,3601450.0,2021,8,22,1,3,1,1,2,0,1,0,0,0,1,0,"802081,9708","5830188,296",13.45502391,52.53781345,5459.0,35.0
216348,11,2,2200210.0,2021,9,15,6,3,5,2,0,1,1,0,0,0,0,1,"798483,5327","5825209,721",13.39765976,52.49517007,4547.0,20.0
216347,11,9,9100305.0,2021,9,14,7,3,5,2,0,0,1,0,0,0,0,0,"805020,938","5822710,208",13.49137268,52.46915405,5939.0,17.0
216346,11,2,2200210.0,2021,9,6,5,3,4,6,0,1,0,0,0,0,0,1,"798894,2043","5825094,68",13.40358771,52.49391415,4646.0,22.0
216345,11,6,6200421.0,2021,9,10,5,3,6,6,0,0,0,1,0,0,1,0,"793266,1949","5816375,325",13.31326995,52.41880059,3325.0,35.0
216344,11,10,10200629.0,2021,8,12,7,3,5,2,0,0,1,0,0,0,1,0,"811212,859","5828861,259",13.58797926,52.52078431,7354.0,31.0
216343,11,10,10100206.0,2021,8,7,4,3,2,6,0,0,1,0,0,1,1,0,"809663,5987","5833230,269",13.56929065,52.56081939,7166.0,35.0
216342,11,6,6100101.0,2021,9,15,2,3,6,2,0,0,1,1,0,0,0,0,"793400,6283","5820700,192",13.31903747,52.4574999,3336.0,32.0
216341,11,2,2500834.0,2021,9,12,1,2,5,2,0,1,1,0,0,0,0,0,"802013,7122","5826918,946",13.45105177,52.50854809,5351.0,17.0
216340,11,6,6100206.0,2021,8,22,3,3,2,6,2,0,1,0,0,0,0,0,"794317,1386","5820236,47",13.33207851,52.45285006,3534.0,34.0
216339,11,4,4400830.0,2021,9,13,6,3,0,1,0,1,0,0,0,0,0,0,"791679,1252","5823565,835",13.29627901,52.48411178,3044.0,34.0
216338,11,10,10200420.0,2021,9,7,5,3,2,6,0,0,1,0,0,0,0,0,"811817,763","5830483,533",13.59838703,52.53497629,7558.0,34.0
216337,11,9,9502042.0,2021,9,16,3,3,5,3,0,1,1,0,0,0,0,0,"811372,1659","5822557,225",13.58442868,52.46420055,7338.0,33.0
216336,11,2,2400625.0,2021,9,16,3,3,5,2,0,1,1,0,0,0,0,0,"801748,401","5826252,945",13.44655082,52.50272547,5249.0,12.0
216335,11,2,2500835.0,2021,9,18,3,3,1,5,1,1,1,0,0,0,0,0,"802628,7294","5826117,366",13.45935746,52.50102276,5449.0,28.0
216334,11,2,2400623.0,2021,8,15,2,2,5,3,0,1,1,0,0,0,0,1,"800279,0341","5827621,859",13.42620357,52.5158061,4953.0,29.0
216333,11,1,1401046.0,2021,9,7,6,3,2,7,0,0,1,0,1,0,0,0,"794804,0653","5830117,15",13.34796822,52.54116157,3860.0,28.0
216332,11,8,8100207.0,2021,8,17,2,3,5,3,0,0,1,0,0,0,0,1,"801265,8285","5823074,232",13.43658934,52.47450059,5141.0,32.0
216331,11,2,2200213.0,2021,8,12,2,3,0,1,0,0,0,0,0,0,1,1,"799063,8477","5825061,047",13.40604884,52.49351976,4646.0,22.0
216330,11,1,1200522.0,2021,8,16,6,3,8,1,0,0,0,0,0,0,1,0,"794427,2083","5828359,711",13.34087066,52.52561108,3756.0,11.0
216329,11,9,9200715.0,2021,9,14,2,3,5,3,0,0,1,0,0,0,0,0,"808480,8412","5818421,25",13.53818579,52.42877371,6627.0,34.0
216328,11,12,12500824.0,2021,9,12,6,3,5,3,0,0,1,0,0,0,0,0,"790692,543","5835382,176",13.29212847,52.59057094,2975.0,28.0
216327,11,3,3601141.0,2021,8,17,3,3,5,2,0,1,0,0,0,0,1,0,"799248,2708","5831804,026",13.41482442,52.55385933,4864.0,13.0
216326,11,3,3400619.0,2021,9,14,1,3,5,2,0,1,1,0,0,0,0,0,"796025,183","5835715,12",13.37091649,52.59067948,4175.0,34.0
216325,11,1,1100205.0,2021,8,18,6,3,5,3,0,0,1,0,1,0,0,0,"796960,45","5826706,064",13.3766254,52.50941404,4251.0,5.0
216324,11,8,8200833.0,2021,9,18,5,3,6,4,0,0,1,1,0,0,0,0,"801781,3035","5816747,388",13.43844094,52.41750692,5124.0,32.0
216323,11,3,3601243.0,2021,9,11,6,3,0,1,0,0,0,0,1,0,0,0,"799676,7609","5831259,486",13.42063405,52.54874285,4962.0,33.0
216322,11,9,9100409.0,2021,9,7,4,3,5,2,0,1,1,0,0,0,0,0,"807230,1369","5819787,277",13.52110381,52.44172019,6431.0,35.0
216321,11,9,9100101.0,2021,9,22,4,3,5,3,2,0,1,0,1,0,0,0,"802306,3083","5824783,489",13.45341163,52.4892459,5345.0,30.0
216320,11,4,4100101.0,2021,8,15,5,3,5,3,0,0,1,0,0,0,0,0,"792783,6044","5830574,048",13.31866415,52.54634687,3362.0,33.0
216319,11,9,9501939.0,2021,8,17,3,3,6,4,0,1,0,1,0,0,0,0,"811049,8965","5821871,508",13.57906133,52.45823902,7236.0,24.0
216318,11,1,1100310.0,2021,9,15,7,2,1,5,0,0,1,0,1,0,0,0,"798833,8193","5827721,695",13.40505892,52.51749477,4653.0,31.0
216317,11,5,5300737.0,2021,9,14,4,3,0,3,0,1,1,0,0,0,0,0,"787034,593","5829473,197",13.23316704,52.53953665,2160.0,29.0
216316,11,7,7601341.0,2021,9,14,3,3,2,6,0,0,1,0,0,0,0,0,"797946,2124","5815186,364",13.38082728,52.40561504,4321.0,34.0
216315,11,1,1300733.0,2021,9,19,1,3,5,2,1,1,1,0,0,0,0,0,"797158,9651","5831919,41",13.38420252,52.55603754,4365.0,7.0
216314,11,11,11100204.0,2021,9,15,5,2,4,6,0,0,1,0,0,0,1,0,"806667,1911","5832891,724",13.52491448,52.55948108,6466.0,34.0
216313,11,11,11501340.0,2021,9,21,2,2,1,5,2,1,1,0,0,0,0,0,"808139,851","5825647,411",13.53985684,52.49372715,6646.0,33.0
216312,11,1,1100310.0,2021,9,15,5,3,0,7,0,1,0,0,0,0,0,0,"799200,7972","5827692,941",13.41042522,52.51703583,4753.0,15.0
216311,11,4,4501042.0,2021,9,17,1,3,5,2,0,1,0,0,0,0,1,0,"794276,8984","5826064,398",13.33663144,52.50511614,3650.0,20.0
216310,11,2,2400625.0,2021,8,14,6,2,3,6,0,1,0,0,0,0,0,0,"801685,0902","5826128,488",13.44550817,52.50164496,5249.0,12.0
216309,11,3,3601245.0,2021,9,6,5,3,5,2,0,1,0,0,0,0,1,0,"800146,0809","5830861,071",13.42717465,52.54491337,5061.0,31.0
216308,11,4,4400830.0,2021,9,15,6,2,5,2,0,1,1,0,0,0,0,0,"792349,4406","5823119,114",13.30573041,52.47974851,3242.0,25.0
216307,11,6,6100205.0,2021,9,16,4,3,6,2,0,0,1,1,0,0,0,1,"795354,8214","5819976,934",13.34707507,52.44996379,3834.0,26.0
216306,11,12,12400617.0,2021,9,14,4,3,0,7,0,1,1,0,0,0,0,0,"786085,1305","5837657,066",13.22626806,52.61340966,2081.0,34.0
216305,11,2,2100106.0,2021,8,10,6,3,2,2,0,1,0,0,0,1,0,1,"798586,6454","5825559,38",13.39948752,52.49824791,4548.0,2.0
216304,11,7,7300619.0,2021,8,11,4,3,5,2,0,1,1,0,0,0,0,0,"795412,8491","5822242,8",13.34993167,52.47024444,3840.0,27.0
216303,11,6,6400737.0,2021,9,15,7,3,0,3,0,0,0,0,1,0,0,0,"784742,9505","5817540,59",13.18927386,52.43374993,1429.0,32.0
216302,11,7,7400927.0,2021,8,15,2,3,0,6,0,0,1,0,0,0,1,1,"797844,5703","5820785,456",13.38432464,52.45586058,4335.0,21.0
216301,11,1,1401047.0,2021,9,13,6,2,6,4,0,0,1,1,0,0,0,0,"795861,9693","5830448,23",13.36381666,52.543556,4061.0,30.0
216300,11,7,7200409.0,2021,9,10,4,3,5,3,0,0,1,0,1,0,0,0,"795133,8745","5824094,497",13.34747555,52.48699447,3844.0,32.0
216299,11,1,1401047.0,2021,9,8,2,3,1,5,0,0,1,0,0,0,0,0,"795647,752","5830636,862",13.36083491,52.5453632,4062.0,25.0
216298,11,2,2200210.0,2021,9,13,5,3,3,6,0,0,1,0,1,0,0,0,"798234,4354","5825461,801",13.39422715,52.49756583,4548.0,2.0
216297,11,9,9200715.0,2021,9,8,3,3,5,2,0,1,1,0,0,0,0,0,"808669,8751","5818583,083",13.54110662,52.43011745,6728.0,32.0
216296,11,1,1100313.0,2021,9,16,7,3,1,5,0,0,0,0,0,0,1,1,"799968,2946","5826489,001",13.42061699,52.50582284,4950.0,27.0
216295,11,6,6200423.0,2021,8,19,3,3,3,6,2,1,1,0,0,0,0,0,"794254,9212","5815041,529",13.32659443,52.40631284,3521.0,35.0
216294,11,1,1300733.0,2021,9,10,2,3,6,7,0,1,0,1,0,0,0,0,"797405,6984","5831868,311",13.38778537,52.55544482,4464.0,20.0
216293,11,10,10200423.0,2021,9,15,5,3,3,6,0,1,1,0,0,0,0,0,"814203,0189","5831041,455",13.6339654,52.53860595,8060.0,35.0
216292,11,11,11200410.0,2021,9,18,1,3,5,2,1,0,1,0,0,0,1,0,"804625,4736","5832765,139",13.4947736,52.55949254,6066.0,27.0
216291,11,6,6400735.0,2021,8,14,7,2,5,3,0,1,0,0,0,0,0,0,"782022,9803","5815658,589",13.14778386,52.41828377,824.0,33.0
216290,11,8,8301037.0,2021,9,9,6,3,5,3,0,0,1,0,1,0,0,0,"804312,2389","5817802,982",13.47650189,52.42556681,5726.0,34.0
216289,11,7,7601442.0,2021,9,4,7,3,5,3,2,0,1,0,0,0,0,0,"798713,7934","5816005,963",13.3928086,52.41254365,4423.0,29.0
216288,11,2,2400625.0,2021,9,18,4,3,0,1,0,0,1,0,1,0,0,1,"801701,1488","5826151,76",13.44576511,52.50184467,5249.0,12.0
216287,11,8,8100105.0,2021,9,21,4,3,5,2,2,1,1,0,0,0,0,1,"801038,5171","5821949,04",13.43223748,52.46454045,5038.0,23.0
216286,11,5,5100316.0,2021,8,9,6,3,3,6,0,0,1,0,1,0,0,1,"785010,7172","5829496,265",13.20342646,52.54080584,1660.0,16.0
216285,11,8,8100208.0,2021,8,22,4,3,6,2,2,0,1,1,0,0,0,1,"801652,2526","5822564,011",13.44180008,52.4697141,5239.0,26.0
216284,11,3,3400620.0,2021,9,2,7,2,5,3,2,1,1,0,0,0,0,0,"797411,7617","5833971,81",13.38976021,52.57429667,4470.0,31.0
216283,11,1,1300834.0,2021,9,16,5,3,5,2,0,1,1,0,0,0,0,0,"798080,7656","5830002,285",13.39603839,52.53834939,4559.0,25.0
216282,11,4,4501043.0,2021,9,12,6,3,3,6,0,0,1,0,0,0,0,0,"792388,942","5825011,514",13.30797072,52.49669234,3247.0,30.0
216281,11,5,5200629.0,2021,9,12,4,3,2,6,0,0,1,0,1,0,0,0,"784774,5248","5828778,191",13.19933778,52.5344911,1658.0,9.0
216280,11,7,7601442.0,2021,9,11,2,3,0,6,0,0,1,0,0,0,1,0,"799236,7105","5816241,139",13.40068412,52.41436613,4623.0,18.0
216279,11,11,11401137.0,2021,8,17,1,3,2,6,1,0,1,0,1,0,0,1,"807104,7193","5825756,536",13.52475848,52.4952885,6447.0,29.0
216278,11,6,6200317.0,2021,9,18,3,3,5,3,1,1,1,0,0,0,0,0,"796703,6099","5817503,185",13.36466838,52.42705831,4027.0,33.0
216277,11,7,7601340.0,2021,9,10,3,3,4,1,0,0,1,0,0,0,0,1,"796508,4207","5815897,272",13.360383,52.4127683,4023.0,15.0
216276,11,12,12100101.0,2021,8,10,2,3,5,3,0,0,1,0,0,0,0,0,"796706,8109","5833006,257",13.37852452,52.5660264,4268.0,30.0
216275,11,5,5100316.0,2021,9,11,6,3,0,2,0,0,1,0,0,0,1,0,"784850,7758","5829235,987",13.20085133,52.53855584,1660.0,16.0
216274,11,4,4501045.0,2021,9,12,7,3,5,7,0,1,1,0,0,0,0,0,"793533,818","5824898,886",13.32468763,52.49506812,3447.0,32.0
216273,11,2,2200210.0,2021,9,16,5,3,5,3,0,0,1,0,0,0,1,0,"797991,5882","5825255,98",13.39047629,52.49585353,4447.0,23.0
216272,11,4,4501146.0,2021,8,16,2,2,5,3,0,0,1,0,0,0,0,1,"792955,3903","5824118,744",13.31550591,52.48838517,3345.0,25.0
216271,11,8,8100415.0,2021,8,21,1,3,4,6,2,1,1,0,0,0,0,1,"801643,3086","5823756,571",13.44274735,52.4804082,5243.0,25.0
216270,11,2,2500831.0,2021,9,23,5,3,5,3,2,0,1,0,0,0,0,1,"802865,4196","5827469,12",13.46406346,52.51300708,5552.0,30.0
216269,11,8,8100206.0,2021,8,22,6,3,6,4,2,0,1,1,0,0,0,0,"800416,0905","5823885,988",13.42484757,52.4822447,4943.0,28.0
216268,11,2,2500831.0,2021,9,17,7,3,6,4,0,0,1,1,0,0,0,0,"803020,8266","5827017,452",13.4659353,52.50887254,5551.0,9.0
216267,11,9,9301126.0,2021,9,9,7,3,2,6,0,1,0,0,0,0,0,1,"811025,7763","5818097,153",13.57519493,52.42442854,7226.0,34.0