ObjectID,State,District,LOR_ab_2021,AccidentYear,AccidentMonth,AccidentHour,DayOfWeek,AccidentCategory,AccidentType,AccidentTypeDetail,LightingCondition,InvolvingBike,InvolvingCar,InvolvingPedestrian,InvolvingMotorcycle,InvolvingHGV,InvolvingOther,RoadCondition,GraphicCoord1,GraphicCoord2,LongitudeWGS84,LatitudeWGS84,quadrant,quadrant_rank
216266,11,1,1100416.0,2021,8,7,3,3,0,1,0,0,0,0,0,0,1,1,"798655,6429","5830200,597",13.40466762,52.53981223,4660.0,23.0
216265,11,4,4200311.0,2021,9,3,7,3,4,6,2,0,1,0,0,0,0,0,"790085,4802","5825305,142",13.27439096,52.500554,2748.0,30.0
216264,11,6,6200421.0,2021,10,6,6,3,3,6,2,1,1,0,0,0,0,0,"793195,8862","5816473,098",13.31232472,52.41971477,3225.0,31.0
216263,11,1,1401045.0,2021,9,16,3,3,6,7,0,0,0,1,0,0,1,0,"796985,1808","5831939,184",13.3816644,52.55630959,4365.0,7.0
216262,11,2,2500830.0,2021,9,17,3,3,5,3,0,1,0,0,0,0,0,0,"802422,8863","5827425,496",13.45752259,52.51286161,5452.0,12.0
216261,11,6,6100205.0,2021,9,7,3,3,5,3,0,1,1,0,0,0,0,0,"795775,6129","5819929,295",13.35320676,52.44930924,3933.0,29.0
216260,11,5,5100317.0,2021,8,23,2,2,2,6,2,0,1,0,0,0,0,0,"786717,7835","5828229,749",13.22743588,52.52855512,2057.0,31.0
216259,11,11,11401034.0,2021,9,10,6,3,1,5,0,1,1,0,0,0,0,0,"806878,2252","5827031,143",13.52260721,52.50683915,6450.0,34.0
216258,11,5,5200419.0,2021,8,16,2,3,5,3,0,0,1,0,0,0,1,1,"780917,7473","5829126,982",13.1429226,52.53962027,760.0,34.0
216257,11,4,4400727.0,2021,9,7,3,3,2,6,0,0,1,0,0,0,0,0,"791548,0073","5823599,713",13.29438324,52.48448552,3044.0,34.0
216256,11,4,4400835.0,2021,9,9,7,3,0,6,0,1,0,0,0,0,1,1,"793088,5232","5822047,281",13.31564025,52.46974367,3339.0,32.0
216255,11,12,12500929.0,2021,9,14,4,3,5,3,0,1,1,0,0,0,0,0,"794728,5576","5838692,389",13.35448267,52.61807207,3983.0,35.0
216254,11,10,10100209.0,2021,9,12,7,3,2,6,0,0,1,0,0,0,0,0,"809955,1395","5831926,73",13.5723606,52.5489719,7163.0,32.0
216253,11,1,1400938.0,2021,8,15,1,2,9,1,0,0,0,0,1,0,0,1,"794327,0878","5830522,325",13.3413144,52.54505153,3761.0,32.0
216252,11,9,9501838.0,2021,9,15,4,3,3,6,0,1,0,0,1,0,0,0,"818403,8672","5820637,604",13.68575658,52.4429488,8832.0,35.0
216251,11,7,7300517.0,2021,9,16,5,3,5,7,0,1,1,0,0,0,0,0,"794210,3147","5822753,666",13.33273013,52.47547308,3641.0,32.0
216250,11,8,8100313.0,2021,9,15,4,3,5,3,0,1,1,0,0,0,0,1,"801748,3872","5824286,206",13.44476932,52.48509734,5244.0,28.0
216249,11,10,10200422.0,2021,9,11,4,3,5,3,0,0,1,0,0,0,0,0,"812722,4912","5830987,181",13.6121561,52.53897116,7760.0,34.0
216248,11,8,8100418.0,2021,8,17,5,3,0,7,0,0,0,0,1,0,0,1,"802423,224","5823723,619",13.45416677,52.4796815,5442.0,33.0
216247,11,9,9100304.0,2021,8,15,3,3,1,7,0,0,1,0,0,0,0,0,"804280,1088","5822169,295",13.48000715,52.46471909,5738.0,34.0
216246,11,4,4300414.0,2021,9,17,6,3,5,2,1,1,1,0,0,0,0,0,"790847,7681","5826735,521",13.28683884,52.51297162,2952.0,30.0
216245,11,7,7400720.0,2021,9,15,4,3,6,4,0,0,1,1,0,0,0,0,"796518,3176","5822810,126",13.36666266,52.47473111,4141.0,33.0
216244,11,6,6100103.0,2021,9,20,3,3,0,3,1,1,0,0,0,0,0,0,"793894,3449","5820976,41",13.32652596,52.45971082,3536.0,32.0
216243,11,4,4200203.0,2021,9,9,1,3,5,2,0,0,1,0,0,0,0,0,"788298,0781","5826885,676",13.24950157,52.51567149,2353.0,31.0
216242,11,1,1401048.0,2021,9,14,5,2,5,2,0,1,1,0,0,0,0,0,"795595,3939","5831749,545",13.36105558,52.55536577,4064.0,31.0
216241,11,9,9401534.0,2021,9,10,2,3,5,2,0,0,1,0,0,0,1,0,"810873,043","5820660,766",13.57533986,52.44748947,7233.0,27.0
216240,11,3,3300413.0,2021,9,15,1,3,6,4,0,0,1,1,0,0,0,0,"803486,8094","5838539,797",13.48331722,52.61188405,5881.0,32.0
216239,11,5,5100314.0,2021,8,4,1,3,0,1,2,0,0,0,0,0,1,0,"784897,6588","5830130,023",13.20230749,52.5465472,1662.0,31.0
216238,11,1,1300836.0,2021,9,7,6,3,5,7,0,1,0,0,0,0,1,0,"796472,9599","5830876,023",13.37318181,52.5470586,4262.0,32.0
216237,11,1,1100207.0,2021,9,19,6,3,3,6,2,0,0,0,1,0,1,0,"798528,6646","5826764,086",13.39971605,52.50907822,4551.0,19.0
216236,11,1,1100416.0,2021,9,17,4,3,5,3,1,0,1,0,0,0,0,1,"798241,1206","5829625,144",13.39805724,52.53488109,4558.0,10.0
216235,11,5,5100315.0,2021,8,15,2,2,0,6,0,0,1,0,1,0,0,1,"784363,2472","5829997,774",13.19433454,52.54564068,1562.0,23.0
216234,11,4,4400830.0,2021,9,22,5,3,0,5,2,0,1,0,1,0,0,1,"791044,1258","5822916,096",13.28638706,52.47862569,2942.0,32.0
216233,11,8,8100102.0,2021,8,20,6,3,5,2,1,0,1,0,0,0,0,0,"800175,9315","5823648,836",13.42110818,52.48025107,4942.0,9.0
216232,11,5,5400942.0,2021,8,13,4,3,4,5,0,0,1,0,0,0,1,0,"782495,5796","5820656,184",13.15893934,52.46285152,1037.0,34.0
216231,11,2,2100106.0,2021,9,12,1,3,2,6,0,0,1,0,0,0,0,0,"799101,5862","5825616,196",13.40710151,52.49847521,4748.0,27.0
216230,11,1,1300836.0,2021,8,8,2,3,2,6,0,1,0,0,0,0,1,0,"796511,8198","5830921,011",13.37379338,52.54744072,4262.0,32.0
216229,11,10,10300734.0,2021,9,13,6,2,5,2,0,1,1,0,0,0,0,0,"809565,608","5826554,818",13.5616338,52.50105236,7049.0,32.0
216228,11,4,4300623.0,2021,9,17,4,3,0,6,0,1,0,0,0,0,1,0,"792432,6152","5826118,344",13.30958422,52.5065914,3250.0,18.0
216227,11,7,7300619.0,2021,9,20,2,2,5,2,2,0,1,0,0,0,0,0,"795241,6371","5822271,061",13.34744348,52.47059034,3840.0,27.0
216226,11,1,1300730.0,2021,8,6,2,3,1,5,1,0,1,0,1,0,1,1,"796813,6824","5832277,496",13.37944472,52.55943565,4266.0,33.0
216225,11,7,7200308.0,2021,9,14,3,2,5,2,0,0,1,0,1,0,0,0,"795008,7359","5823310,32",13.34494398,52.48003247,3742.0,30.0
216224,11,4,4400727.0,2021,9,13,3,3,2,6,0,0,1,0,0,1,0,1,"791276,3487","5823347,608",13.29017372,52.48237039,2943.0,32.0
216223,11,5,5200629.0,2021,8,8,3,3,0,1,0,0,1,0,1,0,0,0,"784787,0883","5828757,317",13.19950462,52.53429738,1658.0,9.0
216222,11,5,5300839.0,2021,9,20,6,3,1,5,1,1,1,0,0,0,0,0,"789106,0197","5829729,792",13.26384797,52.54074203,2560.0,32.0
216221,11,7,7200413.0,2021,9,18,4,3,3,6,0,1,1,0,0,0,0,0,"796035,1332","5823592,755",13.36026426,52.48200883,4043.0,34.0
216220,11,2,2100106.0,2021,8,23,6,3,2,6,2,0,1,0,1,0,0,0,"799957,3886","5825463,399",13.419533,52.49663592,4847.0,29.0
216219,11,3,3400830.0,2021,9,18,2,3,0,7,0,1,0,0,0,0,0,0,"799589,1986","5833109,215",13.4210161,52.56537076,4967.0,31.0
216218,11,4,4200308.0,2021,9,14,7,3,5,3,0,0,1,0,0,0,0,1,"790572,6423","5827337,306",13.2833216,52.51851328,2854.0,7.0
216217,11,3,3300516.0,2021,8,20,3,2,0,4,1,1,0,1,0,0,0,0,"800760,6959","5833324,147",13.43844237,52.56665132,5168.0,33.0
216216,11,4,4501042.0,2021,9,19,5,3,4,2,1,1,0,0,1,0,0,0,"793940,1997","5826070,528",13.33169048,52.50535259,3550.0,10.0
216215,11,12,12400723.0,2021,9,16,6,3,6,4,0,0,1,1,0,0,0,0,"791402,8457","5839489,614",13.3062012,52.62701259,3285.0,33.0
216214,11,2,2200210.0,2021,10,10,6,3,5,3,0,0,1,0,0,0,0,0,"798634,8948","5825135,968",13.39981658,52.49442618,4647.0,23.0
216213,11,11,11300723.0,2021,9,7,3,2,6,4,0,0,1,1,0,0,0,0,"804997,0187","5828428,797",13.49625698,52.52042048,6054.0,31.0
216212,11,2,2300316.0,2021,9,9,4,3,5,3,0,1,1,0,0,0,0,0,"801132,5899","5826287,746",13.43753732,52.50337759,5149.0,29.0
216211,11,6,6400842.0,2021,9,11,3,3,5,7,0,0,1,0,0,0,1,1,"790127,445","5819663,95",13.27010004,52.44995715,2634.0,32.0
216210,11,3,3200308.0,2021,8,7,5,3,5,3,0,1,1,0,0,0,0,1,"799695,4417","5837328,577",13.42639461,52.60313147,4978.0,34.0
216209,11,10,10200629.0,2021,8,18,3,3,3,6,0,1,0,0,0,0,1,0,"810635,2473","5829345,17",13.57994549,52.52545017,7256.0,35.0
216208,11,9,9100407.0,2021,9,18,6,3,3,6,1,0,1,0,1,0,0,0,"805627,8614","5821654,484",13.49931284,52.45935293,6036.0,33.0
216207,11,9,9501736.0,2021,9,16,3,3,5,3,0,1,1,0,0,0,0,0,"813361,8117","5821568,062",13.61269165,52.45419925,7735.0,34.0
216206,11,12,12200412.0,2021,8,12,1,3,5,2,0,0,1,0,0,0,0,1,"791168,2241","5834029,154",13.29794167,52.57818701,3071.0,21.0
216205,11,7,7501134.0,2021,9,14,3,2,0,1,0,0,0,0,1,0,0,0,"798774,05","5819086,222",13.39644331,52.44012172,4531.0,32.0
216204,11,6,6300634.0,2021,9,16,3,3,2,6,0,0,1,0,0,0,0,0,"792392,2281","5818456,409",13.30227478,52.43792503,3130.0,32.0
216203,11,3,3601140.0,2021,8,17,2,2,3,6,0,1,0,0,0,0,0,0,"798280,66","5831806,905",13.40059764,52.55441591,4664.0,32.0
216202,11,6,6100209.0,2021,9,18,6,3,5,2,0,1,1,0,0,0,0,1,"794207,6605","5821448,59",13.33154029,52.46377512,3538.0,21.0
216201,11,2,2200210.0,2021,9,1,1,3,0,1,2,0,0,0,1,0,0,0,"798342,807","5825502,642",13.39585539,52.49787268,4548.0,2.0
216200,11,3,3100103.0,2021,9,10,5,2,1,7,0,0,1,0,0,0,0,0,"804358,4766","5841007,248",13.49842224,52.63351069,6087.0,33.0
216199,11,5,5100317.0,2021,8,6,2,3,5,7,0,0,1,0,0,0,0,1,"786897,8281","5828383,012",13.2302149,52.52983449,2057.0,31.0
216198,11,8,8100312.0,2021,10,14,6,3,3,6,0,0,1,0,0,0,0,0,"801075,1687","5824150,792",13.43476278,52.48425523,5144.0,27.0
216197,11,6,6100205.0,2021,8,3,1,3,9,1,2,0,1,0,0,0,0,1,"795860,3944","5819412,977",13.3539934,52.44463494,3932.0,32.0
216196,11,9,9200512.0,2021,9,18,2,3,1,5,1,1,0,0,0,1,0,0,"808136,6434","5821907,879",13.53635466,52.4602152,6637.0,34.0
216195,11,11,11100204.0,2021,9,19,1,2,5,2,1,0,1,0,1,0,0,0,"806904,5362","5832625,285",13.52815829,52.55695955,6565.0,29.0
216194,11,5,5100208.0,2021,9,14,7,3,5,7,0,0,1,0,1,0,0,1,"782502,7584","5830591,448",13.16747672,52.55193173,1163.0,25.0
216193,11,4,4501153.0,2021,10,8,6,3,5,2,0,1,1,0,0,0,0,0,"793946,456","5823427,345",13.3294503,52.48165438,3543.0,33.0
216192,11,7,7400721.0,2021,9,11,3,2,1,5,0,1,1,0,0,0,0,0,"797631,4251","5822573,834",13.38279195,52.47200761,4340.0,22.0
216191,11,2,2200209.0,2021,9,8,3,3,5,2,0,1,1,0,0,0,0,0,"797766,6742","5824734,759",13.38670722,52.49130415,4446.0,18.0
216190,11,1,1400938.0,2021,9,8,4,3,3,6,0,0,1,0,0,0,0,1,"793875,2205","5830082,718",13.33428121,52.54135465,3660.0,29.0
216189,11,4,4300623.0,2021,8,8,3,3,0,7,0,1,0,0,0,0,0,0,"792413,7066","5826199,135",13.30937738,52.5073258,3250.0,18.0
216188,11,1,1100312.0,2021,9,9,6,3,5,2,0,1,1,0,0,0,0,0,"799690,906","5827213,304",13.41719446,52.51246753,4852.0,22.0
216187,11,2,2100106.0,2021,9,12,4,3,5,3,0,0,1,0,1,0,0,0,"798581,3868","5825563,474",13.39941396,52.49828748,4548.0,2.0
216186,11,2,2500835.0,2021,9,11,2,3,0,1,0,0,0,0,1,0,0,0,"803104,807","5826262,493",13.46648161,52.5020593,5549.0,29.0
216185,11,8,8100311.0,2021,9,1,6,2,1,5,2,0,1,0,0,0,0,0,"800897,805","5824612,077",13.43257518,52.48848763,5045.0,24.0
216184,11,7,7200307.0,2021,8,23,3,3,1,5,2,1,1,0,0,0,0,1,"794968,3059","5824007,645",13.34496739,52.48630538,3744.0,25.0
216183,11,9,9401329.0,2021,9,13,5,3,0,4,0,0,0,1,0,0,1,0,"812120,0959","5818375,899",13.59149646,52.42630345,7427.0,31.0
216182,11,4,4501042.0,2021,9,11,7,3,0,2,0,1,1,0,0,0,0,1,"793933,6545","5825893,172",13.33143775,52.50376622,3549.0,22.0
216181,11,1,1100206.0,2021,8,13,7,3,0,3,0,0,0,0,1,0,1,0,"797900,5842","5827372,811",13.39103386,52.51487803,4453.0,15.0
216180,11,2,2500831.0,2021,9,16,5,3,0,3,0,0,1,0,1,0,0,0,"802909,6536","5827126,413",13.46440138,52.50991088,5551.0,9.0
216179,11,1,1100206.0,2021,9,2,6,2,0,1,2,0,0,0,0,0,1,0,"797990,1642","5827085,186",13.39209248,52.5122509,4452.0,29.0
216178,11,11,11100204.0,2021,9,14,4,3,5,2,0,0,1,0,1,0,0,0,"806844,5756","5832562,208",13.52721831,52.55642803,6465.0,34.0
216177,11,9,9501939.0,2021,9,12,4,3,6,2,0,0,1,1,0,0,0,1,"809933,1351","5821626,203",13.56245014,52.45667508,7036.0,32.0
216176,11,3,3200309.0,2021,8,16,5,3,5,3,0,1,1,0,0,0,0,1,"800140,946","5838356,546",13.43388545,52.61209951,5181.0,35.0
216175,11,8,8100312.0,2021,8,10,3,3,5,2,0,0,1,0,0,0,1,0,"801315,4439","5823995,665",13.43815023,52.48273225,5143.0,4.0
216174,11,1,1200517.0,2021,9,16,6,3,3,6,0,1,1,0,0,0,0,0,"793505,2017","5829116,331",13.32798729,52.53289094,3558.0,28.0
216173,11,2,2100101.0,2021,9,8,5,3,5,2,0,1,1,0,0,0,0,0,"797806,8756","5825928,591",13.38836492,52.50198352,4449.0,27.0
216172,11,3,3500932.0,2021,9,13,4,2,0,1,0,0,0,0,1,0,0,0,"801432,9935","5833147,61",13.44817086,52.5646972,5367.0,32.0
216171,11,1,1300733.0,2021,9,10,1,3,2,6,0,0,1,0,0,0,1,0,"797244,3471","5831294,992",13.38489915,52.55039381,4363.0,11.0
216170,11,4,4501042.0,2021,9,14,5,3,2,6,0,0,1,0,1,0,0,0,"793582,6893","5825743,058",13.32614956,52.50260947,3549.0,22.0
216169,11,6,6400842.0,2021,9,10,2,3,6,7,0,1,0,1,0,0,0,0,"790027,3768","5819347,194",13.26835665,52.44717044,2633.0,35.0
216168,11,4,4200309.0,2021,9,15,1,3,0,6,0,1,1,0,0,0,0,0,"788986,124","5826984,317",13.25969859,52.51619169,2553.0,24.0
216167,11,7,7300517.0,2021,8,19,2,3,0,7,0,0,1,0,0,0,0,0,"794354,4057","5822319,24",13.33446214,52.47150104,3640.0,27.0
216166,11,5,5100207.0,2021,9,7,5,3,5,3,0,1,1,0,0,0,0,0,"780789,3617","5829935,052",13.14171765,52.54693211,762.0,35.0
216165,11,6,6300527.0,2021,9,13,6,3,1,5,0,1,1,0,0,0,0,0,"790721,2694","5817745,944",13.27714495,52.43244635,2728.0,31.0
216164,11,8,8100310.0,2021,9,18,4,3,0,5,1,1,1,0,0,0,0,1,"800604,9944","5825125,316",13.42873874,52.49324927,5046.0,27.0
216163,11,6,6400841.0,2021,9,15,5,3,5,2,0,0,1,0,0,0,0,0,"789864,7702","5818783,517",13.26548172,52.44220311,2631.0,30.0
216162,11,12,12200309.0,2021,8,13,6,3,2,6,0,0,1,0,0,0,0,0,"793330,5795","5832797,609",13.32867221,52.56598564,3568.0,30.0
216161,11,6,6400844.0,2021,9,15,5,3,0,3,0,1,0,0,0,0,1,0,"790742,6728","5820755,204",13.28007774,52.45941357,2836.0,35.0
216160,11,9,9301126.0,2021,8,8,4,3,5,2,0,1,0,0,0,1,0,0,"809956,6809","5817907,555",13.55934701,52.42333599,6926.0,34.0
216159,11,1,1200520.0,2021,9,15,1,3,5,2,0,1,1,0,0,0,0,0,"794589,4144","5828438,806",13.34332475,52.52623249,3756.0,11.0
216158,11,5,5100316.0,2021,9,13,6,2,2,6,0,0,1,0,0,0,0,0,"784528,3275","5828864,106",13.19579145,52.53539,1559.0,26.0
216157,11,3,3601141.0,2021,9,9,6,3,2,6,0,0,1,0,0,1,0,0,"798813,1079","5831818,28",13.40843795,52.55422601,4764.0,26.0
216156,11,5,5300840.0,2021,9,7,4,3,5,2,0,1,1,0,0,0,0,0,"789406,1144","5828678,141",13.2673447,52.53115448,2657.0,31.0
216155,11,5,5200629.0,2021,9,22,2,2,0,7,2,0,1,0,0,0,0,0,"784579,059","5828296,802",13.19605166,52.53027706,1557.0,25.0
216154,11,6,6300632.0,2021,9,16,3,3,2,6,0,0,1,0,0,0,0,0,"792275,7795","5816699,338",13.29903085,52.42223518,3126.0,33.0
216153,11,11,11200513.0,2021,9,14,2,3,0,6,0,1,1,0,0,0,0,0,"804559,9065","5831027,752",13.49221577,52.54395796,5961.0,25.0
216152,11,4,4501042.0,2021,8,14,3,2,3,6,0,1,1,0,0,0,0,0,"793876,3709","5825868,385",13.33057436,52.50357487,3549.0,22.0
216151,11,9,9200613.0,2021,9,15,6,3,6,4,0,1,0,1,0,0,0,1,"806999,4632","5821158,102",13.51898049,52.45413549,6335.0,30.0
216150,11,3,3601449.0,2021,9,16,4,3,6,3,0,1,0,1,0,0,0,0,"801104,7596","5830758,894",13.4411765,52.54346857,5261.0,30.0
216149,11,12,12500928.0,2021,8,21,1,3,1,1,2,0,1,0,0,0,0,1,"791963,9665","5837018,317",13.31228624,52.60455728,3279.0,30.0
216148,11,1,1100309.0,2021,8,16,6,3,0,1,0,0,1,0,1,0,0,0,"798651,1479","5828815,823",13.40335729,52.52740217,4656.0,24.0
216147,11,3,3601449.0,2021,9,7,2,3,6,4,0,1,0,1,0,0,0,0,"801137,7077","5830739,404",13.44164322,52.54327567,5261.0,30.0
216146,11,12,12100205.0,2021,9,8,7,3,0,1,0,0,0,0,1,0,0,1,"793505,5368","5832446,901",13.33093578,52.56274746,3567.0,8.0
216145,11,4,4200311.0,2021,8,9,3,3,5,2,0,1,1,0,0,0,0,0,"790399,9756","5827140,906",13.28061261,52.51684452,2853.0,30.0
216144,11,2,2300419.0,2021,9,13,7,3,2,6,0,0,1,0,0,0,0,0,"801586,4869","5825943,443",13.44389236,52.50004087,5248.0,18.0
216143,11,12,12400721.0,2021,10,12,6,3,5,3,0,0,1,0,0,0,0,0,"790585,5842","5839719,054",13.2943628,52.62950727,3086.0,33.0
216142,11,4,4200308.0,2021,9,17,3,3,5,2,0,1,0,0,1,0,0,0,"789286,0223","5827512,987",13.26456558,52.52077235,2554.0,34.0
216141,11,7,7400928.0,2021,9,15,4,3,5,2,0,1,1,0,0,0,0,0,"799980,3963","5821330,088",13.41615268,52.45957439,4836.0,30.0
216140,11,5,5200629.0,2021,9,11,3,3,0,2,0,0,1,0,0,0,1,1,"784597,2344","5828312,266",13.19633211,52.53040622,1557.0,25.0
216139,11,12,12400617.0,2021,8,15,5,2,8,1,0,1,0,0,0,0,0,1,"786030,3493","5837665,872",13.2254688,52.61351744,2081.0,34.0
216138,11,4,4400831.0,2021,8,19,3,3,5,2,1,1,1,0,0,0,0,0,"790740,7881","5822657,903",13.28170806,52.47647253,2841.0,29.0
216137,11,7,7100205.0,2021,9,10,6,3,2,6,0,0,0,0,0,0,1,0,"796084,7415","5825334,594",13.3625403,52.49759604,4048.0,16.0
216136,11,8,8100102.0,2021,9,21,5,3,5,3,2,0,1,0,0,0,1,1,"800440,9823","5823172,114",13.42456981,52.47583227,4941.0,31.0
216135,11,3,3601449.0,2021,9,15,3,3,2,3,0,0,1,0,1,0,0,0,"801907,3075","5830328,501",13.45258386,52.53916689,5360.0,32.0
216134,11,11,11200513.0,2021,9,2,1,2,0,1,2,0,0,0,0,0,1,0,"804645,6681","5831111,365",13.49355319,52.54465939,5961.0,25.0
216133,11,12,12400722.0,2021,9,16,4,2,5,2,0,0,1,0,1,0,0,0,"790658,7813","5837395,205",13.29339875,52.60863538,3080.0,33.0
216132,11,5,5200528.0,2021,9,12,1,3,2,6,0,0,1,0,0,0,0,0,"783376,5867","5826753,035",13.17705732,52.51706174,1253.0,30.0
216131,11,3,3200204.0,2021,8,19,7,3,2,2,0,0,1,0,0,0,0,0,"798057,7643","5837198,798",13.40216771,52.60286846,4678.0,30.0
216130,11,4,4400831.0,2021,9,12,5,3,5,3,0,0,1,0,0,0,0,0,"790838,0956","5822517,94",13.28301469,52.47516595,2841.0,29.0
216129,11,1,1100310.0,2021,9,18,5,3,2,6,0,1,0,0,0,0,0,0,"799539,3081","5828217,565",13.41587139,52.52155245,4855.0,6.0
216128,11,10,10100313.0,2021,9,7,4,3,5,3,0,0,1,0,0,0,0,0,"807803,9318","5830768,261",13.53966188,52.53980955,6660.0,28.0
216127,11,1,1100415.0,2021,9,19,4,3,1,5,1,1,1,0,0,0,0,1,"798457,0761","5829126,076",13.40078355,52.53028943,4657.0,7.0
216126,11,2,2200208.0,2021,8,6,6,3,5,2,0,1,1,0,0,0,0,1,"797847,0431","5824925,485",13.38805794,52.49296994,4446.0,18.0
216125,11,8,8100417.0,2021,8,21,4,2,6,4,2,0,1,1,0,0,0,1,"802573,6481","5823097,778",13.45580718,52.47398875,5441.0,16.0
216124,11,8,8100312.0,2021,9,15,7,3,6,4,0,0,1,1,0,0,0,0,"800996,9588","5824224,473",13.43368104,52.48495877,5144.0,27.0
216123,11,4,4501042.0,2021,9,16,5,3,5,3,0,0,1,0,0,0,0,0,"794369,1512","5825672,585",13.3376403,52.501554,3649.0,19.0
216122,11,6,6400841.0,2021,9,14,3,3,2,6,0,1,1,0,0,0,0,0,"789688,6477","5818446,898",13.262606,52.43927852,2530.0,30.0
216121,11,7,7300517.0,2021,9,14,2,3,3,5,0,1,1,0,0,0,0,0,"794318,4868","5822317,164",13.33393304,52.47150179,3640.0,27.0
216120,11,12,12200412.0,2021,9,8,4,2,6,4,0,0,1,1,0,0,0,0,"790658,7217","5833703,736",13.29015853,52.57554207,2970.0,31.0
216119,11,1,1100311.0,2021,9,18,2,2,5,3,0,1,0,0,0,0,1,0,"799661,7439","5827617,169",13.41712972,52.51610358,4853.0,20.0
216118,11,3,3601245.0,2021,9,16,2,3,5,3,0,1,1,0,0,0,0,0,"801160,8655","5831110,539",13.44232016,52.54658939,5262.0,19.0
216117,11,9,9401329.0,2021,8,12,2,2,6,4,0,0,0,1,0,0,1,1,"811765,1006","5818261,193",13.58618551,52.42547788,7326.0,33.0
216116,11,10,10200524.0,2021,9,7,6,3,5,3,0,0,1,0,0,0,1,0,"813606,4046","5830022,031",13.62423572,52.5298147,7957.0,33.0
216115,11,4,4300622.0,2021,9,7,3,3,5,2,0,0,1,0,1,0,0,0,"793769,2676","5826574,909",13.32962445,52.50996618,3551.0,31.0
216114,11,3,3200310.0,2021,9,11,6,3,6,7,0,0,1,1,0,0,0,0,"799606,8401","5837865,847",13.42557659,52.60799596,4980.0,32.0
216113,11,1,1100309.0,2021,9,7,4,3,1,5,0,1,1,0,0,0,0,0,"797857,6497","5828537,31",13.39144575,52.52533976,4456.0,17.0
216112,11,1,1100310.0,2021,9,11,1,3,5,2,0,1,1,0,0,0,0,0,"799223,5735","5828466,357",13.4114556,52.52395585,4755.0,4.0
216111,11,3,3300516.0,2021,8,11,7,3,5,3,0,1,1,0,0,0,0,0,"801110,1926","5834987,746",13.44509383,52.58136901,5272.0,34.0
216110,11,2,2100104.0,2021,9,14,5,3,5,3,0,0,1,0,0,0,0,0,"799227,691","5825994,657",13.40929366,52.50179845,4749.0,3.0
216109,11,10,10300732.0,2021,9,18,5,2,0,7,1,0,1,0,0,0,0,0,"809629,3886","5828544,552",13.56442126,52.51884748,7054.0,33.0
216108,11,1,1100312.0,2021,9,10,4,3,2,6,0,0,1,0,0,0,1,0,"799206,9456","5826996,052",13.40988895,52.51078587,4751.0,30.0
216107,11,7,7100102.0,2021,9,16,4,3,0,5,0,0,1,0,1,0,0,1,"795000,5234","5825230,311",13.346523,52.49724836,3847.0,19.0
216106,11,1,1100308.0,2021,8,6,6,2,0,1,0,0,1,0,1,0,0,1,"796703,6116","5828773,811",13.37469629,52.528089,4256.0,27.0
216105,11,11,11300721.0,2021,8,20,4,2,0,1,2,0,0,0,1,0,0,1,"805181,566","5829626,157",13.50006729,52.53104848,6057.0,34.0
216104,11,8,8100209.0,2021,9,19,6,3,5,3,0,0,1,0,0,0,0,0,"801569,6284","5822310,197",13.44035801,52.46748473,5239.0,26.0
216103,11,6,6400839.0,2021,9,17,4,3,6,7,0,1,0,1,0,0,0,0,"789380,6342","5818128,605",13.25781178,52.43658795,2430.0,35.0
216102,11,1,1200520.0,2021,9,10,3,3,5,2,0,1,1,0,0,0,0,0,"794440,9161","5829321,684",13.34192413,52.53422712,3758.0,24.0
216101,11,4,4501040.0,2021,9,16,7,3,0,2,0,1,1,0,0,0,0,1,"792718,9983","5825391,082",13.3131523,52.49991813,3348.0,20.0
216100,11,2,2100104.0,2021,9,20,4,3,0,4,2,0,0,1,1,0,0,0,"799217,3242","5825992,297",13.40913927,52.50178298,4749.0,3.0
216099,11,11,11300620.0,2021,9,15,2,3,5,3,0,1,1,0,0,0,0,0,"803973,5827","5829085,377",13.48181985,52.52687663,5856.0,29.0
216098,11,6,6100103.0,2021,9,9,2,3,6,2,0,0,1,1,0,0,0,0,"794004,3897","5821375,715",13.32849267,52.46323124,3537.0,32.0
216097,11,3,3501038.0,2021,8,13,1,3,0,5,0,0,1,0,0,0,1,1,"804097,0856","5832379,234",13.48664964,52.55632919,5865.0,34.0
216096,11,1,1100309.0,2021,9,1,6,3,5,3,2,1,1,0,0,0,0,0,"797943,4495","5828779,418",13.39292362,52.52746306,4456.0,17.0
216095,11,11,11501341.0,2021,9,10,7,3,5,2,0,1,1,0,0,0,0,1,"807202,9908","5823907,448",13.5244972,52.47866138,6442.0,30.0
216094,11,9,9200819.0,2021,9,12,5,3,3,6,0,0,1,0,0,0,0,0,"810112,3432","5820419,849",13.5639591,52.44576242,7032.0,29.0
216093,11,6,6300633.0,2021,9,16,5,3,5,3,0,0,1,0,0,0,0,0,"793278,2193","5818926,075",13.31568335,52.4416611,3331.0,35.0
216092,11,11,11501341.0,2021,8,21,7,3,3,6,2,0,1,0,0,0,0,1,"807146,7899","5823740,019",13.52351807,52.47719245,6442.0,30.0
216091,11,1,1200519.0,2021,8,18,4,3,6,7,0,0,1,1,0,0,0,1,"793811,4083","5828491,86",13.33193665,52.52712793,3556.0,24.0
216090,11,4,4300412.0,2021,9,15,7,3,2,6,0,0,1,0,0,0,0,0,"791385,7084","5827474,884",13.29539094,52.51931281,3054.0,27.0