ObjectID,State,District,LOR_ab_2021,AccidentYear,AccidentMonth,AccidentHour,DayOfWeek,AccidentCategory,AccidentType,AccidentTypeDetail,LightingCondition,InvolvingBike,InvolvingCar,InvolvingPedestrian,InvolvingMotorcycle,InvolvingHGV,InvolvingOther,RoadCondition,GraphicCoord1,GraphicCoord2,LongitudeWGS84,LatitudeWGS84,quadrant,quadrant_rank
216089,11,10,10100311.0,2021,9,14,5,2,5,3,0,1,1,0,0,0,0,0,"807001,2525","5830429,675",13.52755094,52.53722791,6459.0,29.0
216088,11,2,2200210.0,2021,9,23,4,3,0,7,2,0,1,0,0,0,0,0,"799013,1928","5825071,03",13.40531391,52.49363699,4646.0,22.0
216087,11,2,2300316.0,2021,9,21,2,3,0,1,2,0,0,0,1,0,0,0,"801440,8258","5826056,282",13.44185519,52.50113275,5249.0,12.0
216086,11,5,5200629.0,2021,9,15,3,3,0,1,0,0,0,0,1,0,1,0,"784656,7786","5828624,976",13.19747531,52.53317888,1558.0,22.0
216085,11,11,11200515.0,2021,9,15,3,3,5,3,0,1,1,0,0,0,0,0,"806106,803","5830164,905",13.5141606,52.5353581,6359.0,19.0
216084,11,7,7100205.0,2021,8,16,3,2,6,4,0,1,0,1,0,0,0,0,"796428,8465","5824892,037",13.36720057,52.49344213,4146.0,21.0
216083,11,2,2400521.0,2021,9,13,6,3,6,2,0,0,1,1,0,0,0,0,"801137,0368","5828581,401",13.43967823,52.52393359,5155.0,24.0
216082,11,9,9100408.0,2021,9,17,4,3,0,2,0,1,1,0,0,0,0,0,"806497,7268","5820066,651",13.51061844,52.44463503,6232.0,33.0
216081,11,1,1100206.0,2021,8,12,2,3,6,7,0,0,0,1,0,0,1,1,"797674,2832","5827977,396",13.38824978,52.52042096,4454.0,31.0
216080,11,10,10400940.0,2021,8,16,5,2,5,2,0,0,1,0,0,0,1,0,"812385,1544","5824271,746",13.6008965,52.47898666,7542.0,30.0
216079,11,5,5300735.0,2021,9,10,2,3,5,2,0,0,1,0,0,0,0,0,"786566,138","5830552,707",13.22721011,52.54946172,2063.0,24.0
216078,11,7,7100206.0,2021,9,16,7,3,1,5,1,1,1,0,0,0,0,1,"796616,735","5824313,856",13.36944526,52.48815722,4145.0,33.0
216077,11,9,9200715.0,2021,8,16,3,3,5,2,0,0,1,0,1,0,0,0,"807713,4145","5818121,082",13.52665801,52.42651568,6427.0,27.0
216076,11,8,8100312.0,2021,9,14,1,3,2,6,0,0,1,0,1,0,0,0,"800883,6035","5824282,004",13.43206868,52.48553692,5044.0,18.0
216075,11,7,7300619.0,2021,8,21,6,3,5,3,2,0,1,0,0,0,1,0,"795354,3035","5822247,515",13.34907646,52.47031836,3840.0,27.0
216074,11,2,2100102.0,2021,9,9,5,3,1,5,0,1,1,0,0,0,0,0,"797934,1829","5826382,82",13.39064133,52.50598564,4450.0,19.0
216073,11,4,4501042.0,2021,9,16,5,3,6,2,0,0,1,1,0,0,0,0,"793992,0427","5826148,892",13.3325213,52.50602716,3650.0,20.0
216072,11,3,3400828.0,2021,9,15,4,3,5,3,0,1,1,0,0,0,0,1,"799827,6528","5832098,665",13.42361052,52.55618163,4965.0,34.0
216071,11,1,1200519.0,2021,9,8,3,3,5,3,0,1,0,0,0,0,1,0,"794013,591","5829169,067",13.33550727,52.53308969,3658.0,33.0
216070,11,9,9300920.0,2021,8,6,5,3,5,3,0,0,1,0,0,0,0,1,"808097,3099","5816927,914",13.53118753,52.41560628,6524.0,32.0
216069,11,9,9200510.0,2021,8,13,3,3,0,2,0,1,1,0,0,0,0,0,"806413,0312","5822980,694",13.51205052,52.47079927,6240.0,26.0
216068,11,4,4300412.0,2021,9,14,6,3,5,2,0,1,0,0,0,0,1,0,"790794,2534","5827391,504",13.28662581,52.51888103,2954.0,29.0
216067,11,6,6100206.0,2021,9,17,5,3,0,7,0,1,0,0,0,0,0,0,"795099,914","5819450,369",13.34286986,52.4453811,3732.0,33.0
216066,11,3,3701658.0,2021,9,11,2,3,6,7,0,1,0,1,0,0,0,0,"799943,0858","5829971,726",13.42338726,52.53705367,4959.0,29.0
216065,11,1,1400938.0,2021,9,17,7,3,6,7,0,1,0,1,0,0,0,0,"794668,7989","5831155,104",13.34690033,52.5505392,3863.0,30.0
216064,11,8,8100310.0,2021,8,12,3,2,5,2,0,1,1,0,0,0,0,0,"800982,8862","5824768,888",13.43396607,52.48984627,5145.0,21.0
216063,11,10,10200524.0,2021,9,9,2,3,5,3,0,1,1,0,0,0,0,0,"813262,2283","5830369,392",13.61950597,52.53312524,7858.0,35.0
216062,11,8,8200730.0,2021,9,15,1,3,2,6,0,0,1,0,1,0,0,0,"801403,5673","5819275,812",13.43518216,52.44037825,5131.0,31.0
216061,11,9,9501939.0,2021,8,17,7,3,6,4,0,0,1,1,0,0,0,0,"810582,2315","5821339,089",13.5717053,52.45373363,7135.0,32.0
216060,11,5,5100104.0,2021,9,8,6,3,5,3,0,0,0,0,0,1,1,0,"785212,488","5831830,399",13.20839861,52.56162779,1766.0,23.0
216059,11,8,8100206.0,2021,9,4,7,3,6,2,2,0,1,1,0,0,0,0,"800613,6084","5823773,759",13.4276462,52.48113005,5043.0,24.0
216058,11,5,5100314.0,2021,9,20,4,3,3,6,2,0,1,0,0,0,0,1,"785299,538","5830007,701",13.20811286,52.54524015,1761.0,30.0
216057,11,5,5100210.0,2021,9,15,4,2,5,3,0,0,1,0,0,0,1,1,"783976,8741","5830077,319",13.18872015,52.54655543,1462.0,21.0
216056,11,3,3400828.0,2021,8,13,6,3,5,3,0,0,1,0,0,0,0,1,"800030,5203","5832028,863",13.4265308,52.55544427,4964.0,30.0
216055,11,1,1100101.0,2021,9,12,6,3,0,1,0,0,0,0,1,0,0,0,"794662,8463","5826050,07",13.34228857,52.5047794,3750.0,15.0
216054,11,1,1400938.0,2021,8,23,4,3,2,6,2,0,1,0,0,0,0,1,"794492,7166","5830636,198",13.34385076,52.54598281,3762.0,29.0
216053,11,1,1100103.0,2021,9,12,7,3,3,2,0,0,1,0,0,0,1,0,"795321,3107","5826141,991",13.35204316,52.5052474,3850.0,16.0
216052,11,12,12200412.0,2021,9,14,6,2,5,7,0,0,1,0,1,0,0,0,"790940,9033","5834310,945",13.29484377,52.5808348,3072.0,31.0
216051,11,6,6200317.0,2021,9,14,4,3,5,3,0,1,1,0,0,0,0,0,"796783,526","5817868,054",13.36616408,52.43028573,4128.0,35.0
216050,11,4,4501153.0,2021,9,8,3,3,5,3,0,1,0,0,0,0,0,0,"794185,3095","5823228,407",13.33278185,52.47974237,3642.0,24.0
216049,11,7,7501029.0,2021,9,12,5,3,5,3,0,0,1,0,0,0,0,0,"797590,2438","5818738,614",13.37876951,52.43765123,4230.0,25.0
216048,11,4,4501045.0,2021,9,10,3,3,1,5,0,1,1,0,0,0,0,0,"793474,5909","5824856,861",13.3237807,52.49472324,3447.0,32.0
216047,11,2,2300316.0,2021,9,10,3,3,4,6,0,1,0,0,0,0,0,0,"800698,5333","5826439,767",13.43129909,52.50497957,5050.0,20.0
216046,11,5,5200630.0,2021,8,19,2,3,5,3,1,0,1,0,1,0,0,0,"784752,3081","5827199,555",13.1976591,52.52034865,1554.0,31.0
216045,11,5,5300735.0,2021,9,16,6,3,0,1,0,0,0,0,1,0,0,1,"786929,5727","5830853,365",13.23281516,52.55196598,2163.0,35.0
216044,11,9,9200510.0,2021,9,19,1,3,1,5,1,1,1,0,0,0,0,0,"806586,0048","5822155,444",13.51383083,52.46330606,6238.0,27.0
216043,11,7,7601238.0,2021,9,14,5,3,5,2,0,0,1,0,0,0,1,0,"798677,099","5816001,681",13.39226688,52.41252529,4423.0,29.0
216042,11,9,9501940.0,2021,9,17,5,2,6,4,0,0,1,1,0,0,0,0,"811724,3448","5821610,291",13.58871168,52.45551391,7435.0,32.0
216041,11,12,12100101.0,2021,8,12,7,3,5,2,0,1,1,0,0,0,0,0,"795770,041","5832572,284",13.36435733,52.562646,4067.0,17.0
216040,11,8,8301036.0,2021,9,5,1,3,1,5,1,0,1,0,0,0,0,0,"803707,3527","5817991,836",13.46780475,52.42759557,5627.0,31.0
216039,11,12,12200412.0,2021,9,15,1,3,5,3,0,1,1,0,0,0,0,0,"790676,4586","5834314,547",13.29095513,52.58100842,2972.0,31.0
216038,11,11,11200514.0,2021,8,6,3,3,6,7,0,0,1,1,0,0,0,1,"803362,5246","5830084,92",13.47375237,52.53617561,5759.0,30.0
216037,11,5,5200629.0,2021,9,9,7,2,0,1,0,0,0,0,1,0,0,1,"784636,7555","5828433,03",13.19701655,52.53146835,1557.0,25.0
216036,11,4,4400728.0,2021,9,15,3,3,0,1,0,0,1,0,1,0,0,0,"790369,0993","5823532,227",13.27701228,52.48450873,2744.0,34.0
216035,11,1,1300731.0,2021,9,7,4,3,6,2,1,0,1,1,0,0,0,1,"796852,9448","5832377,332",13.3801115,52.56030916,4366.0,35.0
216034,11,1,1100102.0,2021,9,8,4,3,3,6,0,0,1,0,1,0,0,0,"795235,6914","5826697,897",13.35127841,52.51027701,3851.0,23.0
216033,11,7,7400927.0,2021,8,15,2,3,5,2,0,0,1,0,1,0,0,0,"799129,116","5821712,391",13.40400344,52.46346785,4638.0,31.0
216032,11,12,12601133.0,2021,9,18,6,3,5,3,0,0,1,0,0,0,0,0,"795732,9278","5837041,997",13.36779987,52.60273247,4178.0,31.0
216031,11,12,12500825.0,2021,8,14,2,3,2,6,0,0,1,0,0,0,0,1,"792549,4024","5835165,005",13.31926911,52.58762859,3474.0,26.0
216030,11,1,1100207.0,2021,8,3,6,2,0,1,2,1,0,0,0,0,0,1,"798309,232","5826981,135",13.39668694,52.51114382,4552.0,32.0
216029,11,2,2500833.0,2021,9,19,2,3,0,1,0,1,0,0,0,0,0,0,"802386,3775","5827080,926",13.45667318,52.50979348,5451.0,17.0
216028,11,9,9200613.0,2021,9,8,7,2,5,3,0,1,1,0,0,0,0,1,"805794,606","5821825,33",13.50191585,52.46079086,6137.0,27.0
216027,11,2,2100105.0,2021,9,16,6,3,5,3,0,1,0,0,1,0,0,0,"799814,8809","5825748,444",13.41769667,52.49926921,4848.0,7.0
216026,11,3,3200308.0,2021,9,21,4,3,2,6,2,0,1,0,0,0,0,1,"800043,7182","5837236,681",13.43143852,52.60211571,5078.0,33.0
216025,11,9,9301228.0,2021,9,11,5,3,4,7,0,0,0,0,0,1,1,0,"816966,5563","5812344,293",13.65683161,52.36947087,8410.0,35.0
216024,11,12,12100102.0,2021,8,11,7,3,5,3,0,0,1,0,0,0,0,0,"796724,4433","5833270,855",13.37902058,52.56838859,4268.0,30.0
216023,11,12,12400722.0,2021,8,10,4,3,0,3,0,0,1,0,1,0,0,0,"791632,9786","5837857,014",13.30815176,52.61225352,3281.0,35.0
216022,11,4,4100101.0,2021,9,8,2,3,5,2,0,0,1,0,0,0,0,0,"791663,7428","5830679,279",13.30228892,52.54789094,3162.0,28.0
216021,11,7,7601340.0,2021,9,15,7,3,0,1,0,0,0,0,1,0,0,0,"796539,8998","5815877,306",13.36082679,52.41257227,4023.0,15.0
216020,11,4,4300619.0,2021,9,16,3,2,6,7,0,0,1,1,0,0,0,0,"792259,6282","5827273,348",13.30805705,52.51703842,3253.0,26.0
216019,11,9,9301228.0,2021,9,6,3,3,5,3,1,0,1,0,0,0,0,0,"816000,7967","5813252,322",13.64354857,52.37816502,8213.0,35.0
216018,11,1,1300733.0,2021,9,10,3,3,1,5,1,0,1,0,1,0,0,1,"797632,9834","5831885,853",13.39114366,52.5554779,4464.0,20.0
216017,11,9,9502043.0,2021,8,6,2,3,2,6,1,1,1,0,0,0,0,1,"810583,0167","5822176,11",13.57249541,52.46123425,7137.0,35.0
216016,11,12,12200309.0,2021,9,9,6,3,6,4,0,0,1,1,0,0,0,0,"793217,9693","5832480,422",13.32673524,52.5632029,3567.0,8.0
216015,11,3,3400724.0,2021,9,9,4,3,1,7,0,0,1,0,0,0,0,0,"798751,7237","5834117,796",13.40960587,52.57487133,4770.0,31.0
216014,11,1,1100311.0,2021,8,8,2,3,0,6,0,0,1,0,1,0,0,1,"799618,996","5828264,804",13.41708493,52.5219321,4855.0,6.0
216013,11,7,7300517.0,2021,8,16,6,3,5,3,0,0,1,0,0,0,0,0,"794776,904","5822868,581",13.34114967,52.47619773,3741.0,32.0
216012,11,7,7601341.0,2021,9,18,2,3,2,6,0,1,1,0,0,0,0,0,"796542,1285","5814369,881",13.35952461,52.39905806,4019.0,35.0
216011,11,1,1100101.0,2021,9,16,7,3,2,6,0,0,1,0,0,0,0,1,"795209,5382","5826603,85",13.35081075,52.5094481,3851.0,23.0
216010,11,5,5200527.0,2021,9,12,4,3,3,6,0,0,1,0,0,0,0,0,"782335,2775","5827298,243",13.16221497,52.52249042,1055.0,32.0
216009,11,3,3701660.0,2021,9,21,7,3,0,4,1,0,0,1,0,0,1,0,"800134,793","5828994,605",13.42532302,52.52818989,4956.0,24.0
216008,11,1,1100103.0,2021,8,8,6,3,0,1,0,0,0,0,1,0,0,1,"795283,7559","5826060,101",13.35141884,52.50453364,3850.0,16.0
216007,11,9,9100409.0,2021,9,17,5,3,2,6,0,0,1,0,0,0,0,0,"805704,9195","5818766,3",13.49780074,52.43342435,6029.0,32.0
216006,11,4,4300414.0,2021,9,11,6,3,1,5,0,1,1,0,0,0,1,0,"791550,856","5826698,052",13.29713727,52.51226035,3052.0,28.0
216005,11,12,12100204.0,2021,9,15,4,3,2,1,0,0,1,0,1,0,0,1,"794328,0495","5832562,848",13.34313768,52.56334284,3767.0,32.0
216004,11,2,2500835.0,2021,9,21,3,3,0,1,2,0,0,0,1,0,0,0,"801906,0633","5826424,863",13.44902239,52.50417918,5349.0,27.0
216003,11,12,12100204.0,2021,8,13,5,3,2,6,0,0,0,0,0,0,1,1,"794219,3812","5832592,342",13.34156532,52.56366595,3767.0,32.0
216002,11,1,1100308.0,2021,8,9,3,3,2,6,0,1,1,0,0,0,0,0,"797598,4638","5828437,143",13.387547,52.52458342,4455.0,25.0
216001,11,5,5300839.0,2021,9,18,6,3,0,1,0,1,0,0,0,0,0,0,"788720,3624","5830528,368",13.25887139,52.54810598,2562.0,33.0
216000,11,10,10300731.0,2021,9,7,5,3,5,2,0,1,1,0,0,0,0,0,"809655,0861","5830269,153",13.56640471,52.53428807,7058.0,32.0
215999,11,3,3200310.0,2021,9,0,2,3,6,6,2,0,1,1,0,0,0,0,"799855,9752","5838496,027",13.42981578,52.613507,5081.0,34.0
215998,11,7,7300517.0,2021,9,17,2,2,5,3,0,1,1,0,0,0,0,0,"794247,2716","5822046,585",13.33264897,52.46911454,3639.0,25.0
215997,11,3,3400831.0,2021,9,15,5,3,5,7,0,0,1,0,1,0,0,0,"800074,6997","5833884,49",13.42885872,52.57205235,5069.0,28.0
215996,11,5,5100316.0,2021,9,20,2,3,6,2,2,0,1,1,0,0,0,0,"784595,532","5829197,301",13.19706496,52.53834234,1559.0,26.0
215995,11,6,6400735.0,2021,9,14,1,3,3,6,0,1,1,0,0,0,0,0,"779479,4458","5815580,909",13.11041554,52.41889208,225.0,35.0
215994,11,1,1200517.0,2021,8,15,7,3,2,6,0,0,1,0,1,0,0,0,"793648,736","5828121,19",13.32921833,52.52389272,3555.0,17.0
215993,11,9,9502043.0,2021,9,7,6,3,5,3,0,1,0,0,0,0,0,0,"810855,5168","5822503,436",13.57679818,52.46401266,7238.0,35.0
215992,11,4,4300517.0,2021,9,12,7,3,5,3,0,0,1,0,0,0,0,0,"791911,8384","5828206,076",13.30376477,52.52558641,3156.0,30.0
215991,11,6,6100103.0,2021,9,21,4,3,0,1,2,0,1,0,0,0,0,1,"793766,0708","5821150,623",13.32479675,52.46134155,3437.0,28.0
215990,11,5,5100316.0,2021,9,14,6,2,5,3,0,1,1,0,0,0,0,0,"784966,0055","5829500,898",13.20277294,52.54087076,1660.0,16.0
215989,11,5,5300840.0,2021,9,15,5,3,5,2,0,1,1,0,0,0,0,0,"789214,0861","5829280,646",13.26504603,52.536658,2559.0,27.0
215988,11,6,6400838.0,2021,8,10,6,3,0,1,0,0,0,0,1,0,0,1,"788483,0479","5821526,106",13.2475794,52.46752265,2339.0,33.0
215987,11,10,10300734.0,2021,8,17,4,3,6,4,0,0,1,1,0,0,0,0,"809790,6682","5827263,234",13.56559785,52.50727322,7050.0,30.0
215986,11,1,1100416.0,2021,9,7,1,2,1,5,0,0,1,0,1,0,0,0,"798922,0754","5829590,844",13.40803593,52.5342006,4758.0,32.0
215985,11,5,5100316.0,2021,9,6,6,3,5,2,2,0,1,0,0,0,0,0,"784845,1668","5829238,91",13.20077136,52.53858498,1660.0,16.0
215984,11,11,11200411.0,2021,9,11,4,3,0,4,0,0,0,1,1,0,0,0,"804920,7732",5831377,13.49784129,52.54688623,6062.0,28.0
215983,11,1,1100205.0,2021,9,9,2,3,5,2,0,1,1,0,0,0,0,0,"797152,151","5826447,791",13.37921118,52.50699452,4250.0,32.0
215982,11,11,11400931.0,2021,8,9,2,3,3,6,0,0,1,0,0,0,1,0,"806696,6075","5826908,119",13.51982635,52.50583871,6350.0,27.0
215981,11,12,12400720.0,2021,9,6,3,3,5,3,2,0,1,0,1,0,0,0,"789631,3596","5839732,341",13.2803155,52.63013606,2886.0,32.0
215980,11,1,1100206.0,2021,9,13,2,3,6,4,0,0,1,1,0,0,0,0,"797390,7417","5827736,1",13.38386746,52.51841273,4354.0,25.0
215979,11,7,7400823.0,2021,8,13,2,3,5,3,0,1,1,0,0,0,0,1,"797358,934","5821918,607",13.37820812,52.46628256,4238.0,24.0
215978,11,3,3500934.0,2021,9,12,6,3,5,3,0,1,1,0,0,0,0,0,"800688,4116","5831584,178",13.43580274,52.55109566,5163.0,27.0
215977,11,4,4100101.0,2021,9,13,1,3,5,2,0,0,1,0,0,0,0,0,"793340,975","5829718,481",13.32610463,52.53837732,3559.0,17.0
215976,11,1,1300835.0,2021,9,6,5,3,5,2,0,1,1,0,0,0,0,1,"797636,4572","5829558,167",13.38910896,52.53461128,4458.0,25.0
215975,11,9,9401433.0,2021,8,17,2,3,5,7,0,0,1,0,0,0,0,1,"812717,4843","5819918,169",13.60169609,52.43978311,7631.0,35.0
215974,11,1,1100205.0,2021,10,19,6,3,5,2,2,1,1,0,0,0,0,0,"796970,1737","5826731,366",13.37679083,52.50963555,4251.0,5.0
215973,11,4,4300620.0,2021,8,23,7,3,5,3,2,0,1,0,0,0,0,1,"793189,7338","5827892,09",13.32227031,52.52208595,3455.0,35.0
215972,11,4,4300414.0,2021,9,14,2,3,6,7,0,0,1,1,0,0,0,0,"791594,5383","5827341,098",13.29834268,52.51800182,3054.0,27.0
215971,11,11,11501238.0,2021,9,16,7,3,6,7,0,1,0,1,0,0,0,1,"803809,8967","5826178,903",13.47676097,52.500918,5749.0,26.0
215970,11,1,1100416.0,2021,9,17,5,3,0,1,0,1,0,0,0,0,0,0,"798787,7051","5829682,631",13.40614333,52.53509702,4659.0,35.0
215969,11,2,2100101.0,2021,9,16,6,3,5,3,0,1,0,0,0,0,1,0,"797588,4115","5825938,605",13.38516491,52.50219247,4349.0,31.0
215968,11,1,1100308.0,2021,10,11,6,3,0,2,0,0,1,0,1,0,0,0,"797102,5446","5828833,92",13.38061333,52.52841053,4357.0,15.0
215967,11,9,9501737.0,2021,9,15,3,3,5,3,0,0,1,0,0,0,0,0,"813761,909","5821737,227",13.61871926,52.45548564,7835.0,31.0
215966,11,3,3500936.0,2021,9,12,3,2,6,4,0,0,1,1,0,0,0,0,"802704,1781","5831821,254",13.46565792,52.5521041,5563.0,27.0
215965,11,12,12601236.0,2021,9,10,4,2,5,3,0,1,1,0,0,0,0,1,"794421,8442","5836081,869",13.34764295,52.59483732,3876.0,24.0
215964,11,1,1100205.0,2021,8,7,3,3,0,5,0,1,0,0,0,0,0,0,"797469,137","5826804,17",13.38418632,52.5100163,4351.0,27.0
215963,11,1,1100206.0,2021,9,14,6,3,0,1,0,1,0,0,0,0,0,0,"797998,2365","5827858,711",13.39290386,52.51918017,4454.0,31.0
215962,11,8,8100313.0,2021,9,18,3,3,5,3,0,1,1,0,0,0,0,0,"801400,4962","5824764,401",13.44009403,52.48957565,5145.0,21.0
215961,11,7,7400826.0,2021,9,20,6,3,2,6,2,0,1,0,1,0,0,1,"797045,3475","5820430,581",13.37228151,52.4531144,4135.0,30.0
215960,11,12,12400722.0,2021,9,14,4,3,6,4,0,0,1,1,0,0,0,0,"790806,0503","5838847,178",13.29684397,52.62157317,3084.0,35.0
215959,11,6,6100206.0,2021,9,21,7,3,5,3,2,1,1,0,0,0,0,0,"794553,8898","5820101,498",13.3354334,52.45151258,3634.0,30.0
215958,11,12,12500928.0,2021,8,13,1,3,1,5,0,0,1,0,0,0,0,0,"791832,0478","5836924,901",13.31026144,52.60379068,3279.0,30.0
215957,11,8,8200726.0,2021,9,15,5,3,5,3,0,0,1,0,0,0,0,0,"802363,121","5819912,373",13.44983191,52.44555419,5332.0,30.0
215956,11,12,12100204.0,2021,9,14,6,3,2,3,0,0,1,0,0,0,0,0,"795512,8586","5832474,362",13.36048712,52.56190787,4066.0,24.0
215955,11,6,6200312.0,2021,9,15,4,3,5,3,0,1,1,0,0,0,0,1,"794825,3299","5819323,626",13.33872966,52.44439304,3632.0,32.0
215954,11,3,3200309.0,2021,9,7,4,3,5,3,0,1,1,0,0,0,0,1,"800169,3355","5837955,587",13.43393973,52.60849,5180.0,33.0
215953,11,1,1100205.0,2021,8,17,5,3,3,6,0,0,1,0,0,0,0,1,"797468,0504","5826806,786",13.38417269,52.51004034,4351.0,27.0
215952,11,1,1200628.0,2021,8,12,3,3,5,2,0,1,1,0,0,0,0,0,"795702,3048","5828178,286",13.35944965,52.52329469,4055.0,30.0
215951,11,4,4300619.0,2021,9,12,7,3,5,2,0,1,1,0,0,0,0,0,"792137,8441","5827327,315",13.30631479,52.51758748,3253.0,26.0
215950,11,11,11200512.0,2021,9,16,5,3,2,6,0,1,1,0,0,0,0,0,"804754,0822","5831383,255",13.49539643,52.54703556,6062.0,28.0
215949,11,10,10300731.0,2021,9,7,3,3,5,3,0,1,1,0,0,0,0,0,"809125,9875","5829716,522",13.5581152,52.52963589,6957.0,33.0
215948,11,1,1100102.0,2021,9,17,7,3,2,6,0,0,1,0,0,0,0,0,"795421,9938","5826313,571",13.3536745,52.50673097,3950.0,33.0
215947,11,5,5100104.0,2021,9,20,4,3,1,5,0,1,1,0,0,0,0,0,"785909,6582","5831405,973",13.21828964,52.55745686,1965.0,35.0
215946,11,2,2100103.0,2021,9,15,2,3,3,6,0,1,1,0,0,0,0,0,"798499,4882","5826515,881",13.39906486,52.50686936,4550.0,14.0
215945,11,1,1100308.0,2021,9,2,1,3,1,5,2,0,1,0,0,0,1,0,"797080,2245","5828861,178",13.38030964,52.52866704,4357.0,15.0
215944,11,5,5200629.0,2021,8,1,1,3,2,6,2,0,1,0,0,0,0,0,"784766,2685","5828606,109",13.19906895,52.53295253,1658.0,9.0
215943,11,1,1200522.0,2021,9,8,5,3,5,2,0,1,0,0,1,0,0,0,"794569,5675","5828335,377",13.34294142,52.52531604,3756.0,11.0
215942,11,8,8200833.0,2021,9,9,6,3,5,2,0,0,1,0,1,0,0,0,"802244,8117","5816789,864",13.44527408,52.41763189,5224.0,33.0
215941,11,7,7400824.0,2021,9,18,4,3,0,3,0,1,1,0,0,0,0,1,"797866,5012","5822039,121",13.38576518,52.46708637,4339.0,15.0
215940,11,5,5100315.0,2021,9,13,4,3,0,5,0,0,1,0,0,0,0,0,"784725,1153","5830333,843",13.19994462,52.54846485,1662.0,31.0
215939,11,1,1300733.0,2021,9,20,5,3,5,3,0,0,1,0,0,0,0,0,"797651,3622","5831858,642",13.39138954,52.55522394,4464.0,20.0
215938,11,3,3300413.0,2021,9,12,1,2,5,3,0,0,1,1,0,0,0,0,"803626,7286","5838991,648",13.48579202,52.61585559,5882.0,34.0
215937,11,3,3601142.0,2021,8,9,6,3,5,5,0,1,0,0,0,0,1,0,"798836,0504","5831038,373",13.40807343,52.54722273,4762.0,23.0
215936,11,3,3500932.0,2021,9,18,5,3,5,2,0,1,1,0,0,0,0,0,"802071,861","5832782,109",13.45723475,52.56106718,5466.0,28.0
215935,11,12,12200412.0,2021,9,13,6,3,5,3,0,0,1,0,0,0,0,0,"791135,4594","5834229,872",13.29763579,52.58000393,3072.0,31.0
215934,11,1,1300836.0,2021,9,7,4,3,5,3,0,1,0,0,0,0,1,0,"796656,8481","5830467,81",13.37552111,52.54329931,4261.0,21.0
215933,11,1,1300836.0,2021,9,11,4,2,6,2,0,0,1,1,0,0,0,1,"796817,07","5831271,709",13.37859524,52.55041809,4263.0,30.0
215932,11,7,7501029.0,2021,8,11,5,3,0,3,0,1,0,0,0,0,1,1,"797196,7633","5818621,285",13.37289381,52.43681343,4230.0,25.0
215931,11,6,6300526.0,2021,8,20,3,2,0,6,2,1,0,0,0,0,1,0,"788904,1467","5817938,186",13.25065735,52.43513265,2329.0,35.0
215930,11,10,10100102.0,2021,9,19,7,3,5,2,1,0,1,0,1,0,0,0,"809488,8937","5834646,916",13.56804329,52.57361401,7170.0,34.0
215929,11,12,12200412.0,2021,8,14,2,3,0,1,0,1,0,0,0,0,0,1,"791331,9561","5834176,406",13.30048053,52.57941944,3171.0,32.0
215928,11,1,1401045.0,2021,9,16,4,2,0,2,0,0,1,0,0,0,1,0,"796974,6193","5831910,223",13.38148316,52.55605575,4365.0,7.0
215927,11,6,6100204.0,2021,9,22,2,3,2,6,2,1,1,0,0,0,0,0,"795533,2602","5820019,635",13.34973093,52.45025014,3834.0,26.0
215926,11,1,1200628.0,2021,9,4,1,2,8,1,0,0,1,0,0,0,0,0,"796225,3992","5828508,57",13.36743135,52.52597143,4156.0,27.0
215925,11,8,8100419.0,2021,9,6,4,3,5,3,0,1,0,0,0,0,0,0,"802133,4239","5824453,614",13.4505741,52.48638491,5344.0,29.0
215924,11,5,5100315.0,2021,9,9,2,3,5,3,0,0,1,0,1,0,0,0,"784322,3163","5830181,172",13.19388958,52.54730639,1562.0,23.0
215923,11,1,1300836.0,2021,9,13,2,3,5,2,0,1,1,0,0,0,0,0,"796719,8918","5830449,515",13.37643168,52.54310099,4261.0,21.0
215922,11,2,2300314.0,2021,8,22,7,3,2,6,2,0,1,0,0,0,0,0,"799937,5198","5825743,936",13.41949383,52.49916142,4848.0,7.0
215921,11,5,5100317.0,2021,9,7,5,3,0,5,0,1,1,0,0,0,0,0,"787109,3941","5828148,311",13.23312243,52.52761887,2156.0,32.0
215920,11,2,2300315.0,2021,9,21,6,3,5,3,2,1,0,0,1,0,0,0,"800728,9386","5825799,655",13.43116763,52.49922531,5048.0,18.0
215919,11,12,12500824.0,2021,9,9,5,3,5,3,0,0,1,0,0,0,0,1,"791158,8552","5836365,878",13.29985743,52.59914015,3177.0,34.0
215918,11,1,1100101.0,2021,9,14,6,2,0,1,0,1,0,0,0,0,0,0,"794585,8599","5826132,739",13.34123075,52.50556204,3750.0,15.0
215917,11,8,8401244.0,2021,9,15,5,3,2,2,0,0,1,0,0,0,0,0,"806252,235","5816366,967",13.50363009,52.41161417,6122.0,28.0
215916,11,1,1100102.0,2021,8,15,6,3,2,6,0,0,1,0,0,0,1,0,"796573,4392","5826871,669",13.37108721,52.51110906,4151.0,21.0
215915,11,4,4501043.0,2021,8,21,4,3,0,1,2,0,0,0,0,0,1,1,"792422,2264","5824959,957",13.30841436,52.49621231,3247.0,30.0
215914,11,3,3200309.0,2021,9,12,1,3,1,5,0,1,1,0,0,0,0,0,"800102,5607","5837591,221",13.43262618,52.60526102,5079.0,30.0