ObjectID,State,District,LOR_ab_2021,AccidentYear,AccidentMonth,AccidentHour,DayOfWeek,AccidentCategory,AccidentType,AccidentTypeDetail,LightingCondition,InvolvingBike,InvolvingCar,InvolvingPedestrian,InvolvingMotorcycle,InvolvingHGV,InvolvingOther,RoadCondition,GraphicCoord1,GraphicCoord2,LongitudeWGS84,LatitudeWGS84,quadrant,quadrant_rank
215913,11,4,4300623.0,2021,9,13,6,3,5,2,0,1,1,0,0,0,0,0,"792403,0289","5826104,758",13.30913761,52.50648547,3250.0,18.0
215912,11,3,3200205.0,2021,9,16,6,3,5,3,0,0,1,0,0,0,0,0,"797909,6712","5835184,311",13.39817548,52.5848927,4573.0,34.0
215911,11,7,7100103.0,2021,9,13,3,2,5,2,0,1,1,0,0,0,0,0,"795868,3742","5824961,151",13.35903066,52.49436577,3947.0,30.0
215910,11,6,6100102.0,2021,9,18,3,3,3,6,0,1,1,0,0,0,0,0,"793861,3821","5820916,52",13.32598949,52.45919166,3536.0,32.0
215909,11,12,12200412.0,2021,9,22,3,2,5,3,2,0,1,0,1,0,0,1,"791759,3743","5833980,932",13.30659843,52.57743808,3271.0,33.0
215908,11,2,2500835.0,2021,9,16,3,3,6,4,0,0,1,1,0,0,0,0,"803264,5973","5826317,125",13.46887821,52.50246017,5649.0,30.0
215907,11,10,10400835.0,2021,8,14,1,3,5,5,0,0,1,0,0,0,0,1,"811731,5994","5828005,695",13.5947984,52.51282113,7452.0,34.0
215906,11,6,6200315.0,2021,9,17,6,3,2,6,0,0,1,0,0,0,0,1,"795621,4208","5817015,568",13.34836773,52.42327291,3826.0,35.0
215905,11,1,1100102.0,2021,9,8,5,3,2,6,0,0,1,0,1,0,0,1,"795016,7098","5827224,115",13.34852759,52.51511264,3853.0,21.0
215904,11,3,3400831.0,2021,8,7,2,3,2,6,0,0,1,0,1,0,0,1,"799092,2746","5833226,493",13.41381244,52.56669519,4868.0,30.0
215903,11,6,6300526.0,2021,8,7,7,3,1,5,0,1,1,0,0,0,0,0,"789353,6841","5817321,357",13.2567178,52.42936486,2428.0,34.0
215902,11,5,5100104.0,2021,9,10,2,3,2,6,0,0,1,0,0,0,1,0,"785201,653","5831718,56",13.20814308,52.56063074,1766.0,23.0
215901,11,2,2200210.0,2021,9,11,1,3,5,2,0,1,1,0,0,0,0,0,"798323,013","5825486,253",13.39554999,52.49773659,4548.0,2.0
215900,11,7,7100102.0,2021,8,16,3,3,5,3,0,1,0,0,0,0,0,0,"795205,621","5825643,222",13.34990143,52.50083891,3848.0,24.0
215899,11,12,12200515.0,2021,9,16,6,3,5,3,0,1,1,0,0,0,0,0,"790143,5499","5834499,569",13.28327425,52.58295157,2872.0,35.0
215898,11,4,4200311.0,2021,10,18,6,3,2,2,2,0,1,0,0,0,0,0,"790472,0704","5826692,376",13.28128053,52.51278502,2852.0,28.0
215897,11,3,3601450.0,2021,9,17,3,3,2,6,0,0,1,0,1,0,0,0,"801943,705","5829764,736",13.45260668,52.53409371,5358.0,32.0
215896,11,2,2400521.0,2021,9,16,3,3,5,3,0,1,1,0,0,0,0,0,"801204,4453","5828639,191",13.44072113,52.52441433,5255.0,33.0
215895,11,4,4300624.0,2021,9,11,3,2,6,2,0,0,1,1,0,0,0,1,"793269,9237","5826077,603",13.32184967,52.50577673,3450.0,28.0
215894,11,4,4300624.0,2021,8,11,5,3,2,6,0,1,1,0,0,0,0,1,"793291,0901","5826150,295",13.32222467,52.506417,3450.0,28.0
215893,11,4,4300621.0,2021,8,11,3,3,5,3,0,1,0,0,0,0,0,0,"791946,4784","5826863,357",13.30309548,52.51353067,3152.0,15.0
215892,11,11,11300723.0,2021,9,7,6,3,6,4,0,0,0,1,1,0,0,0,"804553,1007","5828412,453",13.48971964,52.5205221,5954.0,33.0
215891,11,12,12601235.0,2021,9,13,4,3,2,2,0,0,1,0,0,0,1,0,"794642,9298","5836271,149",13.35106583,52.59641431,3876.0,24.0
215890,11,6,6300633.0,2021,9,16,2,3,1,5,0,1,1,0,0,0,0,0,"792554,7885","5818359,11",13.30457421,52.43696582,3130.0,32.0
215889,11,5,5200632.0,2021,9,16,6,3,2,6,0,0,1,0,1,0,0,1,"785923,6126","5827989,129",13.21555399,52.5268149,1856.0,32.0
215888,11,12,12100205.0,2021,8,17,3,2,2,6,1,0,1,0,0,0,0,0,"794021,9218","5835331,393",13.34108971,52.58832624,3774.0,21.0
215887,11,3,3400619.0,2021,9,10,1,3,2,6,0,0,1,0,0,0,0,0,"795961,3999","5835560,703",13.36983974,52.58933001,4174.0,29.0
215886,11,3,3400620.0,2021,8,22,7,3,5,2,2,1,1,0,0,0,0,0,"797017,9507","5833776,32",13.38379102,52.5727594,4370.0,30.0
215885,11,11,11400929.0,2021,9,16,5,3,2,6,0,1,1,0,0,0,0,0,"805396,4456","5827196,582",13.5009947,52.50915332,6151.0,22.0
215884,11,2,2200210.0,2021,9,13,6,3,5,2,0,1,1,0,0,0,0,0,"798173,0024","5824840,936",13.39276918,52.4920341,4446.0,18.0
215883,11,3,3500934.0,2021,9,12,4,2,0,1,0,0,0,0,1,0,0,0,"800339,9211","5832076,182",13.43112356,52.55569786,5065.0,28.0
215882,11,5,5100209.0,2021,9,11,4,3,5,2,0,0,1,0,0,0,0,1,"783696,625","5830177,331",13.18468384,52.54759816,1462.0,21.0
215881,11,12,12200412.0,2021,8,2,6,2,0,7,2,0,1,0,0,0,1,1,"791002,5266","5833717,824",13.29523,52.57548463,3070.0,33.0
215880,11,11,11400929.0,2021,9,12,6,3,2,6,0,0,1,0,0,0,0,0,"804589,5832","5826368,268",13.48838491,52.50218058,5949.0,27.0
215879,11,8,8200832.0,2021,8,18,4,2,1,5,0,1,1,0,0,0,0,0,"801571,7152","5817485,843",13.43603403,52.42424148,5126.0,28.0
215878,11,8,8200623.0,2021,9,21,7,3,0,1,2,0,1,0,0,0,0,0,"802417,7451","5820693,887",13.4513407,52.45252879,5334.0,29.0
215877,11,12,12200412.0,2021,9,19,5,3,2,6,2,0,1,0,0,1,0,1,"790789,8065","5833709,635",13.29209263,52.57552493,2970.0,31.0
215876,11,7,7200412.0,2021,9,17,3,3,1,7,0,1,0,0,0,0,0,0,"796338,0783","5822926,753",13.36412037,52.47587438,4041.0,26.0
215875,11,8,8100105.0,2021,9,23,1,3,6,2,2,0,1,1,0,0,0,0,"801086,2147","5821958,086",13.43294562,52.46459526,5038.0,23.0
215874,11,9,9200715.0,2021,9,7,4,3,5,2,0,0,1,0,0,0,1,0,"808327,5334","5818866,526",13.53634863,52.43285074,6629.0,25.0
215873,11,3,3500934.0,2021,9,18,2,3,2,2,0,0,1,0,0,0,1,0,"801055,6806","5832018,432",13.44159683,52.55478506,5264.0,28.0
215872,11,4,4400831.0,2021,9,20,1,3,1,5,2,0,1,0,0,0,0,0,"791010,3646","5822449,504",13.28548419,52.47446066,2941.0,29.0
215871,11,9,9200715.0,2021,8,19,2,3,2,6,0,0,1,0,0,0,0,0,"807353,6923","5818121,538",13.52138458,52.42672195,6427.0,27.0
215870,11,2,2500833.0,2021,9,21,5,3,5,2,2,1,1,0,0,0,0,0,"802065,394","5827160,95",13.45203057,52.51068857,5351.0,17.0
215869,11,2,2500835.0,2021,9,17,6,2,3,6,0,1,1,0,0,0,0,0,"803095,1526","5826043,962",13.46614092,52.50010599,5548.0,25.0
215868,11,11,11300724.0,2021,9,18,4,3,5,3,0,0,1,0,0,0,1,0,"804833,6122","5827750,264",13.49323441,52.51443049,5952.0,22.0
215867,11,7,7200308.0,2021,8,12,2,3,5,3,0,1,1,0,0,0,0,1,"794938,0349","5823924,453",13.34444927,52.48557597,3744.0,25.0
215866,11,9,9200510.0,2021,9,12,5,3,2,6,0,0,1,0,0,0,0,0,"806619,4643","5822816,665",13.51492933,52.46921337,6339.0,31.0
215865,11,3,3400721.0,2021,8,17,7,3,5,2,0,0,1,0,0,0,0,0,"797868,5533","5833056,903",13.39565917,52.56584599,4567.0,25.0
215864,11,5,5300737.0,2021,8,16,4,2,5,7,0,0,1,0,0,0,0,0,"787993,0884","5830306,291",13.24798298,52.54649995,2362.0,33.0
215863,11,7,7501029.0,2021,9,15,1,3,2,6,0,0,1,0,0,0,0,0,"797746,0488","5819096,152",13.38137328,52.4407714,4331.0,30.0
215862,11,8,8200727.0,2021,9,14,5,3,5,7,0,0,1,0,1,0,0,0,"801310,9206","5819538,87",13.43406047,52.44278719,5132.0,30.0
215861,11,2,2300316.0,2021,9,7,4,3,5,3,0,0,1,0,1,0,0,0,"800734,4927","5826518,748",13.43189863,52.50566768,5050.0,20.0
215860,11,7,7400721.0,2021,9,15,2,3,0,3,0,0,1,0,0,0,1,0,"797290,5627","5823162,631",13.3783133,52.47747118,4242.0,32.0
215859,11,12,12200310.0,2021,9,14,3,3,2,6,0,0,1,0,0,0,0,0,"791727,43","5832945,54",13.30521748,52.56817325,3168.0,35.0
215858,11,9,9501939.0,2021,9,7,2,3,2,6,0,0,1,0,0,0,0,0,"810646,5061","5821064,172",13.57239244,52.45123341,7134.0,33.0
215857,11,6,6100208.0,2021,8,16,3,3,1,5,0,1,1,0,0,0,0,0,"794766,7152","5820387,292",13.3388084,52.45395986,3635.0,30.0
215856,11,12,12100205.0,2021,9,15,6,2,1,5,0,0,1,0,0,0,1,1,"794275,9632","5832920,013",13.3426883,52.56657271,3768.0,33.0
215855,11,8,8200833.0,2021,9,19,4,3,5,2,0,0,1,0,1,0,0,0,"801649,1865","5817436,64",13.43712554,52.42375775,5126.0,28.0
215854,11,9,9401534.0,2021,8,20,2,2,4,1,1,0,1,0,0,0,0,1,"811680,1133","5819936,666",13.58650143,52.44054103,7331.0,26.0
215853,11,6,6300633.0,2021,8,16,5,3,5,2,0,1,0,0,0,0,1,0,"793261,9826","5819096,397",13.31559464,52.4431967,3332.0,28.0
215852,11,4,4300623.0,2021,9,15,2,3,5,2,0,1,1,0,0,0,0,0,"792183,1699","5826124,532",13.30592485,52.50678052,3250.0,18.0
215851,11,9,9401534.0,2021,9,15,6,3,6,2,0,0,1,1,0,0,0,1,"811388,7082","5820131,98",13.58241015,52.44245733,7331.0,26.0
215850,11,1,1401046.0,2021,8,15,3,3,1,5,0,1,1,0,0,0,0,0,"795123,8347","5829971,852",13.35254055,52.53968599,3860.0,28.0
215849,11,7,7400823.0,2021,9,16,7,3,5,3,0,0,1,0,0,0,0,0,"797361,3966","5822009,18",13.37832498,52.46709312,4239.0,24.0
215848,11,12,12200308.0,2021,10,14,6,3,6,4,0,0,1,1,0,0,0,0,"792691,1009","5833872,81",13.32021355,52.57596849,3470.0,31.0
215847,11,5,5200528.0,2021,9,19,5,2,5,2,2,0,1,0,1,0,0,0,"782381,0431","5827031,631",13.16266136,52.52007616,1054.0,32.0
215846,11,1,1200519.0,2021,8,15,6,3,2,6,0,0,1,0,0,0,0,1,"793756,424","5828496,864",13.3311329,52.52720242,3556.0,24.0
215845,11,12,12200412.0,2021,8,19,4,3,2,6,2,0,1,0,0,0,0,1,"788344,9694","5832069,393",13.25468924,52.56212059,2466.0,34.0
215844,11,5,5300841.0,2021,9,22,7,3,5,3,2,0,1,0,0,0,0,0,"789681,7791","5829343,739",13.27197729,52.53697523,2759.0,31.0
215843,11,7,7100102.0,2021,9,13,6,3,5,3,0,1,1,0,0,0,0,0,"795437,8864","5825668,384",13.35333549,52.50093877,3949.0,25.0
215842,11,6,6200316.0,2021,9,13,6,3,6,4,0,1,0,1,0,0,0,0,"796335,4962","5818002,004",13.35971228,52.43172936,4028.0,35.0
215841,11,1,1100205.0,2021,9,18,4,3,5,3,0,0,1,0,0,0,1,0,"797158,6641","5826452,63",13.37931118,52.50703435,4250.0,32.0
215840,11,12,12100205.0,2021,9,10,2,3,1,5,0,1,0,0,0,0,1,0,"795149,3741","5833221,164",13.35580492,52.56879943,3968.0,33.0
215839,11,4,4501041.0,2021,9,8,3,3,5,2,0,1,1,0,0,0,0,0,"792954,77","5825360,476",13.31658872,52.49951724,3348.0,20.0
215838,11,8,8301037.0,2021,9,18,3,2,6,4,0,0,1,1,0,0,0,0,"804120,042","5817647,143",13.47354231,52.4242769,5626.0,34.0
215837,11,8,8200730.0,2021,8,9,3,3,5,2,0,0,1,0,0,0,1,0,"802263,6586","5818946,023",13.44749891,52.43694761,5330.0,29.0
215836,11,11,11100204.0,2021,9,17,6,3,5,3,0,0,1,0,1,0,0,0,"806157,6136","5833347,426",13.51784146,52.56385188,6367.0,34.0
215835,11,6,6200313.0,2021,9,8,4,3,5,2,0,1,1,0,0,0,0,0,"795244,0322","5818330,624",13.34399496,52.43526542,3729.0,24.0
215834,11,1,1100311.0,2021,8,13,7,3,2,2,0,1,1,0,0,0,0,0,"799986,9967","5827428,483",13.42173845,52.51423351,4952.0,31.0
215833,11,9,9200715.0,2021,9,4,2,3,5,3,2,0,1,0,0,0,0,0,"808329,2198","5819187,709",13.53666956,52.43572826,6629.0,25.0
215832,11,5,5100209.0,2021,9,8,1,3,5,3,0,0,1,0,0,0,0,0,"783702,8194","5830172,911",13.18477117,52.54755531,1462.0,21.0
215831,11,10,10200629.0,2021,8,20,3,3,2,1,2,0,0,0,1,0,1,0,"810481,9378","5827962,266",13.57640234,52.51314465,7252.0,32.0
215830,11,1,1100206.0,2021,9,16,6,3,3,6,0,1,1,0,0,0,0,0,"797724,4673","5827676,062",13.38871754,52.51769248,4453.0,15.0
215829,11,1,1300836.0,2021,10,2,6,3,5,3,2,0,1,0,0,0,0,0,"796681,5775","5830147,539",13.37559868,52.54041497,4260.0,28.0
215828,11,1,1400938.0,2021,9,6,3,3,8,1,1,0,1,0,0,0,0,1,"793974,734","5830148,696",13.33580272,52.54189242,3660.0,29.0
215827,11,1,1200623.0,2021,9,13,4,3,6,7,0,1,0,1,0,0,0,0,"794621,639","5829031,55",13.34432364,52.53152861,3757.0,25.0
215826,11,6,6300629.0,2021,9,23,3,3,0,7,2,0,1,0,0,0,0,0,"791763,4284","5819279,811",13.29376974,52.44564267,3032.0,24.0
215825,11,7,7300517.0,2021,8,10,5,3,5,3,0,1,0,0,0,0,0,0,"793967,4966","5822388,059",13.3288431,52.47232632,3540.0,31.0
215824,11,2,2400522.0,2021,8,15,3,3,4,3,0,1,1,0,0,0,0,0,"801823,1697","5827935,46",13.44917471,52.51776462,5353.0,29.0
215823,11,6,6300632.0,2021,9,15,6,3,5,3,0,0,1,0,0,0,0,0,"791931,3139","5817211,886",13.29442694,52.42701407,3027.0,31.0
215822,11,4,4500938.0,2021,9,14,3,3,1,5,0,1,1,0,0,0,0,0,"791677,341","5824849,183",13.29737614,52.49561784,3047.0,28.0
215821,11,7,7501031.0,2021,9,16,3,3,2,6,0,0,1,0,0,0,0,0,"798872,7939","5819406,467",13.39817808,52.44293838,4532.0,32.0
215820,11,10,10100206.0,2021,9,11,7,3,0,1,0,1,0,0,0,0,0,0,"809337,8189","5832718,38",13.56402307,52.55641722,7065.0,33.0
215819,11,5,5300736.0,2021,9,15,4,3,5,2,0,1,1,0,0,0,0,0,"786375,7896","5829163,72",13.22321304,52.53710861,1959.0,28.0
215818,11,7,7200307.0,2021,9,12,1,3,1,5,0,0,1,0,0,0,1,0,"794837,6565","5824294,363",13.34330255,52.4889462,3745.0,23.0
215817,11,8,8100419.0,2021,8,20,7,3,1,6,2,1,1,0,0,0,0,0,"802329,4281","5823952,484",13.45299738,52.48178476,5343.0,29.0
215816,11,10,10400940.0,2021,9,15,4,3,6,6,0,1,0,1,0,0,0,0,"812367,3387","5823893,468",13.60028072,52.47560701,7541.0,33.0
215815,11,7,7400927.0,2021,9,5,6,2,5,2,2,0,1,0,1,0,0,1,"798894,9046","5821212,259",13.40011842,52.45911297,4636.0,31.0
215814,11,9,9100409.0,2021,9,10,4,3,5,3,0,0,1,0,0,0,0,0,"805703,356","5818794,295",13.49780341,52.43367613,6029.0,32.0
215813,11,1,1400938.0,2021,9,11,4,3,2,6,0,0,1,0,0,0,1,1,"794493,0593","5830636,531",13.34385609,52.54598562,3762.0,29.0
215812,11,1,1401045.0,2021,8,17,5,3,6,2,0,0,1,1,0,0,0,0,"796658,2616","5831953,65",13.37686933,52.55661744,4265.0,16.0
215811,11,2,2400623.0,2021,9,13,6,3,0,2,0,0,1,0,1,0,0,0,"801208,7994","5827471,023",13.43972742,52.51394146,5152.0,33.0
215810,11,9,9200512.0,2021,8,19,4,3,1,5,0,0,1,0,0,0,0,0,"808976,5574","5821600,357",13.54839294,52.45698502,6836.0,35.0
215809,11,10,10300734.0,2021,9,8,6,3,1,1,0,0,1,0,0,0,0,0,"809951,5466","5827067,141",13.56777809,52.50542454,7050.0,30.0
215808,11,1,1100311.0,2021,9,15,5,3,6,4,0,0,1,1,0,0,0,0,"800161,4042","5827680,071",13.42452781,52.51639263,4953.0,29.0
215807,11,6,6300524.0,2021,9,19,3,3,0,3,1,0,0,0,1,0,0,0,"787531,4293","5817367,981",13.23003004,52.43074367,2028.0,31.0
215806,11,2,2200213.0,2021,9,7,2,3,5,3,0,1,1,0,0,0,0,0,"800129,6505","5825064,404",13.42170342,52.49296487,4946.0,25.0
215805,11,1,1100415.0,2021,9,21,4,3,0,7,2,1,0,0,0,0,0,0,"798294,836","5829369,21",13.39861713,52.5325576,4558.0,10.0
215804,11,5,5300841.0,2021,9,21,1,3,2,6,2,0,1,0,0,0,0,0,"789654,4067","5829290,722",13.27152863,52.53651447,2659.0,26.0
215803,11,5,5100317.0,2021,9,6,2,3,2,6,1,0,1,0,0,0,0,0,"787562,3015","5828030,771",13.23967856,52.52632633,2256.0,31.0
215802,11,2,2300316.0,2021,8,8,2,3,5,3,0,0,1,0,0,0,0,1,"800626,2087","5826266,159",13.43007998,52.50346333,5049.0,28.0
215801,11,1,1100308.0,2021,9,20,5,3,5,2,2,1,1,0,0,0,0,0,"797013,5855","5828942,561",13.3794029,52.52943285,4257.0,21.0
215800,11,10,10400837.0,2021,9,20,6,3,5,3,1,0,1,0,1,0,0,0,"810594,5152","5825520,603",13.57577867,52.49119962,7246.0,34.0
215799,11,8,8100417.0,2021,9,9,5,3,7,7,0,0,0,0,0,0,1,0,"802343,0726","5823265,958",13.45257523,52.47562384,5341.0,26.0
215798,11,5,5200528.0,2021,9,16,5,3,2,6,1,0,1,0,0,0,1,0,"783142,0399","5826818,423",13.17366565,52.51776985,1253.0,30.0
215797,11,12,12601032.0,2021,8,11,6,3,5,3,0,1,1,0,0,0,0,0,"792829,5938","5837488,474",13.32544792,52.60830639,3480.0,27.0
215796,11,2,2300419.0,2021,8,16,4,3,5,3,0,1,0,0,0,0,1,0,"801582,7343","5825948,423",13.44384176,52.50008758,5248.0,18.0
215795,11,3,3601243.0,2021,9,23,7,3,5,3,2,0,1,0,0,0,0,0,"799845,5063","5831531,345",13.42336069,52.55108675,4963.0,31.0
215794,11,6,6200420.0,2021,9,22,6,3,1,1,2,0,1,0,1,0,0,0,"792633,0315","5816365,082",13.30397717,52.41904768,3125.0,29.0
215793,11,3,3400828.0,2021,9,18,4,3,5,3,0,0,1,0,1,0,0,0,"799730,753","5832503,305",13.42255092,52.55986189,4966.0,29.0
215792,11,11,11300620.0,2021,9,17,3,3,6,4,0,1,0,1,0,0,0,0,"804068,1005","5829294,661",13.48340019,52.52869965,5857.0,33.0
215791,11,1,1100207.0,2021,9,18,3,3,0,3,1,0,1,0,1,0,0,0,"798413,4995","5826862,357",13.39811229,52.5100221,4551.0,19.0
215790,11,11,11400927.0,2021,9,17,3,3,0,1,0,1,0,0,0,0,0,0,"803702,6334","5826262,734",13.47526209,52.50172907,5749.0,26.0
215789,11,8,8200727.0,2021,8,14,3,3,1,5,0,1,1,0,0,0,0,0,"802487,3171","5819133,519",13.45094871,52.43850452,5330.0,29.0
215788,11,7,7200308.0,2021,9,13,6,3,3,6,0,1,1,0,0,0,0,0,"794995,0872","5823849,401",13.34522061,52.48487236,3744.0,25.0
215787,11,9,9401635.0,2021,9,16,4,3,5,3,0,1,1,0,0,0,0,0,"817688,0899","5817868,371",13.67263039,52.4185517,8624.0,35.0
215786,11,7,7100206.0,2021,8,15,2,3,5,2,0,1,1,0,0,0,0,1,"796684,919","5824820,069",13.37089721,52.49265788,4146.0,21.0
215785,11,7,7100205.0,2021,8,9,6,3,5,2,0,1,1,0,0,0,0,0,"795997,5287","5824957,257",13.36092405,52.49426084,4047.0,24.0
215784,11,6,6300528.0,2021,9,12,2,3,1,5,0,0,1,0,0,0,1,0,"789126,6716","5816877,459",13.25300443,52.4255051,2426.0,35.0
215783,11,1,1100313.0,2021,9,20,6,2,0,1,1,0,0,0,0,0,1,0,"799815,7055","5826988,727",13.41882565,52.51038597,4851.0,23.0
215782,11,4,4501153.0,2021,8,10,3,3,5,2,0,1,1,0,0,0,0,0,"794304,8849","5823922,579",13.33515032,52.48590083,3644.0,32.0
215781,11,11,11501340.0,2021,9,12,7,3,5,3,0,0,1,0,1,0,0,1,"807680,6792","5824546,001",13.53209799,52.48411525,6544.0,34.0
215780,11,3,3601142.0,2021,8,11,6,3,5,2,0,1,1,0,0,0,0,0,"799174,1051","5831109,92",13.41310839,52.54767851,4762.0,23.0
215779,11,3,3300411.0,2021,9,18,5,3,5,3,0,1,1,0,0,0,0,0,"803911,631","5839149,555",13.49013221,52.61711157,5982.0,34.0
215778,11,4,4100101.0,2021,9,12,6,3,5,2,0,0,1,0,0,0,0,0,"791664,7423","5830679,317",13.30230365,52.54789075,3162.0,28.0
215777,11,4,4501149.0,2021,9,10,4,3,5,3,0,1,1,0,0,1,0,0,"793454,6647","5824435,084",13.32311654,52.49095289,3446.0,17.0
215776,11,2,2500831.0,2021,9,11,3,2,0,1,0,0,1,0,1,0,0,1,"802749,4055","5827330,13",13.46223267,52.51182573,5552.0,30.0
215775,11,3,3601450.0,2021,8,10,5,3,2,1,0,0,1,0,0,0,0,1,"802312,8561","5829506,994",13.45779805,52.53157897,5457.0,19.0
215774,11,11,11200512.0,2021,8,19,3,2,0,1,0,1,0,0,0,0,0,0,"802956,5629","5830960,89",13.46858408,52.54425256,5661.0,34.0
215773,11,6,6400842.0,2021,9,7,6,3,5,2,0,0,1,0,0,0,0,0,"788849,116","5821437,261",13.2528763,52.4665327,2438.0,35.0
215772,11,5,5200630.0,2021,9,12,5,3,2,6,0,0,1,0,0,0,0,0,"784453,1999","5827722,208",13.19370969,52.52519091,1556.0,33.0
215771,11,4,4300622.0,2021,9,18,3,3,2,6,0,0,1,0,0,0,0,0,"793550,1371","5826463,411",13.32630654,52.50908462,3551.0,31.0
215770,11,1,1100101.0,2021,9,21,7,3,2,6,2,0,1,0,0,0,0,0,"794483,8282","5826092,905",13.33969659,52.50526004,3750.0,15.0
215769,11,3,3300516.0,2021,8,16,3,3,5,3,0,0,1,0,0,0,1,0,"801127,0455","5833561,947",13.44404694,52.56858021,5268.0,32.0
215768,11,12,12200412.0,2021,9,15,2,2,2,6,0,0,1,0,0,0,1,0,"788347,4607","5832078,261",13.2547336,52.56219878,2466.0,34.0
215767,11,8,8100206.0,2021,9,15,1,3,6,4,0,0,0,1,1,0,0,0,"800449,6817","5823689,521",13.42516369,52.48046521,4943.0,28.0
215766,11,1,1300834.0,2021,8,9,7,2,3,6,0,0,1,0,0,0,1,0,"797782,133","5830741,711",13.39231106,52.54514065,4461.0,22.0
215765,11,1,1100102.0,2021,9,9,6,3,2,2,0,0,1,0,0,0,0,0,"796575,0093","5827962,356",13.37208248,52.52088512,4154.0,35.0
215764,11,8,8100415.0,2021,9,18,6,3,5,7,1,0,1,0,0,0,0,0,"801235,3433","5823671,487",13.43668135,52.47987076,5142.0,24.0
215763,11,4,4300414.0,2021,9,10,5,3,2,2,0,0,1,0,1,0,0,0,"790946,4876","5826751,56",13.28830347,52.51306275,2952.0,30.0
215762,11,4,4100101.0,2021,9,13,4,3,5,7,0,0,1,0,0,1,0,1,"792671,1008","5830661,262",13.31708666,52.54718916,3362.0,33.0
215761,11,10,10200524.0,2021,8,13,6,3,2,6,0,0,1,0,0,0,0,1,"812270,998","5830678,575",13.60523071,52.53646461,7659.0,23.0
215760,11,9,9200819.0,2021,8,20,4,3,0,1,1,1,0,0,0,0,0,1,"810193,6351","5820396,801",13.56512996,52.44550976,7032.0,29.0
215759,11,1,1100101.0,2021,9,19,7,3,5,3,0,0,1,0,0,0,0,0,"795130,8517","5826505,389",13.3495674,52.50860805,3851.0,23.0
215758,11,6,6400843.0,2021,9,13,3,3,6,4,0,0,0,1,1,0,0,0,"791573,7409","5820652,497",13.29218512,52.45805004,3036.0,32.0
215757,11,5,5100316.0,2021,9,7,4,3,5,3,0,1,0,0,0,0,1,0,"784041,7452","5829678,071",13.1893328,52.54294191,1461.0,35.0
215756,11,8,8200624.0,2021,9,13,3,3,0,3,0,0,1,0,1,0,0,0,"801294,9496","5820449,049",13.43464706,52.45095423,5134.0,22.0
215755,11,2,2500835.0,2021,8,12,5,3,1,5,0,1,1,0,0,0,0,1,"803105,6156","5826268,331",13.4664988,52.50211117,5549.0,29.0
215754,11,11,11100204.0,2021,8,15,3,3,5,2,0,0,1,0,0,0,0,0,"806543,3235","5833565,608",13.52371553,52.56559022,6467.0,32.0
215753,11,4,4501041.0,2021,9,19,6,3,0,1,1,0,0,0,1,0,0,0,"792957,6075","5825568,952",13.3168138,52.50138464,3349.0,17.0
215752,11,2,2500726.0,2021,9,16,4,3,6,4,0,0,1,1,0,0,0,0,"802153,8604","5828647,579",13.45468028,52.52396422,5455.0,34.0
215751,11,4,4300414.0,2021,9,15,3,3,5,3,0,0,1,0,0,0,1,0,"791552,2579","5826689,565",13.29715044,52.51218351,3052.0,28.0
215750,11,2,2400623.0,2021,9,18,2,2,1,5,0,1,1,0,0,0,0,0,"800526,5663","5826891,541",13.42918093,52.50912371,5051.0,27.0
215749,11,2,2200210.0,2021,9,16,4,3,5,7,0,0,1,0,0,0,0,0,"798672,0276","5825128,285",13.40035502,52.49433699,4647.0,23.0
215748,11,4,4400729.0,2021,9,13,1,3,3,6,0,1,1,0,0,0,0,0,"790537,5684","5822329,23",13.27843801,52.47363408,2741.0,35.0
215747,11,4,4300518.0,2021,8,13,7,3,5,2,0,1,1,0,0,0,0,0,"792082,8941","5828107,967",13.3061928,52.52461527,3255.0,30.0
215746,11,3,3300516.0,2021,9,10,5,3,4,6,0,0,1,0,0,0,0,0,"801036,7055","5834745,164",13.44379222,52.5792354,5271.0,35.0
215745,11,9,9200818.0,2021,9,18,5,3,1,7,0,0,1,0,0,0,0,0,"810488,4992","5820332,738",13.56939498,52.44476829,7132.0,24.0
215744,11,3,3200308.0,2021,9,20,3,2,5,2,2,0,1,0,0,0,0,0,"800177,4483","5836542,834",13.43277816,52.59582286,5076.0,28.0
215743,11,6,6300528.0,2021,9,19,4,3,2,6,1,0,1,0,1,0,0,0,"790828,6303","5817456,121",13.2784676,52.42979096,2728.0,31.0
215742,11,2,2300316.0,2021,8,8,6,3,5,2,0,1,1,0,0,0,0,1,"800805,4978","5826158,115",13.43261582,52.50239609,5049.0,28.0
215741,11,4,4501043.0,2021,8,21,4,3,0,2,2,0,1,0,1,0,0,1,"792947,2382","5825260,845",13.31639045,52.49862812,3348.0,20.0
215740,11,8,8100419.0,2021,9,7,6,3,0,3,0,1,1,0,0,0,0,0,"802531,9637","5824214,906",13.45620886,52.48402469,5444.0,33.0
215739,11,3,3500936.0,2021,8,15,3,3,5,3,0,0,1,0,0,0,1,0,"801686,0834","5831179,934",13.45010513,52.5469208,5362.0,25.0
215738,11,7,7200307.0,2021,9,15,5,3,5,7,0,0,1,0,0,0,1,0,"794944,5998","5824319,949",13.34489567,52.4891178,3745.0,23.0