ObjectID,State,District,LOR_ab_2021,AccidentYear,AccidentMonth,AccidentHour,DayOfWeek,AccidentCategory,AccidentType,AccidentTypeDetail,LightingCondition,InvolvingBike,InvolvingCar,InvolvingPedestrian,InvolvingMotorcycle,InvolvingHGV,InvolvingOther,RoadCondition,GraphicCoord1,GraphicCoord2,LongitudeWGS84,LatitudeWGS84,quadrant,quadrant_rank
215384,11,4,4200308.0,2021,9,15,5,3,2,6,0,0,1,0,1,0,0,0,"790364,1546","5827303,768",13.28022834,52.51832366,2854.0,7.0
215383,11,8,8100208.0,2021,9,11,1,3,1,5,0,1,1,0,0,0,0,0,"801192,1182","5822660,217",13.43513356,52.4708303,5140.0,28.0
215382,11,2,2200209.0,2021,8,12,7,3,2,2,0,0,1,0,1,0,0,0,"797123,6778","5823996,241",13.37660622,52.48503447,4244.0,30.0
215381,11,2,2200209.0,2021,9,23,5,3,4,6,2,1,0,0,0,0,1,0,"797272,6225","5824612,488",13.37934287,52.49047739,4245.0,23.0
215380,11,5,5200631.0,2021,9,14,7,3,2,6,0,0,1,0,1,0,0,1,"785102,561","5827598,443",13.20314919,52.52374205,1655.0,31.0
215379,11,1,1400938.0,2021,9,20,4,3,0,6,2,0,1,0,1,0,0,1,"794674,6333","5831455,404",13.34725266,52.55322801,3864.0,32.0
215378,11,5,5200525.0,2021,9,19,4,3,2,6,2,0,1,0,0,0,0,1,"781795,1658","5827198,016",13.15419043,52.52187116,955.0,34.0
215377,11,1,1300733.0,2021,8,17,6,3,5,2,0,1,1,0,0,0,0,0,"797080,2853","5831450,461",13.38262574,52.5518769,4363.0,11.0
215376,11,10,10100316.0,2021,9,12,6,3,2,6,0,0,1,0,1,0,0,0,"810333,0722","5831828,054",13.57782421,52.54787248,7262.0,34.0
215375,11,3,3601142.0,2021,8,18,4,2,0,7,0,0,0,0,0,0,1,0,"798767,3339","5831023,869",13.40705002,52.54713042,4762.0,23.0
215374,11,5,5100316.0,2021,9,9,7,3,4,6,0,0,0,0,0,0,1,0,"785078,7193","5829428,994",13.20436871,52.54016712,1660.0,16.0
215373,11,3,3500932.0,2021,9,11,6,2,0,1,0,0,1,0,0,0,0,0,"801220,6139","5832369,58",13.44434085,52.55784122,5265.0,34.0
215372,11,3,3601140.0,2021,9,12,3,3,2,4,0,0,1,1,0,0,0,0,"798654,8389","5831794,049",13.40608869,52.55409562,4664.0,32.0
215371,11,2,2400521.0,2021,9,14,2,3,5,2,0,1,0,0,0,0,1,0,"800718,2645","5827875,413",13.43288609,52.51783677,5053.0,21.0
215370,11,3,3200205.0,2021,8,9,2,3,0,2,0,1,0,0,1,0,0,1,"797408,5892","5835086,319",13.39071347,52.58428849,4473.0,30.0
215369,11,10,10100313.0,2021,9,19,2,3,2,6,2,0,1,0,0,0,0,0,"808722,8003","5831296,827",13.55365858,52.54402666,6861.0,30.0
215368,11,7,7400927.0,2021,9,10,3,3,5,3,0,0,1,0,0,0,0,1,"798636,136","5820660,484",13.39582767,52.45430844,4535.0,33.0
215367,11,2,2500830.0,2021,8,12,2,3,1,1,0,0,0,0,0,0,1,1,"802395,6181","5827438,773",13.45713406,52.51299573,5452.0,12.0
215366,11,8,8301037.0,2021,9,16,6,3,1,5,1,0,1,0,0,0,0,1,"804278,2913","5817811,332",13.47601176,52.42566052,5727.0,29.0
215365,11,10,10100205.0,2021,9,14,1,3,0,3,0,0,1,0,0,0,1,0,"807610,5329","5832365,352",13.53829843,52.55423176,6664.0,30.0
215364,11,4,4501152.0,2021,9,15,5,3,5,2,0,0,1,0,1,0,0,0,"793975,648","5824709,992",13.33101032,52.49313699,3546.0,24.0
215363,11,11,11400931.0,2021,8,16,2,3,2,7,0,0,1,0,0,0,0,1,"806627,4558","5827184,416",13.51906518,52.5083538,6351.0,31.0
215362,11,1,1100309.0,2021,8,18,7,2,6,2,0,1,0,1,0,0,0,1,"798616,7386","5828406,353",13.40248388,52.52375068,4655.0,17.0
215361,11,3,3400725.0,2021,9,7,2,3,2,3,0,1,1,0,0,0,0,0,"798830,5249","5834933,544",13.41150058,52.58213996,4772.0,31.0
215360,11,9,9401329.0,2021,9,10,1,3,5,3,0,1,1,0,0,0,0,0,"816404,338","5817588,216",13.65355155,52.41678492,8324.0,34.0
215359,11,8,8200831.0,2021,8,9,3,3,0,2,0,1,1,0,0,0,0,1,"799610,1448","5816426,278",13.40632409,52.4158214,4624.0,31.0
215358,11,7,7300619.0,2021,9,15,6,3,3,6,0,1,1,0,0,0,0,0,"795906,1726","5820836,333",13.35592602,52.45736953,3936.0,35.0
215357,11,11,11300620.0,2021,10,19,6,3,5,3,2,0,1,0,0,0,0,0,"804044,459","5829064,505",13.4828423,52.52665003,5856.0,29.0
215356,11,6,6300632.0,2021,9,15,3,3,5,2,0,1,1,0,0,0,0,0,"792232,5529","5816671,323",13.2983725,52.42200711,3025.0,33.0
215355,11,11,11100102.0,2021,9,10,3,3,2,6,0,0,1,0,0,0,0,0,"807314,8237","5834165,01",13.53561726,52.57052708,6669.0,34.0
215354,11,1,1100416.0,2021,9,12,3,2,0,1,0,1,0,0,0,0,0,1,"798775,0263","5829656,913",13.40593384,52.53487344,4658.0,16.0
215353,11,6,6300525.0,2021,8,17,3,3,5,3,2,0,1,0,1,0,0,0,"790243,3756","5814880,289",13.26764951,52.40700853,2621.0,34.0
215352,11,8,8401139.0,2021,9,18,6,3,3,6,0,1,1,0,0,0,0,0,"803466,6678","5818614,696",13.46484097,52.43331181,5529.0,33.0
215351,11,6,6300633.0,2021,9,8,3,3,5,2,0,1,1,0,0,0,0,0,"793263,4669","5819084,918",13.31560634,52.443093,3332.0,28.0
215350,11,1,1100207.0,2021,9,22,6,3,5,3,2,0,1,0,0,0,0,1,"797902,3678","5826577,723",13.39034838,52.50775008,4451.0,13.0
215349,11,1,1100416.0,2021,9,9,4,3,5,2,0,1,1,0,0,0,0,0,"798676,818","5829457,174",13.40431076,52.5331369,4658.0,16.0
215348,11,12,12500824.0,2021,9,15,5,3,6,7,0,0,0,1,0,0,1,0,"791020,7715","5835356,518",13.29693747,52.59016541,3075.0,30.0
215347,11,11,11100206.0,2021,9,12,7,3,1,5,0,1,1,0,0,0,0,0,"805530,7961","5834367,188",13.50956223,52.57334332,6270.0,34.0
215346,11,11,11300722.0,2021,8,17,7,3,5,2,0,0,1,0,1,0,0,0,"804247,2921","5828697,631",13.48548729,52.52324874,5855.0,27.0
215345,11,2,2100104.0,2021,9,17,5,3,5,2,0,0,1,0,1,0,0,0,"799226,5514","5825991,86",13.40927441,52.50177399,4749.0,3.0
215344,11,1,1100103.0,2021,9,7,5,3,5,3,0,1,1,0,0,0,0,0,"795782,6566","5825768,986",13.35848914,52.50165381,3949.0,25.0
215343,11,12,12100205.0,2021,9,14,3,3,5,3,0,1,1,0,0,0,0,0,"794528,06","5833159,316",13.34660939,52.56858154,3868.0,23.0
215342,11,2,2300315.0,2021,9,12,4,2,5,3,0,0,1,0,1,0,0,1,"800793,9847","5825813,909",13.43213583,52.49931723,5048.0,18.0
215341,11,12,12200308.0,2021,8,14,5,3,6,4,0,0,1,1,0,0,0,1,"793043,8521","5833649,975",13.32520721,52.57378107,3470.0,31.0
215340,11,4,4200206.0,2021,8,12,3,3,5,3,0,0,1,0,1,0,0,0,"788687,8687","5825918,285",13.25439071,52.50679227,2450.0,35.0
215339,11,12,12100205.0,2021,9,20,7,3,2,6,2,1,1,0,0,0,0,0,"794832,9081","5833523,993",13.35141838,52.57168553,3869.0,34.0
215338,11,2,2500836.0,2021,9,16,5,3,6,7,0,0,0,1,0,0,1,0,"803246,4528","5825983,355",13.4683078,52.49947874,5648.0,33.0
215337,11,4,4501040.0,2021,9,11,3,3,0,4,0,0,0,1,0,0,1,0,"792463,8035","5825403,445",13.30941448,52.50016579,3248.0,17.0
215336,11,9,9200510.0,2021,9,18,7,3,5,2,0,1,1,0,0,0,0,1,"806606,7131","5822046,621",13.51403473,52.46231914,6237.0,31.0
215335,11,8,8100206.0,2021,9,23,4,3,1,5,2,1,1,0,0,0,0,0,"800549,5947","5823758,515",13.42669268,52.48102865,5043.0,24.0
215334,11,5,5100316.0,2021,9,19,2,3,5,2,1,0,1,0,0,0,0,0,"784793,1719","5828794,47",13.1996259,52.53462731,1658.0,9.0
215333,11,4,4300518.0,2021,9,8,1,2,5,3,0,1,1,0,0,0,0,0,"792682,3417","5828137,691",13.31502943,52.52456027,3355.0,33.0
215332,11,2,2500830.0,2021,8,10,1,3,5,3,0,0,1,0,0,0,1,0,"802446,3444","5827426,614",13.45786823,52.51285863,5452.0,12.0
215331,11,8,8100415.0,2021,9,16,5,3,0,7,0,0,1,0,1,0,0,1,"801562,7018","5823822,027",13.44162321,52.48103941,5243.0,25.0
215330,11,1,1200629.0,2021,9,19,6,3,3,6,2,0,1,0,1,0,0,0,"794586,578","5827502,732",13.34245397,52.51784276,3753.0,33.0
215329,11,11,11200411.0,2021,9,18,4,2,0,1,0,0,0,0,1,0,0,1,"805024,0848","5831478,047",13.49945292,52.54773403,6062.0,28.0
215328,11,12,12200412.0,2021,9,10,5,3,2,6,0,0,1,0,0,1,0,1,"790447,3925","5833696,877",13.28704277,52.5755934,2970.0,31.0
215327,11,8,8100103.0,2021,8,8,6,3,3,6,0,0,1,0,0,1,0,1,"800713,9381","5822883,116",13.42831602,52.47309166,5040.0,25.0
215326,11,5,5100313.0,2021,8,14,4,2,5,3,0,0,0,0,0,1,1,0,"785385,4076","5830624,537",13.20990581,52.55072564,1763.0,30.0
215325,11,5,5200528.0,2021,9,7,2,3,5,2,0,1,1,0,0,0,0,0,"783645,4151","5825890,001",13.18027282,52.50918382,1351.0,33.0
215324,11,8,8100417.0,2021,8,18,2,3,6,4,1,0,1,1,0,0,0,0,"801721,0773","5822743,109",13.44297218,52.47128139,5240.0,29.0
215323,11,4,4501040.0,2021,9,2,5,2,0,1,2,0,0,0,0,0,1,0,"792649,5543","5825767,433",13.31246296,52.50332926,3349.0,17.0
215322,11,5,5100316.0,2021,9,15,5,3,2,6,0,0,0,0,1,1,0,0,"784791,1884","5828848,348",13.19964291,52.53511142,1659.0,24.0
215321,11,6,6100101.0,2021,9,9,4,3,0,1,0,0,0,0,1,0,0,0,"793517,0661","5820624,78",13.32067992,52.45676134,3436.0,26.0
215320,11,2,2200209.0,2021,9,16,2,3,0,2,0,1,1,0,0,0,0,0,"797749,362","5824034,295",13.38582718,52.48503473,4344.0,26.0
215319,11,1,1100103.0,2021,8,16,1,3,3,6,0,0,1,0,0,0,0,1,"795261,9852","5826012,613",13.35105691,52.50411973,3849.0,21.0
215318,11,11,11200513.0,2021,9,22,3,2,8,1,2,0,1,0,0,0,0,1,"803944,5692","5830458,211",13.48264881,52.53919699,5860.0,33.0
215317,11,2,2200210.0,2021,9,9,2,3,5,3,0,1,0,0,0,0,1,0,"799030,9882","5824724,537",13.40526428,52.49052142,4645.0,29.0
215316,11,1,1100206.0,2021,8,8,3,3,5,2,0,1,1,0,0,0,0,0,"797760,3637","5827453,055",13.38904542,52.51567389,4453.0,15.0
215315,11,7,7400826.0,2021,9,17,6,3,5,3,1,0,1,0,0,0,0,1,"797023,8172","5820694,722",13.37220055,52.45549387,4135.0,30.0
215314,11,6,6100102.0,2021,9,20,4,2,5,2,1,1,0,0,1,0,0,0,"793736,9987","5820563,08",13.32385312,52.45609006,3435.0,27.0
215313,11,2,2100102.0,2021,8,13,1,2,3,6,0,0,1,0,0,0,0,1,"798187,161","5825519,986",13.39358492,52.49811321,4548.0,2.0
215312,11,3,3601142.0,2021,9,9,4,3,0,2,0,1,1,0,0,0,0,0,"799136,325","5830601,517",13.41209503,52.5431422,4761.0,25.0
215311,11,4,4501146.0,2021,9,12,2,3,5,7,0,0,1,0,0,0,0,0,"792628,8496","5824184,567",13.31076826,52.48915039,3245.0,22.0
215310,11,10,10100104.0,2021,9,15,1,3,2,6,0,0,1,0,0,0,0,0,"810318,8872","5833577,713",13.57925124,52.56355994,7267.0,32.0
215309,11,11,11100101.0,2021,8,10,7,2,5,3,0,0,1,0,0,0,0,0,"806180,8935","5834994,749",13.5197046,52.57860227,6371.0,35.0
215308,11,4,4300518.0,2021,9,9,6,3,5,3,0,1,1,0,0,0,0,0,"792459,6341","5827986,008",13.31162276,52.52331999,3255.0,30.0
215307,11,10,10200417.0,2021,9,17,6,3,2,6,0,0,1,0,0,0,0,0,"811588,6709","5831904,222",13.59635276,52.54783838,7562.0,35.0
215306,11,8,8100312.0,2021,9,20,4,3,1,5,2,1,1,0,0,0,0,1,"801397,9843","5823939,718",13.43931144,52.48218523,5143.0,4.0
215305,11,1,1100308.0,2021,9,14,5,3,5,2,0,1,1,0,0,0,0,0,"796372,6547","5829441,851",13.37042758,52.53425731,4158.0,30.0
215304,11,11,11300722.0,2021,8,17,5,3,0,1,0,1,0,0,0,0,0,1,"803852,2022","5828356,063",13.47936984,52.52040768,5754.0,30.0
215303,11,7,7601341.0,2021,8,11,3,2,0,1,0,0,0,0,0,0,1,1,"798069,2705","5814226,675",13.38177695,52.39694539,4318.0,32.0
215302,11,3,3601348.0,2021,9,3,1,3,0,1,2,0,0,0,0,0,1,0,"799694,0794","5830516,181",13.42021803,52.54207081,4961.0,27.0
215301,11,4,4500937.0,2021,9,15,5,3,1,5,0,0,1,0,0,0,1,0,"791057,1699","5824826,81",13.28824725,52.49574835,2947.0,14.0
215300,11,5,5300737.0,2021,9,16,3,3,2,6,0,0,1,0,1,0,0,0,"787944,6108","5830013,011",13.2470158,52.5438962,2361.0,31.0
215299,11,1,1100101.0,2021,9,11,2,3,0,7,0,0,1,0,1,0,0,0,"794672,0412","5826047,084",13.342421,52.50474767,3750.0,15.0
215298,11,10,10200630.0,2021,8,19,1,3,5,3,2,0,1,0,0,0,0,1,"811776,1478","5829322,219",13.59668647,52.52459333,7555.0,35.0
215297,11,8,8100417.0,2021,9,8,3,3,5,2,0,1,1,0,0,0,0,0,"802489,755","5823165,467",13.45463718,52.47464192,5441.0,16.0
215296,11,3,3400721.0,2021,9,18,2,3,1,5,1,1,1,0,0,0,0,0,"798026,0671","5833398,159",13.39828275,52.56881866,4568.0,28.0
215295,11,11,11501238.0,2021,8,5,2,3,2,6,1,0,1,0,0,0,0,1,"804071,7518","5825992,036",13.48043609,52.49909733,5748.0,34.0
215294,11,1,1200628.0,2021,9,12,6,2,5,2,0,1,1,0,0,0,0,0,"795704,2147","5828178,002",13.35947746,52.5232911,4055.0,30.0
215293,11,5,5200631.0,2021,9,15,7,3,5,3,0,0,1,0,1,0,0,1,"785065,487","5827598,676",13.20260442,52.52376352,1655.0,31.0
215292,11,2,2200210.0,2021,9,2,5,2,0,7,2,1,0,0,0,0,0,1,"798583,7839","5825147,584",13.39907638,52.49455826,4547.0,20.0
215291,11,4,4501042.0,2021,8,20,1,3,6,2,2,0,1,1,0,0,0,1,"794487,3023","5825868,481",13.33954912,52.50324634,3749.0,22.0
215290,11,9,9100407.0,2021,10,12,6,2,6,4,0,0,1,1,0,0,0,0,"805798,5601","5819535,418",13.49987743,52.44026528,6031.0,34.0
215289,11,1,1401045.0,2021,8,3,1,3,9,1,2,0,1,0,0,0,0,1,"796828,2094","5831551,426",13.37900911,52.55291936,4264.0,19.0
215288,11,9,9300920.0,2021,9,16,2,3,5,2,0,1,1,0,0,0,0,0,"807697,6704","5817815,323",13.52614594,52.42378425,6426.0,30.0
215287,11,7,7601339.0,2021,9,21,1,2,1,5,2,0,1,0,0,0,1,0,"795598,3628","5815077,377",13.3463179,52.40591057,3821.0,33.0
215286,11,5,5200629.0,2021,8,17,3,2,6,4,0,0,0,1,0,0,1,0,"784678,3333","5828526,003",13.19770746,52.53228023,1558.0,22.0
215285,11,4,4501149.0,2021,9,10,6,3,5,2,0,1,1,0,0,0,0,0,"793483,0773","5824039,788",13.32318568,52.48739394,3445.0,28.0
215284,11,3,3200310.0,2021,9,6,5,3,6,4,1,0,1,1,0,0,0,0,"799904,332","5838067,948",13.43013981,52.60964338,5080.0,35.0
215283,11,5,5100211.0,2021,9,17,3,3,5,2,0,1,1,0,0,0,0,0,"781904,4675","5829560,757",13.15780108,52.5430001,1061.0,28.0
215282,11,8,8100311.0,2021,9,16,3,3,6,4,0,0,0,1,0,0,1,0,"800972,7531","5824759,62",13.43380891,52.48976879,5145.0,21.0
215281,11,9,9100101.0,2021,9,10,4,3,6,4,0,0,1,1,0,0,0,1,"802261,4509","5824838,949",13.45280329,52.48976783,5345.0,30.0
215280,11,8,8100520.0,2021,8,17,2,3,5,3,0,1,1,0,0,0,0,0,"803151,4103","5822964,606",13.46416645,52.47247479,5540.0,27.0
215279,11,7,7501029.0,2021,9,10,6,2,1,5,0,0,1,0,0,0,0,0,"797629,8584","5819185,832",13.37974882,52.44163853,4331.0,30.0
215278,11,2,2200213.0,2021,9,16,3,3,5,2,0,0,1,0,0,0,1,0,"799760,4121","5824819,42",13.41606073,52.49097185,4846.0,30.0
215277,11,1,1300835.0,2021,9,6,3,3,0,2,0,1,1,0,0,0,0,0,"797764,0978","5829743,991",13.3911517,52.53620723,4459.0,29.0
215276,11,6,6200313.0,2021,9,14,6,2,5,3,0,1,1,0,0,0,0,1,"794984,656","5818414,391",13.34026451,52.43615629,3730.0,21.0
215275,11,3,3601245.0,2021,9,13,4,2,3,6,0,0,1,0,1,0,0,0,"800216,8195","5830935,281",13.42828173,52.54553956,5062.0,28.0
215274,11,4,4501042.0,2021,9,11,5,3,6,7,0,0,1,1,0,0,0,0,"794195,9075","5825938,178",13.33533009,52.50402833,3649.0,19.0
215273,11,8,8100521.0,2021,9,20,7,3,6,2,2,0,1,1,0,0,0,0,"803391,7194","5822545,73",13.46731262,52.46858704,5639.0,34.0
215272,11,9,9501939.0,2021,8,15,7,3,0,6,0,0,1,0,0,0,1,0,"811010,4491","5821788,324",13.57840514,52.45751601,7236.0,24.0
215271,11,4,4501043.0,2021,9,16,5,3,5,2,0,1,1,0,0,0,0,0,"792588,358","5824842,484",13.31075136,52.49507015,3247.0,30.0
215270,11,7,7100102.0,2021,9,23,5,3,1,5,2,1,1,0,0,0,0,0,"795288,529","5825172,99",13.35070236,52.49657876,3847.0,19.0
215269,11,8,8300935.0,2021,9,7,4,3,0,2,0,1,1,0,0,0,0,0,"802306,8278","5817840,181",13.44713225,52.42701187,5327.0,30.0
215268,11,6,6200420.0,2021,9,13,4,3,1,5,0,0,1,0,0,0,0,1,"792605,5765","5815627,845",13.30293005,52.41245306,3123.0,33.0
215267,11,5,5200423.0,2021,8,7,6,3,6,2,0,0,1,1,0,0,0,1,"780870,5496","5828313,119",13.14154062,52.53234699,758.0,26.0
215266,11,1,1100205.0,2021,8,12,3,3,7,7,0,0,0,0,1,0,0,0,"796977,836","5827282,26",13.377395,52.51456955,4253.0,34.0
215265,11,4,4300623.0,2021,9,21,6,2,4,6,2,1,0,0,0,0,1,0,"792432,5249","5826118,347",13.30958289,52.50659147,3250.0,18.0
215264,11,11,11400929.0,2021,9,19,4,3,6,4,2,0,1,1,0,0,0,0,"804783,925","5826427,79",13.49129363,52.50260554,5949.0,27.0
215263,11,6,6300634.0,2021,9,21,3,3,5,2,2,0,1,0,1,0,0,0,"792937,9441","5817752,375",13.30966292,52.43132145,3228.0,25.0
215262,11,3,3601346.0,2021,9,17,7,3,0,5,0,0,0,1,0,0,1,1,"799403,9362","5831080,196",13.41646088,52.54728581,4862.0,22.0
215261,11,1,1401045.0,2021,9,13,5,3,6,7,0,1,0,1,0,0,0,0,"796879,124","5831554,601",13.37976069,52.55292007,4364.0,15.0
215260,11,1,1200520.0,2021,9,17,2,3,2,6,0,0,1,0,0,0,0,0,"794233,6681","5828442,068",13.33809898,52.52645384,3656.0,27.0
215259,11,4,4300413.0,2021,9,3,1,3,0,1,2,0,0,0,0,0,1,0,"791345,8129","5826903,329",13.29430412,52.51421019,3052.0,28.0
215258,11,5,5100211.0,2021,8,7,2,3,0,1,0,0,0,0,1,0,0,1,"783295,7738","5829227,032",13.17797768,52.53928619,1360.0,31.0
215257,11,1,1100310.0,2021,9,9,5,3,2,6,0,0,1,0,0,0,1,0,"799582,0631","5828733,929",13.4169648,52.52615736,4856.0,13.0
215256,11,4,4300622.0,2021,9,9,6,3,6,4,0,1,0,1,0,0,0,0,"793493,6309","5826491,772",13.32550135,52.50936927,3451.0,33.0
215255,11,1,1100103.0,2021,9,17,4,3,2,7,0,0,0,0,0,0,1,1,"795439,2953","5825809,221",13.35348114,52.5022005,3949.0,25.0
215254,11,6,6400840.0,2021,9,12,5,2,6,7,0,1,1,1,0,0,0,0,"789273,6321","5819768,781",13.25766214,52.45134948,2434.0,34.0
215253,11,5,5300735.0,2021,8,19,6,3,5,2,0,0,1,0,0,0,0,0,"786567,827","5830553,815",13.22723591,52.54947077,2063.0,24.0
215252,11,6,6200313.0,2021,8,16,4,2,4,6,0,1,0,0,0,0,1,0,"795325,9907","5818490,934",13.3453387,52.43665826,3730.0,21.0
215251,11,11,11300617.0,2021,9,15,1,3,3,6,0,0,1,0,0,0,1,0,"803204,8563","5829587,923",13.47098152,52.53180889,5658.0,30.0
215250,11,9,8100521.0,2021,9,14,5,3,5,3,0,1,1,0,0,0,0,0,"804107,2908","5821880,153",13.47720769,52.46222378,5737.0,31.0
215249,11,3,3500932.0,2021,9,10,4,3,2,6,0,0,1,0,0,0,0,0,"801427,161","5833148,514",13.4480859,52.56470853,5367.0,32.0
215248,11,6,6200421.0,2021,9,20,2,3,5,2,1,1,0,0,0,0,1,0,"793462,3502","5817168,214",13.31684156,52.42580352,3327.0,33.0
215247,11,3,3500934.0,2021,9,14,3,3,2,2,0,0,1,0,0,0,0,0,"801153,7498","5831608,631",13.44266724,52.55105777,5263.0,26.0
215246,11,8,8401242.0,2021,9,14,3,3,5,3,0,0,1,0,1,0,0,1,"805040,752","5817542,549",13.48694538,52.42282699,5826.0,29.0
215245,11,7,7300517.0,2021,8,8,3,3,2,6,0,0,1,0,0,0,0,0,"793934,3499","5822611,856",13.32855372,52.4743504,3541.0,33.0
215244,11,11,11300620.0,2021,9,15,6,2,5,2,0,1,0,0,0,1,0,1,"803521,8757","5829743,09",13.4757824,52.53302318,5758.0,24.0
215243,11,4,4300619.0,2021,9,0,4,3,1,7,2,0,1,0,0,0,0,0,"792696,3267","5827077,456",13.31430206,52.51504812,3353.0,23.0
215242,11,3,3601140.0,2021,8,19,2,2,8,1,2,0,1,0,0,0,0,1,"798512,5354","5831485,584",13.40371866,52.5514087,4663.0,33.0
215241,11,12,12200515.0,2021,8,11,6,3,5,3,0,1,0,0,0,0,1,1,"790428,0431","5835178,609",13.28805651,52.58888729,2974.0,33.0
215240,11,2,2100104.0,2021,9,13,2,3,5,2,0,1,1,0,0,0,0,0,"799334,6625","5826190,594",13.41104101,52.50349606,4749.0,3.0
215239,11,10,10300733.0,2021,9,13,7,3,2,6,0,0,1,0,0,0,0,0,"809522,3368","5827546,383",13.56192017,52.50996299,7051.0,30.0
215238,11,7,7400823.0,2021,9,16,5,3,5,3,0,0,1,0,0,0,0,0,"797015,7715","5820706,469",13.37209294,52.45560354,4135.0,30.0
215237,11,1,1200624.0,2021,9,20,6,3,5,2,2,1,1,0,0,0,0,0,"795668,661","5829732,691",13.36033767,52.53724679,4059.0,24.0
215236,11,10,10200418.0,2021,9,18,3,2,5,2,0,0,1,0,1,0,0,0,"811141,445","5830926,595",13.58886296,52.53933319,7460.0,32.0
215235,11,2,2500830.0,2021,9,12,4,3,1,5,0,1,1,0,0,0,0,0,"802652,5246","5827370,627",13.46084627,52.51224246,5552.0,30.0
215234,11,5,5400942.0,2021,9,19,3,3,0,1,1,1,0,0,0,0,0,0,"783975,2896","5823289,07",13.18290274,52.48569168,1344.0,35.0
215233,11,1,1300835.0,2021,8,12,5,2,5,3,0,0,1,0,1,0,0,0,"797531,6258","5829418,038",13.38744255,52.53341242,4458.0,25.0
215232,11,3,3601245.0,2021,8,14,3,3,3,6,0,0,1,0,0,1,0,0,"800317,9363","5831581,561",13.43035283,52.55127659,5063.0,21.0
215231,11,8,8401139.0,2021,9,18,6,3,5,3,0,1,1,0,0,0,0,0,"803027,9492","5819382,278",13.45910324,52.44043489,5431.0,35.0
215230,11,12,12200414.0,2021,9,19,4,3,5,2,2,0,1,0,0,0,0,0,"791935,0096","5831497,212",13.30699723,52.55507817,3264.0,32.0
215229,11,6,6100204.0,2021,9,7,3,3,1,5,0,1,1,0,0,0,0,0,"795433,6171","5820410,809",13.34861498,52.45381062,3835.0,31.0
215228,11,1,1100103.0,2021,9,0,1,3,2,6,2,1,1,0,0,0,0,1,"795783,361","5825692,474",13.35843153,52.50096756,3949.0,25.0
215227,11,8,8100419.0,2021,9,16,4,3,2,2,0,0,1,0,1,0,0,0,"802408,2056","5824035,878",13.45422953,52.48248861,5443.0,30.0
215226,11,2,2200208.0,2021,9,13,1,3,5,2,0,1,1,0,0,0,0,0,"797938,672","5825259,618",13.38970239,52.49591504,4447.0,23.0
215225,11,6,6300527.0,2021,8,11,7,3,5,3,0,1,1,0,0,0,0,0,"790859,0538","5818559,233",13.27987357,52.43966441,2831.0,33.0
215224,11,12,12400720.0,2021,9,13,5,3,2,6,0,0,1,0,0,0,0,0,"789534,0192","5839712,947",13.27886433,52.63001409,2886.0,32.0
215223,11,3,3701658.0,2021,8,13,6,3,5,2,0,1,1,0,0,0,0,0,"800223,2243","5829890,634",13.42743193,52.53617257,5059.0,21.0
215222,11,6,6400843.0,2021,9,11,2,2,5,2,0,1,1,0,0,0,0,0,"791865,8446","5819886,211",13.2958022,52.45102438,3034.0,35.0
215221,11,8,8100419.0,2021,9,21,1,3,5,3,2,0,1,0,0,0,0,0,"802288,5521","5823895,133",13.45234529,52.48129335,5343.0,29.0
215220,11,2,2200209.0,2021,8,18,3,3,3,6,0,0,1,0,1,0,0,0,"797644,4409","5824022,699",13.38427626,52.484988,4344.0,26.0
215219,11,10,10100312.0,2021,9,17,5,3,0,1,0,1,0,0,0,0,0,0,"808290,6751","5829242,103",13.54540069,52.52585725,6756.0,33.0
215218,11,7,7200411.0,2021,9,16,6,3,5,2,0,1,1,0,0,0,0,0,"795987,906","5824524,272",13.36039807,52.49038472,4045.0,29.0
215217,11,6,6300631.0,2021,10,11,6,2,2,6,0,0,1,0,0,0,0,0,"792409,9457","5816538,525",13.30085769,52.42072182,3125.0,29.0
215216,11,1,1100308.0,2021,9,10,3,3,6,4,0,0,1,1,0,0,0,0,"796758,6936","5829659,101",13.37629621,52.53599467,4259.0,30.0
215215,11,1,1100309.0,2021,9,11,4,3,5,3,0,1,1,0,0,0,0,0,"797943,2785","5828779,813",13.39292146,52.5274667,4456.0,17.0
215214,11,11,11400928.0,2021,9,7,3,3,2,6,0,0,1,0,0,0,0,0,"804471,3881","5826361,116",13.48664247,52.50218244,5849.0,33.0
215213,11,8,8200623.0,2021,8,10,5,3,3,6,0,0,0,0,1,0,1,0,"802236,0988","5820665,536",13.44865011,52.45237514,5334.0,29.0
215212,11,1,1100207.0,2021,8,19,3,3,5,3,1,1,1,0,0,0,0,0,"798483,274","5826666,508",13.39896173,52.5082284,4551.0,19.0
215211,11,10,10100311.0,2021,9,18,6,3,5,2,0,1,1,0,0,0,0,0,"806569,3767","5829131,269",13.52000596,52.52583451,6356.0,34.0
215210,11,8,8100417.0,2021,9,12,3,3,5,7,0,0,1,0,1,0,0,0,"802579,9269","5823082,983",13.45588592,52.47385267,5441.0,16.0
215209,11,11,11300618.0,2021,9,16,3,3,6,2,0,0,1,1,0,0,0,0,"802434,0196","5828906,212",13.45903231,52.526127,5456.0,27.0