ObjectID,State,District,LOR_ab_2021,AccidentYear,AccidentMonth,AccidentHour,DayOfWeek,AccidentCategory,AccidentType,AccidentTypeDetail,LightingCondition,InvolvingBike,InvolvingCar,InvolvingPedestrian,InvolvingMotorcycle,InvolvingHGV,InvolvingOther,RoadCondition,GraphicCoord1,GraphicCoord2,LongitudeWGS84,LatitudeWGS84,quadrant,quadrant_rank
215031,11,10,10400941.0,2021,8,16,5,3,5,2,0,1,1,0,0,0,0,0,"812575,5261","5824278,059",13.60369644,52.47893431,7642.0,33.0
215030,11,2,2500835.0,2021,9,20,2,3,0,3,2,1,0,0,1,0,0,0,"802608,5125","5826135,187",13.45907673,52.50119371,5449.0,28.0
215029,11,9,9200716.0,2021,9,17,6,3,5,3,0,0,1,0,0,0,0,1,"809455,5843","5819067,056",13.55307418,52.43401092,6829.0,31.0
215028,11,10,10300734.0,2021,8,14,3,3,2,7,0,1,1,0,0,0,0,0,"809722,4895","5826858,319",13.56421985,52.50368322,7049.0,32.0
215027,11,4,4500939.0,2021,9,18,7,2,5,2,0,0,1,0,1,0,0,0,"792438,0992","5824112,558",13.30790372,52.48860706,3245.0,22.0
215026,11,4,4100101.0,2021,8,8,6,3,5,2,0,0,1,0,0,0,0,1,"793353,5301","5829677,588",13.32625312,52.53800398,3559.0,17.0
215025,11,3,3601452.0,2021,9,17,5,3,2,6,0,0,1,0,0,0,0,0,"802129,6741","5829110,1",13.4547451,52.52812318,5456.0,27.0
215024,11,3,3701555.0,2021,9,11,6,3,5,2,0,1,0,0,0,0,1,0,"799965,4389","5830114,034",13.42384431,52.53831692,4959.0,29.0
215023,11,2,2500726.0,2021,9,19,3,1,5,3,1,0,0,1,0,0,1,0,"801970,6424","5829037,737",13.45234224,52.52756271,5356.0,18.0
215022,11,12,12500824.0,2021,9,10,4,3,5,7,0,1,1,0,0,0,0,1,"790974,772","5835855,137",13.29669839,52.59466002,3076.0,35.0
215021,11,2,2100105.0,2021,8,12,5,2,6,7,0,0,1,1,0,0,0,0,"799245,5622","5825751,517",13.40933768,52.49960925,4748.0,27.0
215020,11,1,1100206.0,2021,8,19,3,3,2,2,0,0,1,0,1,0,0,0,"797735,4297","5827609,244",13.38881882,52.51708755,4453.0,15.0
215019,11,1,1100308.0,2021,9,14,7,2,0,1,0,1,0,0,0,0,0,0,"797559,7585","5828665,233",13.38718228,52.52664909,4456.0,17.0
215018,11,8,8100105.0,2021,9,4,5,3,2,2,2,0,1,1,0,0,0,0,"801005,58","5822157,954",13.43194255,52.46643116,5038.0,23.0
215017,11,6,6400735.0,2021,9,16,3,2,5,2,0,1,1,0,0,0,0,0,"783324,2525","5815986,224",13.16714461,52.42054941,1125.0,35.0
215016,11,7,7100205.0,2021,9,19,7,3,5,2,1,1,1,0,0,0,0,0,"796058,9973","5825370,418",13.36219402,52.49793114,4048.0,16.0
215015,11,4,4501146.0,2021,9,13,5,3,5,3,0,0,0,0,1,0,1,0,"792859,1182","5823644,134",13.31367507,52.48418208,3344.0,34.0
215014,11,11,11300620.0,2021,9,2,1,2,0,1,2,0,0,0,0,0,1,0,"803747,5883","5829319,399",13.47871262,52.52910004,5757.0,29.0
215013,11,1,1200522.0,2021,9,9,5,2,5,3,0,0,1,0,0,0,0,0,"793684,3104","5828105,484",13.32972731,52.52373276,3555.0,17.0
215012,11,5,5100315.0,2021,9,11,2,2,2,6,0,0,1,0,0,0,0,0,"784695,6767","5829688,05",13.19895807,52.54269007,1661.0,28.0
215011,11,8,8100206.0,2021,8,18,7,3,5,3,0,1,0,0,1,0,0,0,"800456,6127","5823730,158",13.42530206,52.48082565,4943.0,28.0
215010,11,3,3601141.0,2021,9,13,5,3,2,6,0,0,1,0,0,0,0,0,"799233,588","5831685,908",13.41450204,52.55280866,4864.0,13.0
215009,11,9,9100306.0,2021,9,17,6,3,6,7,1,0,1,1,0,0,0,0,"803873,1452","5820445,546",13.47246635,52.44949587,5633.0,35.0
215008,11,7,7601236.0,2021,9,11,5,2,5,3,0,0,1,0,1,0,0,0,"796981,1936","5816616,685",13.36795195,52.41896098,4125.0,31.0
215007,11,1,1401046.0,2021,9,15,5,2,5,3,0,0,1,0,0,0,1,0,"794914,364","5830236,649",13.34969597,52.5421731,3861.0,24.0
215006,11,4,4200205.0,2021,8,8,6,3,2,6,0,0,1,0,0,0,0,1,"788126,8146","5826665,541",13.24679407,52.51378838,2352.0,34.0
215005,11,6,6100101.0,2021,8,22,4,3,6,4,2,0,0,1,1,0,0,1,"793513,237","5820617,686",13.32061749,52.4566998,3436.0,26.0
215004,11,9,9501737.0,2021,9,14,1,3,2,6,0,0,1,0,0,0,0,0,"813737,4522","5821733,434",13.61835695,52.45546569,7835.0,31.0
215003,11,1,1200628.0,2021,9,9,6,3,5,3,0,1,0,0,0,0,1,0,"796124,6936","5828430,881",13.36588209,52.52532973,4056.0,28.0
215002,11,6,6100207.0,2021,9,16,4,3,8,1,0,0,1,0,0,0,0,0,"794162,0257","5820048,133",13.32963658,52.45124519,3534.0,34.0
215001,11,2,2300316.0,2021,9,9,3,2,5,3,0,0,0,0,0,0,1,0,"800625,0069","5826274,691",13.43007003,52.50354047,5049.0,28.0
215000,11,12,12601236.0,2021,8,20,1,3,2,6,2,0,1,0,0,0,0,1,"793877,7344","5836161,478",13.33970397,52.59584524,3776.0,34.0
214999,11,6,6100103.0,2021,9,0,3,2,0,1,2,1,0,0,0,0,0,0,"793780,2985","5821141,554",13.32499758,52.4612526,3437.0,28.0
214998,11,2,2100104.0,2021,9,16,3,3,6,2,0,0,1,1,0,0,0,0,"799216,4361","5825992,659",13.40912655,52.5017867,4749.0,3.0
214997,11,3,3601451.0,2021,8,15,2,3,5,2,0,1,1,0,0,0,0,0,"801198,0381","5829478,245",13.44138706,52.53193843,5258.0,32.0
214996,11,11,11300724.0,2021,9,14,6,3,2,2,0,0,1,0,1,0,0,0,"804840,1275","5827755,63",13.49333504,52.51447495,5952.0,22.0
214995,11,9,9200715.0,2021,9,11,5,3,5,2,0,1,1,0,0,0,0,0,"809054,4362","5818195,552",13.54638681,52.42642731,6727.0,29.0
214994,11,9,9501838.0,2021,8,7,2,3,5,3,0,1,1,0,0,0,0,1,"819383,86","5819917,483",13.69943788,52.43592505,9030.0,35.0
214993,11,1,1100312.0,2021,8,22,1,3,5,2,2,0,1,0,0,0,1,1,"799636,0605","5827052,717",13.41624411,52.51105824,4851.0,23.0
214992,11,8,8100520.0,2021,9,12,2,3,5,2,0,1,1,0,0,0,0,0,"803179,6749","5822712,627",13.46435231,52.47020064,5540.0,27.0
214991,11,1,1100101.0,2021,9,13,1,3,8,1,0,0,1,0,0,0,0,0,"794609,088","5826166,731",13.34160207,52.50585422,3750.0,15.0
214990,11,11,11300724.0,2021,8,20,3,3,5,3,2,0,1,0,0,0,0,0,"804747,2744","5827955,785",13.49215428,52.51632073,5953.0,34.0
214989,11,10,10200526.0,2021,9,11,6,3,6,7,0,0,0,1,0,0,1,0,"812188,8451","5830000,003",13.60338611,52.53043091,7657.0,35.0
214988,11,4,4500939.0,2021,10,18,6,3,2,5,2,0,1,0,1,0,0,0,"792706,2406","5824242,853",13.31195601,52.48963142,3245.0,22.0
214987,11,11,11300724.0,2021,9,12,3,3,5,3,0,0,1,0,0,0,0,0,"804489,4884","5828170,502",13.48856354,52.51838912,5954.0,33.0
214986,11,4,4501044.0,2021,9,6,3,2,3,6,1,1,0,0,0,0,1,0,"793071,5964","5824462,123",13.31751445,52.49140108,3346.0,28.0
214985,11,4,4500937.0,2021,9,7,3,3,5,2,0,1,1,0,0,0,0,0,"791425,3674","5825046,835",13.29384799,52.49752437,3048.0,24.0
214984,11,10,10200421.0,2021,8,9,5,3,5,3,0,0,1,0,0,0,0,0,"812073,4169","5830620,568",13.60227263,52.53605797,7659.0,23.0
214983,11,8,8200726.0,2021,8,10,3,3,5,2,0,1,1,0,0,0,0,0,"801588,8948","5820150,782",13.43869014,52.44811871,5133.0,28.0
214982,11,12,12100102.0,2021,9,17,6,3,1,5,0,0,1,0,0,0,0,0,"796185,7709","5833376,505",13.37119044,52.56962898,4169.0,35.0
214981,11,1,1400942.0,2021,9,14,4,3,1,5,0,0,1,0,0,0,1,0,"794656,0477","5830531,112",13.34615918,52.54495249,3861.0,24.0
214980,11,7,7400822.0,2021,9,22,2,3,5,3,2,1,0,0,0,0,1,0,"796603,987","5821970,164",13.36717349,52.46715508,4139.0,23.0
214979,11,4,4200206.0,2021,9,14,6,3,5,2,0,1,1,0,0,0,0,0,"786241,2159","5826006,144",13.2185166,52.50886923,1951.0,27.0
214978,11,1,1100206.0,2021,9,13,4,3,2,6,0,0,1,0,0,0,0,0,"798554,0677","5827797,544",13.40101644,52.51832787,4654.0,17.0
214977,11,4,4501042.0,2021,9,15,7,3,3,6,0,1,0,0,0,0,1,0,"794055,2054","5826457,394",13.33372174,52.50875866,3651.0,33.0
214976,11,1,1300834.0,2021,8,21,7,2,5,3,2,1,1,0,0,0,0,0,"797971,6518","5830863,604",13.39520689,52.54612964,4562.0,27.0
214975,11,11,3601450.0,2021,9,12,5,3,5,2,0,0,1,0,0,1,0,0,"802542,6622","5829312,906",13.4609989,52.52971188,5557.0,31.0
214974,11,1,1100309.0,2021,9,10,6,3,6,7,0,0,1,1,0,0,0,0,"798455,671","5829049,32",13.40069399,52.52960219,4657.0,7.0
214973,11,4,4501148.0,2021,9,15,4,3,0,1,0,0,0,0,1,0,0,1,"792900,4788","5823306,844",13.31398607,52.48113619,3343.0,24.0
214972,11,7,7100206.0,2021,9,17,4,3,5,2,0,1,0,0,0,0,1,1,"796683,1096","5824820,59",13.3708711,52.49266354,4146.0,21.0
214971,11,3,3400619.0,2021,8,7,5,3,0,3,0,0,1,0,1,0,0,1,"795645,7847","5835071,295",13.36475772,52.58511461,4073.0,33.0
214970,11,3,3601142.0,2021,8,16,4,2,5,2,0,1,1,0,0,0,0,0,"798646,2824","5830287,526",13.40460814,52.54059655,4660.0,23.0
214969,11,9,9100409.0,2021,9,15,7,3,0,1,0,0,0,0,1,0,0,0,"806397,0329","5821062,411",13.51005488,52.45361587,6235.0,29.0
214968,11,7,7601544.0,2021,9,20,5,3,5,2,2,0,1,0,0,0,0,1,"799790,5461","5813977,033",13.40677628,52.39376827,4717.0,20.0
214967,11,8,8100419.0,2021,9,9,3,3,1,5,0,0,1,0,0,0,0,0,"801841,1117","5824217,386",13.44606837,52.48442925,5244.0,28.0
214966,11,6,6200316.0,2021,9,9,7,2,2,6,0,0,1,0,0,0,0,1,"795984,9298","5817796,252",13.35438877,52.43007472,3928.0,32.0
214965,11,12,12200310.0,2021,9,17,4,3,5,2,0,1,1,0,0,0,0,0,"792186,5067","5832963,279",13.31198716,52.56808605,3268.0,27.0
214964,11,6,6200313.0,2021,9,16,1,3,5,2,0,1,1,0,0,0,0,0,"795725,5402","5818907,613",13.35156782,52.44017763,3831.0,32.0
214963,11,6,6200315.0,2021,9,18,1,3,1,5,1,0,1,0,1,0,0,1,"795151,5169","5817647,618",13.34203509,52.42919256,3728.0,34.0
214962,11,7,7100103.0,2021,8,14,1,3,1,5,0,1,1,0,0,0,0,1,"795727,2379","5825538,066",13.35747003,52.49961384,3948.0,27.0
214961,11,1,1100416.0,2021,9,8,5,3,5,7,0,1,1,0,0,0,0,0,"798800,005","5829238,534",13.40592491,52.53110959,4657.0,7.0
214960,11,9,9200511.0,2021,9,9,7,3,5,3,0,0,1,0,1,0,0,1,"807239,4944","5821907,34",13.5231912,52.46071548,6437.0,33.0
214959,11,6,6200312.0,2021,9,12,5,3,3,6,0,1,1,0,0,0,0,0,"795084,4842","5818978,9",13.34222714,52.44116296,3731.0,31.0
214958,11,9,9100305.0,2021,9,20,5,3,5,2,2,0,0,0,0,1,1,0,"805014,7278","5822700,54",13.49127271,52.46907086,5939.0,17.0
214957,11,11,11300725.0,2021,8,18,7,3,5,3,0,0,1,0,0,0,0,0,"805049,9906","5827915,931",13.49656503,52.51579431,6053.0,34.0
214956,11,8,8100521.0,2021,8,16,4,3,5,3,0,1,1,0,0,0,0,0,"802496,1083","5822117,219",13.45378002,52.46524289,5438.0,33.0
214955,11,3,3100103.0,2021,9,8,2,3,5,3,0,0,1,0,0,0,1,0,"804966,9366","5840471,901",13.50689105,52.6283715,6186.0,34.0
214954,11,8,8100102.0,2021,9,18,6,3,5,2,0,1,1,0,0,0,0,0,"800549,7075","5823370,172",13.4263443,52.47754772,4942.0,9.0
214953,11,1,1400940.0,2021,9,12,4,3,5,7,0,0,1,0,0,0,0,1,"795385,6331","5831872,961",13.35808045,52.5565859,3965.0,35.0
214952,11,9,9100203.0,2021,8,17,5,3,0,4,0,0,0,1,0,0,1,0,"804698,5809","5823421,644",13.48729168,52.47571028,5941.0,35.0
214951,11,4,4501042.0,2021,8,12,3,3,0,4,0,0,0,1,0,0,1,0,"793997,5819","5826180,013",13.33263016,52.50630315,3650.0,20.0
214950,11,1,1100102.0,2021,9,23,6,3,0,1,2,1,0,0,0,0,0,0,"796740,8116","5826915,068",13.37358494,52.51140706,4252.0,32.0
214949,11,2,2500836.0,2021,9,16,5,3,5,2,0,1,1,0,0,0,0,0,"803362,6412","5825446,208",13.46952498,52.4945998,5647.0,32.0
214948,11,1,1100206.0,2021,9,14,3,3,5,3,0,1,1,0,0,0,0,0,"797172,6538","5827699,978",13.38063055,52.51820782,4354.0,25.0
214947,11,2,2500833.0,2021,9,2,1,3,1,5,2,0,1,0,0,0,1,0,"802757,6879","5827225,933",13.46225956,52.51088723,5551.0,9.0
214946,11,8,8100314.0,2021,9,15,5,3,5,3,0,1,1,0,0,0,0,0,"801163,5511","5823916,593",13.43584882,52.4821073,5143.0,4.0
214945,11,4,4501045.0,2021,9,15,2,3,2,2,0,1,1,0,0,0,0,0,"793476,4499","5824898,818",13.32384497,52.49509836,3447.0,32.0
214944,11,9,9200511.0,2021,9,15,5,3,5,2,0,0,1,0,0,0,0,0,"806812,6237","5822631,465",13.51759369,52.46744511,6339.0,31.0
214943,11,4,4501040.0,2021,9,19,1,2,1,5,2,0,1,0,0,0,1,0,"792710,8473","5825592,913",13.31320998,52.50173186,3349.0,17.0
214942,11,3,3400723.0,2021,8,12,2,3,0,5,0,1,1,0,0,0,0,1,"798899,9003","5833268,07",13.41102011,52.56717351,4768.0,34.0
214941,11,1,1100207.0,2021,9,5,5,3,5,3,1,1,1,0,0,0,0,0,"798481,3109","5826666,178",13.3989326,52.50822652,4551.0,19.0
214940,11,12,12200515.0,2021,9,9,6,3,6,4,0,0,1,1,0,0,0,0,"790376,8848","5835169,3",13.28729532,52.58883114,2974.0,33.0
214939,11,3,3601141.0,2021,9,18,4,3,5,3,1,0,1,0,0,0,1,1,"798823,1666","5831622,511",13.40840966,52.55246572,4764.0,26.0
214938,11,8,8100209.0,2021,9,21,5,3,2,6,2,0,1,0,0,0,0,0,"801745,0512","5822063,949",13.44270986,52.4651807,5238.0,21.0
214937,11,5,5100211.0,2021,8,10,6,3,5,2,0,0,1,0,0,0,0,1,"781907,8355","5829572,155",13.15786029,52.54310055,1061.0,28.0
214936,11,4,4300623.0,2021,8,17,4,3,1,5,0,1,1,0,0,0,0,0,"792313,6468","5826016,92",13.3077473,52.50574591,3250.0,18.0
214935,11,12,12200515.0,2021,9,15,7,3,5,2,0,0,1,0,0,0,0,0,"790135,382","5835786,8",13.28428136,52.59449584,2876.0,30.0
214934,11,1,1100205.0,2021,9,6,6,3,2,6,1,0,1,0,1,0,0,0,"797100,2811","5827156,794",13.37908207,52.51337821,4252.0,32.0
214933,11,10,10100210.0,2021,9,7,4,3,0,6,0,0,1,0,1,0,0,0,"809083,2837","5831736,927",13.55936694,52.54776631,6962.0,33.0
214932,11,11,11200512.0,2021,9,7,3,3,0,1,0,1,0,0,0,0,0,0,"804712,3394","5831259,287",13.49466901,52.54594785,6062.0,28.0
214931,11,5,5100207.0,2021,9,8,3,3,5,3,0,1,1,0,0,0,0,0,"780168,3525","5830151,945",13.13276653,52.54919668,663.0,34.0
214930,11,11,11300617.0,2021,9,13,3,3,2,6,0,0,1,0,0,0,0,0,"803521,409","5829724,447",13.47575852,52.53285635,5758.0,24.0
214929,11,9,9100304.0,2021,8,8,3,3,3,6,0,0,1,0,1,0,1,0,"804411,4312","5821768,495",13.48156869,52.46105369,5837.0,25.0
214928,11,9,9401329.0,2021,9,15,6,2,3,6,0,1,1,0,0,0,0,0,"812324,5747","5818399,532",13.59451605,52.42639855,7427.0,31.0
214927,11,8,8100312.0,2021,9,18,4,2,1,5,0,0,1,0,0,0,0,0,"801372,5457","5823958,285",13.43895476,52.48236569,5143.0,4.0
214926,11,2,2500726.0,2021,8,8,2,3,3,6,0,0,1,0,0,1,0,1,"801961,158","5829032,932",13.45219849,52.52752489,5356.0,18.0
214925,11,4,4500936.0,2021,8,23,6,3,0,7,2,0,0,0,0,0,1,0,"792208,8596","5825357,465",13.3056291,52.49989017,3248.0,17.0
214924,11,12,12400723.0,2021,9,10,2,3,5,2,0,1,1,0,0,0,0,0,"791512,2026","5838832,675",13.30723299,52.62106473,3284.0,34.0
214923,11,1,1200522.0,2021,9,17,7,3,6,4,1,0,1,1,0,0,0,0,"794566,1127","5828409,486",13.34295629,52.52598225,3756.0,11.0
214922,11,2,2400522.0,2021,9,12,7,3,2,6,0,0,1,0,1,0,0,0,"801409,0304","5828752,605",13.44383031,52.52531782,5256.0,34.0
214921,11,10,10400837.0,2021,10,9,6,3,5,3,0,1,1,0,0,0,0,0,"810232,5501","5825015,473",13.56999431,52.48687866,7144.0,35.0
214920,11,3,3601243.0,2021,9,7,3,3,5,2,0,0,1,0,1,0,0,0,"799498,2062","5831776,148",13.41847467,52.55347207,4864.0,13.0
214919,11,5,5100316.0,2021,9,21,4,2,6,4,2,0,1,1,0,0,0,0,"784802,7755","5828816,372",13.19978588,52.53481867,1658.0,9.0
214918,11,3,3500934.0,2021,9,22,3,2,6,4,2,0,1,1,0,0,0,0,"800582,9281","5831846,747",13.4344894,52.55350733,5164.0,30.0
214917,11,7,7601442.0,2021,8,10,5,2,5,2,0,0,1,0,0,0,0,0,"798708,726","5816017,768",13.39274485,52.41265223,4423.0,29.0
214916,11,11,11300721.0,2021,8,10,3,3,2,6,0,0,1,0,0,0,0,0,"804621,3507","5829927,766",13.49211062,52.534065,5958.0,29.0
214915,11,4,4300624.0,2021,9,9,6,3,0,2,0,0,1,0,1,0,0,0,"792971,768","5826022,35",13.31742075,52.50544159,3350.0,18.0
214914,11,9,9200512.0,2021,9,13,5,3,2,6,0,0,1,0,0,1,0,0,"809365,269","5821509,894",13.55401167,52.45595444,6835.0,31.0
214913,11,2,2300418.0,2021,9,12,2,3,6,7,0,0,0,1,1,0,0,0,"801231,1194","5825169,155",13.43797289,52.49329705,5146.0,24.0
214912,11,4,4100101.0,2021,9,16,2,3,5,2,0,0,1,0,0,0,1,0,"791217,3213","5829730,95",13.29489254,52.53962814,3060.0,29.0
214911,11,5,5300840.0,2021,9,16,4,3,5,3,0,0,1,0,1,0,0,0,"789288,2097","5829084,115",13.26596476,52.53485671,2658.0,32.0
214910,11,6,6100103.0,2021,9,21,7,3,2,6,2,0,1,0,0,0,0,0,"793598,405","5821258,429",13.32243085,52.4623981,3437.0,28.0
214909,11,4,4501043.0,2021,8,14,7,3,2,6,0,0,1,0,0,0,0,0,"792375,0638","5825090,001",13.30783577,52.49740339,3247.0,30.0
214908,11,2,2500831.0,2021,9,19,5,3,6,4,1,0,1,1,0,0,0,0,"803019,5757","5827018,748",13.4659181,52.50888484,5551.0,9.0
214907,11,4,4501146.0,2021,9,22,5,3,1,5,2,0,1,0,0,0,1,0,"792860,1833","5823583,314",13.31363728,52.48363627,3343.0,24.0
214906,11,7,7400825.0,2021,9,8,4,3,7,7,0,1,0,0,0,0,0,0,"797287,4011","5820741,613",13.37610998,52.4557709,4235.0,28.0
214905,11,2,2300418.0,2021,9,19,4,3,2,7,1,1,1,0,0,0,0,1,"801270,558","5825371,105",13.43873466,52.49508539,5147.0,31.0
214904,11,3,3400721.0,2021,8,8,6,3,6,2,0,0,1,1,0,0,0,1,"798383,9753","5832742,205",13.40295786,52.56274293,4667.0,32.0
214903,11,1,1100102.0,2021,8,14,4,3,0,2,0,1,1,0,0,0,0,0,"794307,432","5827036,337",13.3379394,52.51381253,3652.0,27.0
214902,11,5,5300736.0,2021,9,13,7,3,2,6,0,0,1,0,0,0,0,0,"785755,1167","5829284,624",13.21419083,52.53851843,1860.0,33.0
214901,11,4,4400835.0,2021,9,14,5,2,6,3,0,1,0,1,0,0,0,0,"793356,8531","5822659,553",13.32011759,52.47508846,3441.0,33.0
214900,11,5,5100103.0,2021,9,16,3,2,1,5,0,0,1,0,0,0,0,0,"785421,8458","5832223,213",13.21181661,52.56503997,1867.0,33.0
214899,11,2,2100105.0,2021,9,11,2,3,5,3,0,0,1,0,0,0,0,0,"799595,2354","5825833,793",13.41454747,52.50015487,4848.0,7.0
214898,11,1,1200522.0,2021,9,21,4,3,0,7,2,1,0,0,0,0,0,0,"794285,9057","5827927,134",13.33841109,52.52180959,3655.0,28.0
214897,11,12,12100103.0,2021,9,8,2,2,6,4,0,1,0,1,0,0,0,0,"795729,7395","5833606,516",13.36468655,52.57193875,4069.0,29.0
214896,11,1,1100102.0,2021,9,15,2,2,5,2,0,1,1,0,0,0,0,0,"796641,6493","5826646,555",13.37188873,52.50905405,4151.0,21.0
214895,11,1,1400938.0,2021,8,18,2,3,1,5,0,0,1,0,0,0,1,0,"793776,7918","5830655,073",13.33334023,52.54653855,3662.0,34.0
214894,11,3,3500936.0,2021,9,23,5,3,0,1,2,1,0,0,0,0,0,0,"802751,644","5831642,73",13.46619308,52.55047765,5563.0,27.0
214893,11,1,1100103.0,2021,9,22,6,3,5,3,2,0,1,0,0,0,0,0,"795327,6188","5826172,777",13.35216314,52.50551996,3850.0,16.0
214892,11,6,6100102.0,2021,9,12,5,3,1,5,0,0,1,0,0,0,0,1,"793439,077","5821031,532",13.31989296,52.46044962,3437.0,28.0
214891,11,10,10100312.0,2021,9,19,5,3,5,3,2,0,1,0,0,0,0,0,"807830,1537","5829086,274",13.53848974,52.52472092,6655.0,32.0
214890,11,4,4300518.0,2021,8,22,6,3,5,3,2,0,1,0,0,0,0,0,"791989,6316","5829154,108",13.30574085,52.53404362,3258.0,35.0
214889,11,10,10100312.0,2021,8,9,4,3,3,6,0,1,0,0,0,0,0,0,"808336,3879","5829269,521",13.54609779,52.52607711,6756.0,33.0
214888,11,6,6400737.0,2021,9,12,1,3,5,3,0,0,1,0,0,0,0,0,"785882,034","5816569,939",13.20515388,52.42445284,1726.0,35.0
214887,11,1,1100102.0,2021,9,18,5,3,2,6,0,0,1,0,0,0,0,0,"795229,7547","5826723,73",13.35121411,52.5105118,3851.0,23.0
214886,11,4,4200308.0,2021,9,17,6,3,2,6,0,0,1,0,0,0,0,1,"790400,3609","5827309,419",13.28076537,52.51835504,2854.0,7.0
214885,11,6,6200420.0,2021,9,17,3,3,2,6,0,0,1,0,1,0,0,0,"792785,0294","5816407,168",13.30624269,52.41934368,3225.0,31.0
214884,11,1,1100309.0,2021,9,10,3,3,3,6,0,1,1,0,0,0,0,0,"798534,4131","5829058,016",13.40185912,52.52963702,4657.0,7.0
214883,11,4,4200310.0,2021,9,16,2,3,3,6,0,0,1,0,1,0,0,0,"789473,5061","5826653,691",13.26657342,52.51296908,2652.0,28.0
214882,11,4,4501042.0,2021,8,14,3,3,0,3,0,0,0,0,0,0,1,0,"794001,4091","5826161,736",13.33267025,52.50613725,3650.0,20.0
214881,11,1,1100313.0,2021,9,17,6,3,1,5,0,0,1,0,1,0,0,1,"799563,3619","5826663,094",13.41482544,52.5076058,4850.0,21.0
214880,11,2,2100101.0,2021,9,7,4,3,3,6,0,1,0,0,1,0,0,0,"797346,1547","5825744,753",13.38143335,52.50058687,4348.0,26.0
214879,11,4,4501042.0,2021,8,12,2,3,5,2,0,1,0,0,0,0,1,1,"793967,1922","5826165,538",13.33217092,52.50618977,3550.0,10.0
214878,11,6,6400841.0,2021,8,16,6,3,4,6,0,0,1,0,0,0,0,0,"789662,6072","5818733,888",13.26247273,52.44186529,2531.0,32.0
214877,11,6,6100204.0,2021,9,11,2,3,0,7,0,0,0,0,1,0,0,0,"795408,9498","5820882,519",13.34867036,52.45805254,3836.0,27.0
214876,11,12,12200309.0,2021,9,20,6,2,6,4,2,0,1,1,0,0,0,1,"793274,6009","5832570,725",13.32764813,52.56398191,3567.0,8.0
214875,11,12,12400618.0,2021,8,15,3,3,2,6,0,1,0,0,0,0,0,0,"786255,0941","5838962,304",13.2299013,52.62502228,2085.0,32.0
214874,11,2,2300316.0,2021,9,22,5,3,5,7,2,1,1,0,0,0,0,0,"801640,3257","5826064,616",13.44479284,52.50109721,5249.0,12.0
214873,11,11,11300620.0,2021,9,12,7,2,6,4,0,0,1,1,0,0,0,1,"803816,2545","5829074,115",13.47949761,52.52686338,5756.0,30.0
214872,11,8,8100208.0,2021,8,7,6,3,2,2,0,0,1,0,1,0,0,1,"801256,0324","5822416,887",13.43585194,52.46861402,5139.0,27.0
214871,11,7,7200307.0,2021,9,12,4,3,5,3,0,1,1,0,0,0,0,0,"794486,7191","5824815,88",13.33860987,52.49381072,3646.0,32.0
214870,11,3,3400620.0,2021,9,11,6,3,2,6,0,0,1,0,1,0,0,0,"796584,0103","5833988,873",13.37759679,52.57490132,4270.0,33.0
214869,11,2,3601452.0,2021,9,12,4,3,3,6,0,0,1,0,1,0,0,0,"801979,3753","5829063,077",13.45249359,52.52778499,5356.0,18.0
214868,11,2,2500836.0,2021,9,7,4,3,5,3,0,1,1,0,0,0,0,0,"803120,1279","5825688,378",13.46618412,52.49690507,5547.0,29.0
214867,11,2,2200213.0,2021,8,12,5,3,5,3,0,1,1,0,0,0,0,0,"799522,9691","5824927,98",13.41267159,52.49207527,4746.0,30.0
214866,11,2,2100101.0,2021,8,15,3,3,2,2,0,1,1,0,0,0,0,0,"797693,8061","5825817,705",13.38660495,52.50105126,4449.0,27.0
214865,11,2,2200211.0,2021,9,15,6,3,6,4,0,1,0,1,0,0,0,0,"798078,3717","5824551,469",13.39112056,52.48949106,4445.0,25.0
214864,11,9,9200511.0,2021,8,10,6,3,1,5,0,1,1,0,0,0,0,0,"807171,6738","5822033,979",13.52231265,52.46188857,6437.0,33.0
214863,11,7,7400823.0,2021,8,6,2,2,5,2,0,1,1,0,0,0,0,0,"796846,9437","5822343,485",13.37107161,52.47036961,4140.0,22.0
214862,11,5,5300737.0,2021,8,8,5,2,5,2,0,1,1,0,0,0,0,0,"787974,983","5830384,863",13.24778485,52.54721395,2362.0,33.0
214861,11,8,8100105.0,2021,7,15,2,3,1,1,0,0,1,0,0,0,0,0,"800480,4069","5822022,113",13.42411276,52.46550264,4938.0,32.0
214860,11,3,3200204.0,2021,8,14,4,3,2,6,0,0,1,0,0,0,0,0,"796995,0173","5838822,625",13.38797914,52.61800547,4483.0,32.0
214859,11,2,2100104.0,2021,7,22,4,3,5,3,2,1,1,0,0,0,0,0,"799282,4992","5826219,381",13.41030067,52.50378271,4749.0,3.0
214858,11,3,3601346.0,2021,7,23,5,3,1,5,2,1,1,0,0,0,0,0,"799548,0438","5831035,335",13.41853926,52.54680449,4862.0,22.0
214857,11,2,2100104.0,2021,8,15,4,3,5,3,0,1,1,0,0,0,0,0,"799282,395","5826219,419",13.41029918,52.50378311,4749.0,3.0
214856,11,5,5100317.0,2021,8,19,3,2,1,5,1,0,1,0,0,0,1,0,"787253,5669","5828102,618",13.23520232,52.52713325,2156.0,32.0