ObjectID,State,District,LOR_ab_2021,AccidentYear,AccidentMonth,AccidentHour,DayOfWeek,AccidentCategory,AccidentType,AccidentTypeDetail,LightingCondition,InvolvingBike,InvolvingCar,InvolvingPedestrian,InvolvingMotorcycle,InvolvingHGV,InvolvingOther,RoadCondition,GraphicCoord1,GraphicCoord2,LongitudeWGS84,LatitudeWGS84,quadrant,quadrant_rank
214502,11,5,5200630.0,2021,7,13,7,2,2,2,0,0,1,0,0,0,0,0,"783395,9214","5827681,737",13.17813281,52.52537866,1356.0,34.0
214501,11,3,3601142.0,2021,8,8,5,3,5,2,0,1,1,0,0,0,0,0,"798877,4168","5831047,155",13.40868956,52.54727876,4762.0,23.0
214500,11,11,11300722.0,2021,8,14,3,3,5,2,0,1,1,0,0,0,0,0,"804254,8493","5827660,041",13.4846494,52.51394501,5852.0,24.0
214499,11,9,9501939.0,2021,8,19,1,3,0,1,0,0,0,0,1,0,0,0,"810420,9211","5821263,099",13.56926841,52.45314426,7135.0,32.0
214498,11,9,9100408.0,2021,7,11,4,2,5,2,0,0,1,0,1,0,0,0,"806736,1325","5820287,559",13.51431795,52.4464812,6333.0,31.0
214497,11,9,9401329.0,2021,8,22,1,2,5,3,2,0,1,0,0,0,0,1,"812185,173","5818670,125",13.59272507,52.428903,7427.0,31.0
214496,11,10,10300734.0,2021,7,13,7,3,2,6,0,0,1,0,0,0,0,0,"809659,7085","5826344,182",13.56281981,52.49911133,7048.0,32.0
214495,11,7,7400826.0,2021,7,7,2,3,2,6,0,1,1,0,0,0,0,0,"796375,887","5819730,898",13.36183777,52.44720568,4033.0,29.0
214494,11,8,8100521.0,2021,8,18,6,3,5,3,0,1,1,0,0,0,0,0,"802952,9866","5822470,626",13.46080555,52.46815734,5539.0,28.0
214493,11,12,12500825.0,2021,8,9,2,3,1,5,0,1,1,0,0,0,0,0,"791828,5708","5834818,999",13.30835459,52.58491395,3273.0,33.0
214492,11,7,7601341.0,2021,8,18,6,3,0,1,0,1,0,0,0,0,0,1,"798091,2792","5814994,03",13.38278229,52.403812,4320.0,34.0
214491,11,1,1100416.0,2021,7,16,2,3,5,3,0,1,0,0,0,0,0,0,"798573,7064","5829253,97",13.40261263,52.53137195,4657.0,7.0
214490,11,2,2100104.0,2021,8,16,4,3,3,6,0,1,0,0,1,0,0,0,"799280,7385","5826124,754",13.41018976,52.50293548,4749.0,3.0
214489,11,11,11200512.0,2021,7,11,5,2,5,7,0,0,1,0,0,0,1,0,"803026,8402","5830775,114",13.46944777,52.54254841,5661.0,34.0
214488,11,1,1100312.0,2021,7,8,5,3,5,2,0,1,1,0,0,0,0,0,"799517,7026","5826714,166",13.41420065,52.50808865,4851.0,23.0
214487,11,1,1300834.0,2021,8,17,4,3,6,7,0,1,0,1,0,0,0,0,"797534,7214","5830997,827",13.3889028,52.54757158,4462.0,31.0
214486,11,6,6200313.0,2021,8,19,3,3,5,3,0,1,1,0,0,0,0,0,"794988,2699","5818425,367",13.3403272,52.43625274,3730.0,21.0
214485,11,9,9200819.0,2021,7,14,3,3,5,3,0,0,1,0,0,0,1,0,"810496,8481","5820097,275",13.56929864,52.44265342,7131.0,35.0
214484,11,9,9200715.0,2021,7,8,2,3,5,2,0,1,0,0,0,0,1,0,"807718,4983","5818728,525",13.52729145,52.43195686,6428.0,35.0
214483,11,2,2400520.0,2021,8,7,2,3,5,2,0,1,1,0,0,0,0,0,"800327,2834","5828827,183",13.42800076,52.52658323,5056.0,35.0
214482,11,2,2500833.0,2021,8,14,7,3,5,2,0,1,1,0,0,0,0,0,"802523,1333","5827271,42",13.45885525,52.51142505,5452.0,12.0
214481,11,9,9100305.0,2021,8,6,3,3,6,4,0,0,0,1,1,0,0,0,"804964,5066","5822520,387",13.49037102,52.46748427,5939.0,17.0
214480,11,10,10100209.0,2021,8,14,7,3,2,6,0,0,1,0,0,0,0,0,"810001,5346","5832237,118",13.5733324,52.55172704,7163.0,32.0
214479,11,1,2100104.0,2021,7,16,5,3,5,3,0,1,1,0,0,0,0,1,"799366,1489","5826336,252",13.41163447,52.5047844,4750.0,30.0
214478,11,9,9100305.0,2021,7,8,6,3,6,2,0,0,1,1,0,0,0,0,"805020,4799","5822709,495",13.49136531,52.46914792,5939.0,17.0
214477,11,2,2400623.0,2021,8,5,5,3,5,3,0,1,1,0,0,0,0,0,"800357,801","5827846,593",13.42756374,52.51777709,5053.0,21.0
214476,11,3,3100103.0,2021,7,13,5,3,5,3,0,0,1,0,0,0,0,0,"804255,1964","5840479,651",13.49641515,52.62884008,6086.0,31.0
214475,11,4,4501042.0,2021,8,13,5,3,0,7,0,0,0,0,1,0,1,1,"793915,9473","5825563,629",13.33088675,52.50082157,3548.0,26.0
214474,11,6,6400844.0,2021,8,17,4,2,5,2,0,1,1,0,0,0,0,0,"792381,1402","5820930,835",13.30427805,52.46011395,3137.0,34.0
214473,11,7,7400928.0,2021,8,7,3,3,5,2,0,1,1,0,0,0,0,1,"800259,2952","5821588,251",13.42047743,52.46173528,4937.0,35.0
214472,11,7,7601236.0,2021,7,11,7,3,2,2,0,0,1,0,0,0,0,0,"797200,8871","5817146,33",13.37164343,52.42358953,4126.0,33.0
214471,11,6,6400843.0,2021,8,12,1,3,5,3,0,0,1,0,0,0,0,0,"791204,402","5819702,079",13.28593589,52.44972637,2934.0,32.0
214470,11,2,2500835.0,2021,7,12,4,3,5,3,0,0,1,0,0,0,1,0,"802110,476","5826375,166",13.45197974,52.5036206,5349.0,27.0
214469,11,9,9200717.0,2021,8,7,3,3,5,3,0,1,1,0,0,0,0,0,"809544,4352","5819798,764",13.55505453,52.44051813,6931.0,32.0
214468,11,1,1100309.0,2021,8,20,7,2,1,7,1,0,1,0,0,0,0,1,"798582,8085","5828911,913",13.4024392,52.52830091,4657.0,7.0
214467,11,2,2300314.0,2021,7,13,7,3,3,6,0,1,0,0,0,0,1,0,"800006,9656","5826250,754",13.42097037,52.50366607,4949.0,25.0
214466,11,1,1300732.0,2021,7,19,1,3,1,5,0,0,1,0,1,0,0,1,"797867,5534","5832593,292",13.39522825,52.56169089,4566.0,33.0
214465,11,1,1100309.0,2021,7,13,6,3,1,5,0,1,1,0,0,0,0,0,"798963,0228","5828947,594",13.40805932,52.52841236,4757.0,21.0
214464,11,4,4300416.0,2021,8,16,6,3,1,5,0,0,1,0,0,0,1,0,"791423,0088","5825884,502",13.29454642,52.50503526,3050.0,30.0
214463,11,2,2300417.0,2021,7,16,3,3,5,3,0,1,1,0,0,0,0,0,"800293,6693","5825547,357",13.42454737,52.49720355,4947.0,31.0
214462,11,9,9100407.0,2021,8,15,5,3,5,3,0,1,1,0,0,0,0,0,"806271,1494","5820979,232",13.50813187,52.45294093,6234.0,33.0
214461,11,1,1100101.0,2021,8,19,4,3,2,6,0,0,1,0,0,0,1,0,"794893,3565","5825977,004",13.34561015,52.50399987,3749.0,22.0
214460,11,2,2200210.0,2021,8,6,2,3,5,2,0,1,1,0,0,0,0,0,"798341,8459","5825498,698",13.39583774,52.49783785,4548.0,2.0
214459,11,1,1200520.0,2021,7,17,4,3,3,6,0,1,0,0,0,0,0,0,"794564,49","5829157,656",13.34359534,52.53268995,3758.0,24.0
214458,11,2,2200209.0,2021,8,17,1,3,5,2,0,1,0,0,1,0,0,0,"797479,4993","5824554,786",13.38232934,52.48984746,4345.0,28.0
214457,11,12,12500928.0,2021,7,2,1,2,1,1,2,0,1,0,0,0,1,0,"791780,7889","5836929,459",13.30951071,52.60385905,3279.0,30.0
214456,11,9,9501736.0,2021,8,22,6,3,4,5,2,0,1,0,0,0,0,0,"813313,9689","5820891,169",13.61135494,52.44816094,7733.0,35.0
214455,11,2,2300315.0,2021,8,5,2,3,2,6,0,1,1,0,0,0,0,0,"800162,7743","5825745,641",13.42280368,52.49905285,4948.0,21.0
214454,11,1,1401045.0,2021,8,21,5,3,6,4,2,0,1,1,0,0,0,0,"796403,9516","5831937,836",13.37311502,52.55661415,4265.0,16.0
214453,11,6,6100204.0,2021,7,18,2,3,2,6,0,0,1,0,0,0,0,0,"795341,0832","5820001,972",13.34689564,52.45019566,3834.0,26.0
214452,11,5,5300736.0,2021,8,12,4,3,0,7,0,1,0,0,0,0,0,0,"785942,775","5829214,827",13.21689012,52.5377942,1859.0,27.0
214451,11,2,2200207.0,2021,7,17,4,3,5,2,0,1,1,0,0,0,0,0,"797089,366","5824711,85",13.37674034,52.49146784,4246.0,22.0
214450,11,8,8100419.0,2021,7,16,5,3,0,6,0,0,1,0,1,0,0,0,"802381,8254","5824027,788",13.4538349,52.4824307,5443.0,30.0
214449,11,3,3400620.0,2021,8,10,3,2,5,3,0,1,1,0,0,0,0,1,"797412,2295","5833971,557",13.38976687,52.57429414,4470.0,31.0
214448,11,7,7400823.0,2021,8,19,2,3,5,2,0,1,1,0,0,0,0,0,"797351,362","5821922,428",13.37810039,52.46632094,4238.0,24.0
214447,11,6,6100209.0,2021,7,11,3,2,5,2,0,0,1,0,1,0,0,0,"794654,7184","5820891,001",13.33760952,52.45853574,3636.0,32.0
214446,11,8,8300934.0,2021,8,16,3,3,5,3,0,1,1,0,0,0,0,0,"803997,8398","5818437,925",13.47246945,52.4314325,5628.0,32.0
214445,11,4,4500937.0,2021,8,15,1,2,2,6,0,1,1,0,0,0,0,0,"790892,7401","5824753,122",13.28576766,52.49517539,2947.0,14.0
214444,11,1,1100308.0,2021,7,1,5,2,0,7,2,0,0,0,0,0,1,0,"796751,4558","5828215,296",13.37490107,52.52305646,4255.0,28.0
214443,11,7,7400824.0,2021,8,20,1,2,0,2,1,1,0,0,0,0,1,1,"797842,7675","5822041,769",13.3854192,52.46712304,4339.0,15.0
214442,11,2,2500728.0,2021,7,13,7,3,0,1,0,1,0,0,0,0,0,0,"802899,4904","5827647,034",13.46472593,52.51458278,5553.0,25.0
214441,11,3,3200308.0,2021,7,9,1,3,2,6,0,1,1,0,0,0,0,0,"800186,2116","5836565,627",13.43292781,52.59602231,5076.0,28.0
214440,11,4,4100101.0,2021,8,8,6,3,0,3,0,1,1,0,0,0,0,0,"790966,852","5829720,672",13.29120086,52.5396698,2960.0,32.0
214439,11,5,5400942.0,2021,8,12,2,3,1,5,0,0,1,0,0,0,0,0,"783765,3847","5823866,125",13.1803112,52.49097486,1346.0,34.0
214438,11,5,5200631.0,2021,8,11,6,2,5,7,0,0,1,0,1,0,0,0,"784776,4604","5826917,137",13.19777233,52.51780388,1553.0,33.0
214437,11,1,1300730.0,2021,8,21,4,3,5,2,2,0,1,0,0,0,0,0,"796164,545","5832275,128",13.36989499,52.55976787,4166.0,29.0
214436,11,12,12200412.0,2021,7,16,4,2,3,6,0,0,1,0,0,0,1,0,"788533,5233","5832732,727",13.25804003,52.56796766,2468.0,34.0
214435,11,4,4501042.0,2021,7,8,5,3,5,3,0,1,0,0,0,0,1,0,"794092,6504","5826440,469",13.33425693,52.50858676,3651.0,33.0
214434,11,4,4400726.0,2021,8,21,3,3,0,7,2,0,0,0,1,0,0,0,"790846,9185","5823658,712",13.28413936,52.48538837,2844.0,30.0
214433,11,9,9200614.0,2021,8,11,3,3,2,1,0,0,1,0,0,0,0,0,"808429,9819","5820873,873",13.53970339,52.45078295,6634.0,30.0
214432,11,4,4500938.0,2021,7,11,3,3,0,2,0,1,0,0,1,0,0,0,"791775,351","5824819,982",13.29879016,52.49530367,3047.0,28.0
214431,11,5,5100314.0,2021,7,7,2,3,5,3,0,0,1,0,1,0,0,0,"785369,6137","5830606,94",13.20965838,52.55057614,1763.0,30.0
214430,11,8,8100312.0,2021,8,13,2,3,6,7,0,0,0,1,0,0,1,0,"800875,8369","5824367,778",13.43203207,52.48631001,5044.0,18.0
214429,11,7,7300516.0,2021,8,0,6,3,5,7,2,1,1,0,0,0,0,0,"793951,374","5822015,033",13.32827774,52.46899098,3539.0,28.0
214428,11,1,1100415.0,2021,7,18,2,3,3,6,0,1,0,0,0,0,0,0,"798202,14","5829355,32",13.39724217,52.53248382,4558.0,10.0
214427,11,9,9200511.0,2021,8,16,3,3,5,2,0,1,1,0,0,0,0,0,"807078,8845","5822532,972",13.5214103,52.46641281,6438.0,33.0
214426,11,3,3400831.0,2021,8,12,6,3,0,6,0,0,1,0,0,1,0,0,"799409,1154","5833518,553",13.41873668,52.56913886,4868.0,30.0
214425,11,1,1200520.0,2021,7,11,6,3,5,2,0,1,1,0,0,0,0,0,"794414,6657","5829093,988",13.34133656,52.53220016,3758.0,24.0
214424,11,4,4501149.0,2021,7,14,6,2,5,2,0,0,1,0,1,0,0,0,"793685,8164","5824471,668",13.32654352,52.49115653,3546.0,24.0
214423,11,7,7601442.0,2021,8,8,4,3,5,2,0,1,0,0,0,1,0,0,"798702,1755","5816032,368",13.39266186,52.41278668,4423.0,29.0
214422,11,10,10200629.0,2021,7,3,5,2,0,1,2,1,0,0,0,0,0,0,"810870,3158","5828597,999",13.58270096,52.51862051,7354.0,31.0
214421,11,4,4501045.0,2021,8,17,5,3,5,2,0,1,1,0,0,0,0,0,"794385,6878","5824881,634",13.33718413,52.49445467,3647.0,32.0
214420,11,11,11200411.0,2021,8,17,3,3,5,2,0,0,1,0,0,0,0,0,"805722,1407","5831818,197",13.51002855,52.55039125,6263.0,28.0
214419,11,10,10300734.0,2021,8,15,3,3,3,6,0,1,1,0,0,0,0,1,"809729,3592","5826098,531",13.56361415,52.49687036,7047.0,35.0
214418,11,1,1100102.0,2021,7,20,7,2,5,3,0,1,1,0,0,0,0,0,"795040,5381","5827226,715",13.34888003,52.51512306,3853.0,21.0
214417,11,6,6100209.0,2021,8,18,1,3,5,2,0,1,1,0,0,0,0,0,"794765,5828","5820909,168",13.33925251,52.45863881,3736.0,28.0
214416,11,7,7601340.0,2021,7,21,3,2,3,2,1,1,1,0,0,0,0,0,"796637,7923","5815848,109",13.36223596,52.4122575,4023.0,15.0
214415,11,8,8401241.0,2021,8,7,3,3,5,3,0,0,1,0,0,0,0,0,"804754,2717","5818468,459",13.48358908,52.43128531,5828.0,32.0
214414,11,8,8100314.0,2021,8,22,7,3,5,7,2,0,1,0,1,0,0,1,"801090,5599","5824014,015",13.43486521,52.48302077,5143.0,4.0
214413,11,4,4501042.0,2021,7,19,6,3,6,4,0,0,0,1,0,0,1,0,"794233,2293","5825986,268",13.33592086,52.5044393,3650.0,20.0
214412,11,11,11300725.0,2021,8,18,5,3,4,5,0,1,1,0,0,0,0,0,"805205,1431","5828075,723",13.49899096,52.51713964,6053.0,34.0
214411,11,3,3601450.0,2021,7,15,6,2,5,3,0,1,0,0,1,0,0,0,"802657,2028","5829611,433",13.46295402,52.53232396,5558.0,32.0
214410,11,2,2500835.0,2021,8,9,6,3,5,2,0,1,1,0,0,0,0,0,"803017,1695","5825753,806",13.46473165,52.49754867,5548.0,25.0
214409,11,6,6300631.0,2021,8,11,2,2,5,3,0,1,1,0,0,0,0,0,"791641,0261","5816249,042",13.28933031,52.4185369,2924.0,33.0
214408,11,5,5300735.0,2021,8,17,6,3,5,2,0,0,1,0,0,0,0,0,"786568,6339","5830554,345",13.22724823,52.5494751,2063.0,24.0
214407,11,2,2400521.0,2021,8,10,4,3,0,2,0,1,1,0,0,0,0,0,"800684,7934","5828487,465",13.43294756,52.5233412,5055.0,24.0
214406,11,3,3400721.0,2021,8,9,2,3,1,5,0,1,1,0,0,0,0,0,"797960,1991","5833176,144",13.39711436,52.56686466,4568.0,28.0
214405,11,1,1300836.0,2021,7,17,5,3,2,6,0,0,1,0,0,0,0,0,"796462,0807","5829949,566",13.37219505,52.53875982,4160.0,7.0
214404,11,11,11400930.0,2021,8,18,1,3,5,3,0,0,1,0,0,0,0,0,"806045,0358","5826605,534",13.50997829,52.5034927,6249.0,29.0
214403,11,7,7400823.0,2021,7,22,1,3,5,3,2,0,1,0,0,0,0,0,"796910,0833","5822293,222",13.37195366,52.46988473,4139.0,23.0
214402,11,3,3300517.0,2021,8,15,6,3,5,2,0,1,1,0,0,0,0,0,"803365,6195","5833523,618",13.47693962,52.56699383,5768.0,31.0
214401,11,9,9200819.0,2021,8,22,2,3,0,3,2,0,0,0,1,0,0,1,"810207,0288","5819629,671",13.56461433,52.43862734,7030.0,26.0
214400,11,4,4501040.0,2021,8,15,7,3,5,7,0,0,1,0,1,0,0,0,"792141,7641","5825766,568",13.30500241,52.50359363,3149.0,22.0
214399,11,2,2200209.0,2021,7,21,3,3,5,2,2,0,1,0,0,0,0,0,"797753,1502","5824034,352",13.38588286,52.48503318,4344.0,26.0
214398,11,9,9100407.0,2021,8,9,5,3,1,5,0,1,1,0,0,0,0,0,"806230,0582","5820480,839",13.50707213,52.44849713,6133.0,32.0
214397,11,9,9501737.0,2021,7,10,4,3,3,6,0,0,1,0,1,0,0,0,"814210,095","5822012,573",13.62555253,52.45769556,7936.0,29.0
214396,11,9,9100304.0,2021,7,11,5,2,5,3,0,0,0,0,1,0,1,0,"804667,9556","5822163,171",13.48569295,52.46444809,5838.0,26.0
214395,11,8,8100314.0,2021,8,18,3,3,7,7,0,1,1,0,0,0,1,1,"801096,618","5824022,569",13.43496188,52.4830941,5143.0,4.0
214394,11,2,2400521.0,2021,8,16,2,2,5,3,0,0,1,0,0,0,1,0,"800719,1073","5827883,918",13.43290616,52.51791254,5053.0,21.0
214393,11,4,4200206.0,2021,7,1,4,3,0,7,2,0,1,0,0,0,0,0,"787901,1876","5825833,535",13.24275868,52.50644817,2250.0,29.0
214392,11,9,9200715.0,2021,8,16,4,2,5,2,0,1,1,0,0,0,0,0,"808657,5509","5819171,531",13.54146912,52.43539811,6729.0,22.0
214391,11,7,7400721.0,2021,7,9,3,3,2,2,0,0,1,0,0,0,0,0,"797911,7195","5823961,101",13.38814566,52.48429007,4444.0,32.0
214390,11,2,2100105.0,2021,8,23,2,3,5,3,2,0,1,0,0,0,0,1,"799551,5815","5825854,405",13.41392484,52.50036359,4848.0,7.0
214389,11,11,11501238.0,2021,8,0,7,3,0,1,2,1,0,0,0,0,0,0,"803698,111","5826235,688",13.47517101,52.50148917,5749.0,26.0
214388,11,5,5200420.0,2021,7,22,3,3,1,1,2,0,1,0,0,0,1,0,"782725,9569","5828559,412",13.16903034,52.53359605,1158.0,30.0
214387,11,2,2400522.0,2021,8,18,3,3,3,6,0,0,1,0,0,0,0,0,"802102,6051","5827736,504",13.4530997,52.51582666,5353.0,29.0
214386,11,1,1100416.0,2021,8,20,7,3,0,4,0,1,0,1,0,0,0,0,"798622,4806","5829351,822",13.40341742,52.53222234,4658.0,16.0
214385,11,1,1200623.0,2021,7,20,5,3,2,2,1,0,1,0,0,0,0,0,"795443,1252","5829543,892",13.35685422,52.53567669,3959.0,22.0
214384,11,2,2100104.0,2021,7,11,6,3,5,2,0,1,1,0,0,0,0,0,"799282,7575","5826219,287",13.41030438,52.50378172,4749.0,3.0
214383,11,1,1300733.0,2021,8,7,4,3,5,2,0,1,1,0,0,0,0,0,"797574,5753","5831890,099",13.39028849,52.55554788,4464.0,20.0
214382,11,5,5100211.0,2021,7,9,5,3,5,2,0,0,1,0,0,0,0,0,"781907,167","5829570,412",13.15784898,52.54308527,1061.0,28.0
214381,11,5,5200631.0,2021,8,14,5,3,1,5,0,0,1,0,0,0,0,0,"784747,4535","5827417,927",13.1977747,52.52230911,1555.0,28.0
214380,11,9,9502043.0,2021,8,13,4,3,2,6,0,0,1,0,0,0,0,0,"811328,433","5822415,78",13.58365509,52.46295791,7337.0,34.0
214379,11,5,5100211.0,2021,8,15,3,3,5,2,0,1,1,0,0,0,0,1,"781914,9502","5829568,03",13.15796142,52.54305989,1061.0,28.0
214378,11,1,1400942.0,2021,8,17,1,3,5,3,0,1,0,0,0,0,1,0,"794808,0345","5830942,764",13.34875936,52.5485604,3862.0,30.0
214377,11,1,1300836.0,2021,7,8,4,3,5,2,0,1,1,0,0,0,0,0,"796571,2339","5830501,323",13.37429227,52.54364632,4261.0,21.0
214376,11,1,1100101.0,2021,7,15,2,3,2,6,0,0,1,0,1,0,0,0,"794591,3162","5826073,399",13.3412584,52.50502715,3750.0,15.0
214375,11,7,7100102.0,2021,8,11,2,3,2,6,0,0,1,0,0,0,0,0,"795390,2188","5825514,815",13.35249909,52.49958794,3848.0,24.0
214374,11,2,2300316.0,2021,8,18,7,3,1,5,0,0,1,0,0,0,1,0,"801157,7778","5826269,138",13.43789046,52.5031969,5149.0,29.0
214373,11,4,4501042.0,2021,7,17,2,3,2,2,0,1,0,0,0,0,0,0,"793932,1671","5825811,445",13.33134375,52.50303438,3549.0,22.0
214372,11,4,4501045.0,2021,8,13,2,3,5,3,0,0,1,0,0,0,0,0,"793965,6272","5824957,71",13.33108173,52.49536305,3547.0,16.0
214371,11,7,7100205.0,2021,8,10,7,3,5,3,0,1,1,0,0,0,0,0,"796018,3537","5824976,164",13.36124669,52.49441903,4047.0,24.0
214370,11,1,1401045.0,2021,7,19,5,3,5,3,0,1,1,0,0,0,0,0,"796871,4018","5831556,118",13.37964849,52.55293788,4364.0,15.0
214369,11,12,12500825.0,2021,7,11,6,3,2,6,0,0,1,0,0,0,1,0,"792104,193","5834870,635",13.31245668,52.58522893,3373.0,33.0
214368,11,3,3400723.0,2021,8,7,5,3,0,7,0,1,0,0,0,0,0,0,"799592,6423","5833989,189",13.42186159,52.57325634,4970.0,33.0
214367,11,3,3300412.0,2021,7,9,4,3,5,3,0,1,0,0,0,0,1,0,"802635,3009","5838879,11",13.47109026,52.61539997,5682.0,33.0
214366,11,4,4300619.0,2021,8,10,5,3,5,7,0,0,1,0,1,0,0,0,"792150,0352","5827387,264",13.30654659,52.51811838,3254.0,31.0
214365,11,11,11100204.0,2021,8,15,5,2,6,4,0,0,1,1,0,0,0,0,"806309,2209","5833911,072",13.52059151,52.56881806,6368.0,28.0
214364,11,1,1300732.0,2021,8,16,3,3,0,1,0,0,0,0,1,0,0,0,"797632,9108","5832087,826",13.39132369,52.55728837,4465.0,31.0
214363,11,12,12400619.0,2021,8,21,1,3,8,1,2,0,1,0,0,0,0,0,"788619,9039","5836143,978",13.26228189,52.59850441,2577.0,35.0
214362,11,2,2200213.0,2021,7,17,3,3,6,3,0,1,0,1,0,0,0,0,"799995,7453","5824726,386",13.41943269,52.49000867,4845.0,29.0
214361,11,5,5200632.0,2021,8,10,3,3,6,7,0,0,1,1,0,0,0,0,"785389,8169","5828073,951",13.2077798,52.52785511,1756.0,33.0
214360,11,4,4300620.0,2021,7,9,3,3,6,4,0,1,0,1,0,0,0,0,"793540,1041","5827710,182",13.32725901,52.52026673,3554.0,32.0
214359,11,1,1401048.0,2021,8,22,7,3,0,7,2,0,1,0,0,0,0,1,"795639,1744","5831132,052",13.36114961,52.54980677,4063.0,32.0
214358,11,3,3400725.0,2021,7,7,6,3,0,1,0,0,1,0,0,0,0,0,"799885,9774","5835613,736",13.4276468,52.58765598,5074.0,30.0
214357,11,1,1100415.0,2021,7,23,6,3,1,5,2,1,0,0,0,0,1,1,"798322,7873","5829355,527",13.3990157,52.53241965,4558.0,10.0
214356,11,8,8300934.0,2021,7,6,5,3,5,2,0,0,1,0,0,0,0,0,"803148,616","5818434,682",13.46001373,52.43187468,5428.0,30.0
214355,11,11,11200513.0,2021,8,10,6,3,6,4,0,0,1,1,0,0,0,0,"804502,1303","5830971,829",13.49131516,52.54348903,5961.0,25.0
214354,11,8,8100419.0,2021,8,15,2,3,5,2,0,1,1,0,0,0,0,0,"802028,444","5824302,069",13.44889544,52.48508469,5344.0,29.0
214353,11,9,9200819.0,2021,8,19,6,3,0,5,0,1,0,0,0,0,0,1,"810491,0318","5820154,455",13.56926647,52.44316915,7132.0,24.0
214352,11,8,8100206.0,2021,8,19,4,3,5,7,0,0,1,0,1,0,0,0,"800390,9441","5824093,94",13.42466577,52.48412249,4944.0,15.0
214351,11,2,2500728.0,2021,8,16,2,3,6,4,0,0,1,1,0,0,0,0,"802897,3715","5827852,305",13.46488166,52.51642377,5553.0,25.0
214350,11,6,6300634.0,2021,7,17,4,3,0,6,0,1,1,0,0,0,0,0,"791941,5767","5819046,021",13.2961792,52.44345165,3032.0,24.0
214349,11,2,2100104.0,2021,8,9,2,3,5,2,0,1,1,0,0,0,0,0,"799292,6943","5826222,056",13.41045283,52.50380109,4749.0,3.0
214348,11,6,6300524.0,2021,7,0,7,3,1,5,2,0,1,0,0,1,0,1,"787528,8877","5817090,51",13.22975418,52.42825727,2027.0,31.0
214347,11,10,10400939.0,2021,8,16,6,3,6,2,0,0,1,1,0,0,0,0,"813016,4278","5827638,44",13.61332431,52.50879441,7751.0,32.0
214346,11,4,4501148.0,2021,8,20,2,3,0,1,2,0,0,0,1,0,0,1,"792847,8648","5823225,817",13.31314236,52.48043802,3343.0,24.0
214345,11,2,2100101.0,2021,8,14,6,3,6,4,0,0,1,1,0,0,0,0,"797398,2337","5826192,282",13.382598,52.50457008,4350.0,28.0
214344,11,10,10100312.0,2021,7,17,2,2,5,3,0,0,1,0,0,0,1,0,"807933,398","5829211,191",13.5401224,52.52578212,6656.0,32.0
214343,11,5,5100208.0,2021,8,12,4,2,4,6,0,0,0,0,1,0,1,0,"782354,9078","5830455,866",13.16518659,52.55079272,1163.0,25.0
214342,11,9,9100101.0,2021,7,20,5,2,5,2,0,1,1,0,0,0,0,0,"802315,9187","5824783,382",13.45355265,52.48923963,5345.0,30.0
214341,11,4,4300517.0,2021,7,16,7,3,5,2,0,0,1,0,0,0,0,0,"791475,3363","5828280,304",13.29741401,52.52648539,3056.0,27.0
214340,11,10,10100315.0,2021,8,13,4,2,2,2,0,0,1,0,1,0,0,0,"809910,9235","5831605,378",13.57141074,52.54611727,7162.0,28.0
214339,11,4,4400833.0,2021,8,2,4,3,8,1,2,0,1,0,0,0,1,0,"792210,2313","5822609,648",13.30323998,52.47525573,3141.0,33.0
214338,11,5,5200420.0,2021,7,18,4,2,2,7,0,0,1,0,1,0,0,0,"783179,2864","5828615,442",13.17574352,52.53386308,1258.0,32.0
214337,11,6,6100103.0,2021,8,15,4,3,5,3,0,0,1,0,0,0,0,0,"793460,1949","5821478,121",13.32059555,52.46444181,3438.0,33.0
214336,11,11,11300723.0,2021,8,17,3,2,5,3,1,1,1,0,0,0,0,0,"805198,7001","5828433,153",13.4992242,52.52034669,6054.0,31.0
214335,11,8,8200624.0,2021,8,12,2,3,0,7,0,1,0,0,0,0,0,0,"801380,7547","5820278,106",13.43575164,52.44937472,5133.0,28.0
214334,11,12,12200309.0,2021,8,18,7,3,5,2,0,1,1,0,0,0,0,0,"792857,7934","5832732,755",13.32165966,52.5656588,3467.0,28.0
214333,11,1,1100309.0,2021,7,14,3,3,2,6,0,0,1,0,0,0,1,0,"798423,0631","5828388,19",13.39962139,52.52369392,4555.0,32.0
214332,11,4,4501041.0,2021,8,11,3,3,1,5,0,1,1,0,0,0,0,0,"793116,5145","5825606,95",13.31918156,52.50163993,3449.0,19.0
214331,11,8,8100415.0,2021,8,22,1,3,4,6,2,1,1,0,0,0,0,1,"801204,8942","5823702,914",13.43626274,52.48016924,5142.0,24.0
214330,11,4,4501150.0,2021,7,13,7,3,6,7,0,0,1,1,0,0,0,0,"793373,1963","5823924,071",13.32147021,52.48641564,3444.0,17.0
214329,11,2,2200207.0,2021,7,20,7,3,5,2,0,1,1,0,0,0,0,0,"797090,4104","5824707,864",13.37675212,52.49143154,4246.0,22.0
214328,11,3,3701660.0,2021,8,1,5,3,2,7,2,1,0,0,0,0,1,0,"800541,708","5829474,023",13.43173667,52.53226285,5058.0,27.0
214327,11,6,6100101.0,2021,7,18,5,3,1,5,0,0,1,0,0,0,0,0,"793027,9893","5821485,18",13.31425802,52.46473706,3338.0,29.0
214326,11,2,2100102.0,2021,8,17,5,2,5,2,0,1,1,0,0,0,0,0,"798448,9756","5826534,786",13.39833978,52.50706645,4550.0,14.0