ObjectID,State,District,LOR_ab_2021,AccidentYear,AccidentMonth,AccidentHour,DayOfWeek,AccidentCategory,AccidentType,AccidentTypeDetail,LightingCondition,InvolvingBike,InvolvingCar,InvolvingPedestrian,InvolvingMotorcycle,InvolvingHGV,InvolvingOther,RoadCondition,GraphicCoord1,GraphicCoord2,LongitudeWGS84,LatitudeWGS84,quadrant,quadrant_rank
213619,11,4,4200311.0,2021,5,16,2,2,9,1,0,0,0,0,1,0,0,0,"790260,4268","5825468,359",13.27710326,52.50192424,2749.0,29.0
213618,11,2,2300419.0,2021,6,20,3,3,4,6,1,1,1,0,0,0,0,1,"800873,739","5825772,368",13.43326964,52.49890092,5048.0,18.0
213617,11,1,1200521.0,2021,7,12,3,2,6,7,0,1,0,1,0,0,0,0,"793675,6609","5828321,967",13.32979136,52.52567807,3556.0,24.0
213616,11,2,2200211.0,2021,7,16,6,3,0,1,0,0,0,0,1,0,0,1,"798396,7343","5824510,813",13.39575911,52.48895271,4545.0,32.0
213615,11,3,3601453.0,2021,6,14,2,3,5,3,0,1,0,0,0,0,0,0,"802549,1396","5828594,179",13.46044016,52.52326641,5555.0,30.0
213614,11,1,1100310.0,2021,6,19,5,3,0,1,0,0,0,0,1,0,0,0,"799141,0175","5828465,348",13.41024148,52.5239921,4755.0,4.0
213613,11,10,10200629.0,2021,6,15,6,3,5,3,0,1,1,0,0,0,0,0,"811035,2651","5829169,654",13.58565862,52.52364928,7355.0,28.0
213612,11,7,7200414.0,2021,6,23,5,3,0,3,2,1,1,0,0,0,0,0,"796540,0775","5823965,152",13.36800934,52.48507305,4144.0,28.0
213611,11,7,7601238.0,2021,6,10,2,3,5,2,0,1,1,0,0,0,0,0,"798520,4745","5816819,941",13.3907008,52.41994554,4425.0,29.0
213610,11,4,4400729.0,2021,6,15,3,3,2,6,0,0,1,0,1,0,0,0,"790617,7987","5822588,28",13.27984163,52.47591382,2841.0,29.0
213609,11,12,12200411.0,2021,6,3,1,3,8,1,2,0,1,0,0,0,0,0,"792920,8071","5832158,75",13.32207991,52.56047922,3466.0,23.0
213608,11,1,1100313.0,2021,6,6,7,3,8,1,0,0,1,0,0,0,0,0,"800354,3697","5826498,569",13.42629676,52.5056962,4950.0,27.0
213607,11,2,2300418.0,2021,7,19,7,3,5,5,0,1,1,0,0,0,0,0,"800778,7114","5825137,367",13.43130064,52.4932616,5046.0,27.0
213606,11,7,7400927.0,2021,6,7,4,3,1,5,0,1,1,0,0,0,0,0,"798339,2214","5821789,876",13.39248045,52.46459425,4438.0,31.0
213605,11,7,7100206.0,2021,6,13,6,3,2,6,0,0,1,0,0,0,1,0,"796759,2175","5824801,475",13.37197178,52.49245082,4146.0,21.0
213604,11,1,1100308.0,2021,6,11,4,3,2,6,0,1,1,0,0,0,0,0,"797246,3924","5829091,845",13.38295815,52.53064412,4357.0,15.0
213603,11,2,2100102.0,2021,5,16,2,3,2,6,0,0,1,0,0,0,0,0,"798440,5839","5826525,607",13.39820827,52.50698877,4550.0,14.0
213602,11,8,8100103.0,2021,6,7,4,3,5,2,0,0,1,0,1,0,0,1,"800623,3436","5823112,984",13.42719343,52.47520192,5041.0,23.0
213601,11,10,10400941.0,2021,7,8,2,3,5,3,0,1,0,0,0,0,1,1,"812399,9044","5824300,548",13.60113996,52.47923633,7542.0,30.0
213600,11,6,6300633.0,2021,7,16,4,3,1,5,0,1,1,0,0,0,0,0,"792040,0468","5818992,22",13.29757682,52.44291674,3032.0,24.0
213599,11,1,1400937.0,2021,6,19,4,3,0,5,0,1,1,0,0,0,0,0,"793733,892","5830080,696",13.33220149,52.54141272,3560.0,29.0
213598,11,8,8100312.0,2021,5,17,7,3,0,5,0,0,1,0,1,0,0,0,"801197,1369","5824083,926",13.43649307,52.48358862,5143.0,4.0
213597,11,11,11400929.0,2021,6,16,5,3,0,1,0,1,0,0,0,0,0,0,"805183,5979","5826239,779",13.49699121,52.50069712,6048.0,30.0
213596,11,9,9100304.0,2021,6,7,4,3,3,6,0,0,1,0,0,1,0,0,"804609,153","5822071,613",13.48474651,52.46366027,5838.0,26.0
213595,11,1,1300834.0,2021,7,22,6,2,2,6,2,0,1,0,0,0,0,1,"797925,2149","5830283,132",13.39400351,52.54095188,4560.0,27.0
213594,11,6,6400838.0,2021,6,11,3,3,5,3,0,1,1,0,0,0,0,0,"788377,465","5819115,497",13.24394729,52.44596591,2232.0,32.0
213593,11,4,4300622.0,2021,6,21,1,3,2,6,1,0,0,0,0,0,1,0,"793514,8244","5826493,34",13.32581411,52.50937193,3551.0,31.0
213592,11,3,3701555.0,2021,6,6,3,2,1,5,0,1,1,0,0,0,0,0,"799730,9682","5830115,354",13.42039875,52.53845776,4959.0,29.0
213591,11,3,3601245.0,2021,6,0,4,3,8,1,2,0,1,0,0,0,0,0,"800954,5466","5831228,635",13.43939377,52.54776192,5162.0,26.0
213590,11,1,1100207.0,2021,6,17,2,3,5,3,0,1,1,0,0,0,0,0,"798015,03","5826697,59",13.39211076,52.508763,4451.0,13.0
213589,11,5,5100317.0,2021,6,13,1,3,2,6,0,0,1,0,0,0,0,0,"787003,3065","5828154,756",13.23156849,52.52773251,2056.0,33.0
213588,11,8,8100417.0,2021,7,23,1,3,5,3,2,0,1,0,1,0,0,0,"802484,0542","5823140,332",13.45453071,52.47441979,5441.0,16.0
213587,11,2,2200213.0,2021,6,17,7,3,5,2,0,0,1,0,0,0,1,0,"800287,4348","5824794,559",13.42377729,52.49045936,4945.0,28.0
213586,11,6,6300527.0,2021,6,12,1,3,5,3,0,1,1,0,0,0,0,0,"790932,6776","5818162,939",13.28060869,52.43607239,2830.0,34.0
213585,11,7,7400823.0,2021,5,13,4,3,6,2,0,0,1,1,0,0,0,0,"797260,0477","5820743,711",13.37571048,52.45580459,4235.0,28.0
213584,11,6,6200313.0,2021,6,14,4,3,2,6,0,0,1,0,0,0,0,1,"795435,4757","5818360,148",13.34682901,52.43542671,3829.0,28.0
213583,11,3,3500935.0,2021,7,18,3,3,1,5,0,1,1,0,0,0,0,0,"801500,7503","5831218,926",13.44741567,52.54737289,5362.0,25.0
213582,11,6,6100206.0,2021,7,15,5,3,0,2,0,0,0,0,0,0,1,1,"794558,1501","5820095,549",13.33549066,52.45145696,3634.0,30.0
213581,11,2,1100102.0,2021,6,8,5,3,5,3,0,1,1,0,0,0,0,0,"796823,1573","5826065,056",13.37403685,52.50374279,4249.0,25.0
213580,11,2,2400624.0,2021,5,18,1,3,5,3,0,1,1,0,0,0,0,0,"801744,3314","5827421,724",13.44755048,52.51320359,5352.0,22.0
213579,11,11,11300617.0,2021,6,18,5,3,2,6,0,0,1,0,0,0,1,0,"803522,2899","5829724,803",13.47577179,52.53285904,5758.0,24.0
213578,11,10,10300734.0,2021,6,13,5,3,5,2,0,0,1,0,1,0,0,1,"809653,7464","5826357,59",13.56274473,52.49923487,7048.0,32.0
213577,11,1,1100310.0,2021,6,10,3,3,2,6,0,0,1,0,1,0,0,0,"798948,2775","5827851,575",13.40685742,52.51859623,4754.0,23.0
213576,11,11,11200513.0,2021,6,19,6,3,1,1,0,0,1,0,0,0,0,0,"804656,5181","5830747,835",13.49337931,52.54139519,5960.0,34.0
213575,11,7,7501029.0,2021,6,20,2,3,5,3,1,1,0,0,0,0,1,0,"797139,3227","5819500,231",13.3728328,52.4447236,4132.0,34.0
213574,11,1,1100101.0,2021,5,17,5,3,5,3,0,1,1,0,0,0,0,1,"794805,3351","5826009,331",13.34434572,52.50433723,3750.0,15.0
213573,11,9,9200715.0,2021,6,16,4,2,5,2,0,1,1,0,0,0,0,0,"808654,316","5819175,127",13.54142501,52.43543216,6729.0,22.0
213572,11,9,9501838.0,2021,5,19,1,3,0,1,0,1,0,0,0,0,0,0,"818439,8444","5820578,161",13.68622747,52.44239522,8831.0,33.0
213571,11,7,7100102.0,2021,6,16,2,3,1,5,0,0,1,0,0,0,1,0,"795097,3857","5825610,848",13.34828287,52.50060724,3848.0,24.0
213570,11,2,2300314.0,2021,7,21,2,2,2,6,1,1,0,0,0,0,1,0,"799881,9783","5825903,753",13.41882199,52.50062446,4848.0,7.0
213569,11,4,4501148.0,2021,7,1,7,3,8,1,2,0,1,0,0,0,0,1,"793115,0959","5822994,121",13.3168624,52.47821756,3342.0,31.0
213568,11,4,4501044.0,2021,6,10,2,3,1,5,0,1,1,0,0,0,0,0,"793149,7338","5825208,982",13.31931924,52.49805446,3448.0,24.0
213567,11,3,3300517.0,2021,6,15,6,3,6,7,0,0,1,1,0,0,0,0,"802090,534","5833648,329",13.45829809,52.56882063,5468.0,35.0
213566,11,4,4501148.0,2021,6,14,3,3,6,2,0,0,1,1,0,0,0,0,"793331,9056","5823074,445",13.32011628,52.47882123,3442.0,26.0
213565,11,7,7100102.0,2021,6,8,3,2,5,3,0,1,1,0,0,0,0,0,"795425,2837","5825488,2",13.35299053,52.49933037,3948.0,27.0
213564,11,6,6200421.0,2021,6,17,7,3,1,5,0,1,1,0,0,0,0,0,"793511,1408","5818067,234",13.31834614,52.43383684,3329.0,33.0
213563,11,12,12400617.0,2021,6,13,1,3,5,3,0,1,1,0,0,0,0,0,"786051,8279","5839054,137",13.22698606,52.62595268,2085.0,32.0
213562,11,1,1100313.0,2021,7,13,1,3,0,1,0,0,0,0,1,0,0,0,"799664,4967","5827043,052",13.41665317,52.51095599,4851.0,23.0
213561,11,2,2400625.0,2021,6,17,6,3,5,2,0,0,1,0,1,0,0,0,"801367,1032","5826761,873",13.44141104,52.5074978,5250.0,34.0
213560,11,9,9301228.0,2021,6,11,1,3,5,2,0,1,1,0,0,0,0,0,"817076,5957","5812818,033",13.6588901,52.37365228,8411.0,35.0
213559,11,7,7100101.0,2021,5,19,4,3,6,7,0,0,1,1,0,0,0,0,"794695,8932","5825759,44",13.34251682,52.50215625,3749.0,22.0
213558,11,2,2100104.0,2021,6,10,4,3,5,2,0,1,1,0,0,0,0,1,"798939,8616","5826349,843",13.40538484,52.50513995,4650.0,26.0
213557,11,1,1400937.0,2021,7,14,3,3,5,7,0,1,1,0,0,0,0,0,"793446,024","5830049,231",13.32794118,52.54128576,3560.0,29.0
213556,11,3,3300514.0,2021,7,12,4,3,2,7,0,0,1,0,0,0,0,1,"801744,906","5836326,014",13.45565165,52.59301212,5475.0,32.0
213555,11,10,10400938.0,2021,6,12,5,3,3,6,0,1,0,0,0,0,1,0,"814685,929","5829820,51",13.63990633,52.52738687,8156.0,33.0
213554,11,4,4100102.0,2021,5,21,1,3,3,6,1,0,1,0,1,0,0,0,"791136,601","5829164,372",13.29320931,52.53459197,3058.0,12.0
213553,11,12,12500929.0,2021,6,10,5,3,8,1,0,0,1,0,0,0,0,0,"795547,7503","5838790,75",13.3666356,52.61850883,4183.0,35.0
213552,11,9,9401329.0,2021,6,17,4,3,5,2,0,1,1,0,0,0,0,0,"811415,728","5819575,163",13.5822876,52.43745201,7330.0,35.0
213551,11,4,4200310.0,2021,6,8,3,3,1,5,0,1,1,0,0,0,0,0,"789378,6855","5826734,32",13.26525017,52.51374225,2652.0,28.0
213550,11,1,1100310.0,2021,6,18,7,3,2,6,0,1,0,0,0,0,0,0,"799402,4937","5828048,554",13.41370882,52.52011266,4854.0,26.0
213549,11,11,11200512.0,2021,6,17,1,3,0,5,0,1,1,0,0,0,0,0,"804099,2049","5831522,143",13.48589579,52.54864629,5862.0,34.0
213548,11,6,6200421.0,2021,6,14,3,3,0,7,0,0,0,0,1,0,1,0,"793633,7659","5817661,94",13.31978879,52.43013768,3428.0,32.0
213547,11,1,1200522.0,2021,6,17,4,2,5,3,0,1,1,0,0,0,0,0,"794221,5571","5828332,188",13.33782375,52.52547538,3656.0,27.0
213546,11,4,4300623.0,2021,6,14,2,3,2,6,0,0,1,0,0,0,0,0,"792447,0155","5826117,96",13.30979544,52.50658023,3250.0,18.0
213545,11,9,9501737.0,2021,7,20,2,3,8,1,1,0,1,0,0,0,0,0,"813823,4832","5821771,285",13.61965447,52.45575549,7835.0,31.0
213544,11,8,8100104.0,2021,6,19,4,2,2,6,0,0,1,0,1,0,0,0,"800833,5501","5822568,37",13.42978788,52.47020462,5040.0,25.0
213543,11,1,1300733.0,2021,7,14,5,3,3,6,0,1,1,0,0,0,0,0,"797566,1981","5831857,264",13.39013585,52.55525813,4464.0,20.0
213542,11,10,10100313.0,2021,7,16,5,3,5,2,0,0,1,0,0,0,0,1,"808498,7597","5831153,223",13.55023195,52.54286661,6861.0,30.0
213541,11,6,6100205.0,2021,6,10,5,3,2,6,0,0,1,0,0,0,0,0,"795299,9455","5819938,598",13.34623604,52.44964978,3834.0,26.0
213540,11,4,4400835.0,2021,6,18,5,3,0,3,0,0,1,0,1,0,0,0,"793381,9556","5821960,303",13.31987114,52.46880644,3439.0,33.0
213539,11,5,5100315.0,2021,6,15,5,3,3,6,0,0,1,0,0,1,0,0,"784838,301","5829568,332",13.20095283,52.54154215,1660.0,16.0
213538,11,7,7300516.0,2021,6,17,2,3,1,5,0,1,1,0,0,0,0,0,"793697,5242","5822029,544",13.32456428,52.4692576,3439.0,33.0
213537,11,2,2500835.0,2021,5,8,2,3,5,3,0,1,1,0,0,0,0,0,"802888,0258","5825965,147",13.46302727,52.49951459,5548.0,25.0
213536,11,1,1401048.0,2021,6,16,6,3,6,4,0,0,1,1,0,0,0,0,"795597,052","5830977,937",13.36039301,52.54844813,4062.0,25.0
213535,11,4,4500937.0,2021,6,19,6,3,5,2,0,1,1,0,0,0,0,0,"791015,5775","5824859,684",13.28766504,52.49606524,2947.0,14.0
213534,11,1,1100309.0,2021,6,18,3,3,5,2,0,1,0,0,1,0,0,0,"799028,1701","5828938,718",13.40900881,52.52829707,4757.0,21.0
213533,11,9,9200715.0,2021,6,19,6,3,5,2,0,1,1,0,0,0,0,0,"808471,1623","5819063,128",13.538636,52.43453173,6629.0,25.0
213532,11,2,2200208.0,2021,6,13,1,3,3,6,0,0,1,0,1,0,0,0,"797541,3214","5824998,973",13.38363383,52.49379541,4346.0,23.0
213531,11,3,3300412.0,2021,5,7,6,2,5,2,0,1,1,0,0,0,0,0,"802349,5985","5838815,127",13.46682482,52.61498553,5582.0,35.0
213530,11,11,11400931.0,2021,6,15,4,3,5,2,0,1,1,0,0,0,0,0,"805731,9303","5827192,393",13.50591869,52.50892787,6151.0,22.0
213529,11,11,11501238.0,2021,7,15,7,3,5,3,0,1,1,0,0,0,0,0,"805885,1899","5824478,251",13.50567758,52.48451682,6144.0,35.0
213528,11,5,5100316.0,2021,5,16,3,3,5,7,0,0,1,0,0,0,0,0,"784347,4334","5828913,644",13.19317405,52.53592858,1559.0,26.0
213527,11,12,12500824.0,2021,6,9,3,3,1,5,0,1,1,0,0,0,0,0,"790733,3498","5835392,312",13.29273805,52.59064,3075.0,30.0
213526,11,4,4501041.0,2021,7,14,3,3,2,2,0,0,1,0,0,0,1,0,"793126,2816","5825381,926",13.31912697,52.49961743,3448.0,24.0
213525,11,6,6200423.0,2021,7,10,7,2,5,3,0,0,1,0,1,0,0,0,"795221,1494","5816182,131",13.34176307,52.41601767,3724.0,34.0
213524,11,1,3400721.0,2021,6,13,2,3,2,2,0,0,1,0,0,0,0,0,"797716,728","5832896,218",13.39328164,52.5644887,4567.0,25.0
213523,11,9,9501939.0,2021,6,11,6,3,2,6,0,0,1,0,0,0,1,0,"810652,5549","5821072,908",13.57248928,52.45130826,7134.0,33.0
213522,11,7,7400721.0,2021,6,18,5,3,5,2,0,1,0,0,1,0,0,0,"797208,3892","5823085,974",13.37703862,52.47682876,4241.0,34.0
213521,11,7,7501030.0,2021,6,14,2,3,5,3,0,0,1,0,1,0,0,0,"797765,9232","5819760,572",13.3822569,52.44671642,4333.0,29.0
213520,11,6,6400737.0,2021,6,12,3,2,5,3,0,1,1,0,0,0,0,0,"784242,7139","5815863,812",13.18051041,52.41897553,1325.0,32.0
213519,11,1,1100310.0,2021,6,23,7,3,6,7,2,0,1,1,0,0,0,0,"798519,2382","5828098,227",13.40077449,52.52104215,4654.0,17.0
213518,11,1,1100206.0,2021,6,12,7,3,0,1,0,1,0,0,0,0,0,0,"798107,5212","5827876,886",13.39452601,52.51928335,4554.0,32.0
213517,11,2,2500726.0,2021,7,11,7,3,6,4,0,0,1,1,0,0,0,0,"802006,9919","5828946,174",13.45279326,52.52672189,5356.0,18.0
213516,11,3,3300413.0,2021,6,17,4,3,9,1,0,0,0,0,1,0,0,0,"802910,0881","5837579,015",13.47394637,52.60359465,5779.0,33.0
213515,11,2,2100102.0,2021,6,23,6,3,1,5,2,1,1,0,0,0,0,0,"798087,1618","5826490,629",13.39298511,52.50686844,4450.0,19.0
213514,11,10,10400940.0,2021,5,9,4,3,5,3,0,0,1,0,0,0,0,0,"811989,1927","5826852,055",13.5975008,52.50233583,7549.0,33.0
213513,11,1,1300836.0,2021,6,14,4,3,1,5,0,1,1,0,0,0,0,1,"796935,5628","5831408,683",13.38046017,52.55158132,4363.0,11.0
213512,11,9,9200510.0,2021,7,12,2,2,1,7,0,0,1,0,0,0,0,0,"806023,9627","5822295,882",13.50571254,52.46487978,6138.0,34.0
213511,11,6,6100205.0,2021,7,19,4,3,5,3,1,0,1,0,0,0,0,0,"796061,807","5819859,232",13.35734363,52.44852626,3933.0,29.0
213510,11,4,4500938.0,2021,6,13,4,2,0,1,0,1,0,0,0,0,0,0,"792304,5744","5825238,019",13.30693027,52.49876811,3248.0,17.0
213509,11,11,11501339.0,2021,5,13,7,3,5,3,0,1,1,0,0,0,0,0,"806810,1807","5824857,249",13.51960553,52.48739454,6345.0,35.0
213508,11,12,12100205.0,2021,6,11,5,3,9,1,0,1,0,0,0,0,0,0,"794246,7362","5835450,475",13.34450438,52.58927215,3774.0,21.0
213507,11,9,9401635.0,2021,6,15,4,3,5,2,0,1,1,0,0,0,0,0,"816644,8554","5817429,358",13.65692603,52.41522238,8423.0,34.0
213506,11,11,11200514.0,2021,6,17,4,3,5,2,0,1,1,0,0,0,0,0,"805028,6925","5830429,662",13.49855805,52.5383354,6059.0,32.0
213505,11,12,12200310.0,2021,6,13,7,3,5,2,0,1,1,0,0,0,0,0,"792080,1366","5832942,465",13.31040389,52.56795655,3268.0,27.0
213504,11,6,6100208.0,2021,6,8,4,3,6,3,0,0,1,1,0,0,0,0,"794767,7897","5820487,976",13.33891305,52.45486186,3635.0,30.0
213503,11,1,1300835.0,2021,6,16,3,3,5,3,0,1,1,0,0,0,0,0,"796971,373","5830138,873",13.37985141,52.54017943,4360.0,29.0
213502,11,6,6400841.0,2021,6,8,2,3,5,3,0,0,1,0,1,0,0,0,"789712,5508","5818427,581",13.26293992,52.43909267,2530.0,30.0
213501,11,4,4300622.0,2021,6,20,1,3,1,5,0,1,1,0,0,0,0,0,"793681,9095","5826206,469",13.32801588,52.50671034,3550.0,10.0
213500,11,4,4501045.0,2021,7,12,1,3,1,5,0,0,1,0,0,0,1,0,"794330,8376","5825263,844",13.33671626,52.49791055,3648.0,28.0
213499,11,10,10100103.0,2021,6,17,1,3,5,3,0,1,1,0,0,0,0,0,"809866,7994","5833923,537",13.57292606,52.56691648,7168.0,33.0
213498,11,8,8100314.0,2021,7,20,5,2,5,3,1,1,1,0,0,0,0,0,"801285,3405","5823825,085",13.43755412,52.48121991,5143.0,4.0
213497,11,3,3500934.0,2021,7,21,4,3,6,4,1,1,0,1,0,0,0,0,"800370,72","5831673,981",13.43121258,52.55207586,5063.0,21.0
213496,11,11,11100309.0,2021,7,8,4,3,2,6,0,0,1,0,0,0,0,1,"805190,5183","5833165,291",13.50345091,52.56276246,6167.0,29.0
213495,11,10,10100312.0,2021,6,13,5,3,9,6,0,0,1,0,0,0,0,0,"808496,0299","5829483,192",13.54864172,52.52790169,6856.0,34.0
213494,11,3,3601243.0,2021,6,13,5,2,5,2,0,1,0,0,0,0,1,0,"799673,444","5831253,871",13.42058021,52.54869434,4962.0,33.0
213493,11,1,1100205.0,2021,5,18,1,3,5,3,0,1,1,0,0,0,0,0,"797158,6735","5826452,631",13.37931132,52.50703435,4250.0,32.0
213492,11,2,2200207.0,2021,6,9,6,3,0,3,0,1,1,0,0,0,0,0,"797101,2089","5824720,984",13.3769224,52.49154327,4246.0,22.0
213491,11,6,6100102.0,2021,6,15,5,3,2,6,0,0,1,0,0,0,0,0,"793681,1313","5820597,027",13.32306314,52.45642441,3436.0,26.0
213490,11,9,9100407.0,2021,6,18,3,3,6,4,0,0,0,1,0,0,1,0,"805855,547","5819481,074",13.50066346,52.43974635,6131.0,35.0
213489,11,2,2200209.0,2021,6,10,6,2,3,6,0,0,1,0,1,0,0,0,"797736,1056","5824024,47",13.38562376,52.48495389,4344.0,26.0
213488,11,4,4300517.0,2021,6,15,2,3,5,3,0,0,1,0,1,0,0,0,"791913,6987","5828214,923",13.30379988,52.52566472,3156.0,30.0
213487,11,3,3300514.0,2021,5,19,5,3,5,3,0,1,1,0,0,0,0,1,"801614,7901","5836179,875",13.45360357,52.59177447,5475.0,32.0
213486,11,3,3601142.0,2021,6,17,4,3,3,6,0,1,0,0,0,0,0,0,"798581,6263","5830262,945",13.40363553,52.54041164,4660.0,23.0
213485,11,1,1100415.0,2021,5,21,1,3,0,1,1,1,0,0,0,0,0,0,"798289,3275","5829368,325",13.39853537,52.53255269,4558.0,10.0
213484,11,8,8200832.0,2021,6,11,2,3,2,6,0,0,1,0,0,0,0,0,"801389,8772","5817262,127",13.4331664,52.42233641,5026.0,33.0
213483,11,11,11100203.0,2021,7,7,2,2,5,2,0,0,1,0,1,0,0,0,"807655,433","5833603,323",13.54010619,52.56530093,6667.0,32.0
213482,11,2,2200210.0,2021,6,17,5,3,3,6,0,1,1,0,0,0,0,0,"798491,247","5824759,411",13.39736962,52.4911294,4546.0,21.0
213481,11,7,7601442.0,2021,7,17,6,3,5,3,0,0,1,0,0,0,0,0,"798805,7292","5815847,476",13.39401481,52.41107282,4522.0,35.0
213480,11,1,1100206.0,2021,7,14,6,3,2,6,0,1,1,0,0,0,0,1,"797504,2745","5827546,081",13.38536581,52.51664751,4353.0,25.0
213479,11,2,2400623.0,2021,6,7,5,3,1,5,0,0,1,0,0,0,0,0,"800694,9532","5827712,415",13.43239626,52.51638864,5053.0,21.0
213478,11,3,3701554.0,2021,6,20,2,3,3,6,0,0,1,0,1,0,0,0,"799209,2779","5829255,745",13.41195586,52.53103937,4757.0,21.0
213477,11,5,5200629.0,2021,5,13,2,3,5,2,0,1,1,0,0,0,0,0,"783859,3498","5828695,659",13.18581116,52.53422854,1458.0,31.0
213476,11,7,7601546.0,2021,6,15,6,3,6,7,0,1,0,1,0,0,0,0,"799203,1635","5812420,969",13.39678094,52.38014105,4513.0,35.0
213475,11,9,9501736.0,2021,6,13,6,2,0,7,0,1,0,0,0,0,0,0,"813668,2383","5820769,669",13.61643664,52.44686905,7833.0,34.0
213474,11,12,12500825.0,2021,7,11,6,2,5,3,0,0,1,0,1,0,0,0,"792347,8706","5835049,568",13.31620097,52.58670209,3374.0,27.0
213473,11,5,5100314.0,2021,6,5,4,3,0,7,0,0,0,0,1,0,0,0,"785262,8084","5829819,612",13.20741115,52.543573,1761.0,30.0
213472,11,5,5300736.0,2021,6,13,6,3,5,7,0,1,1,0,0,0,0,0,"785711,7396","5829289,678",13.21355735,52.53858648,1860.0,33.0
213471,11,2,2500727.0,2021,6,12,2,3,1,5,0,1,1,0,0,0,0,0,"802623,0227","5827855,929",13.46085422,52.51660855,5553.0,25.0
213470,11,4,4501042.0,2021,5,5,6,3,0,2,0,0,0,0,0,0,1,0,"793967,6878","5826143,512",13.33215875,52.50599205,3550.0,10.0
213469,11,7,7501133.0,2021,6,14,4,3,0,7,0,0,1,0,1,0,0,0,"797939,9452","5818020,154",13.38325844,52.43102058,4328.0,35.0
213468,11,1,1200628.0,2021,7,11,1,3,6,7,0,0,1,1,0,0,0,0,"796294,566","5828296,474",13.36825892,52.52403261,4155.0,31.0
213467,11,7,7200308.0,2021,5,15,3,3,5,3,0,1,1,0,0,0,0,0,"794823,9411","5823579,788",13.34246907,52.48254788,3743.0,34.0
213466,11,1,1100102.0,2021,6,20,3,3,2,2,1,1,0,0,0,0,0,0,"795136,996","5827076,076",13.35016375,52.51372051,3852.0,29.0
213465,11,5,5100313.0,2021,7,15,2,3,2,6,0,0,1,0,0,0,1,0,"785380,524","5830642,059",13.20984904,52.55088529,1763.0,30.0
213464,11,3,3300413.0,2021,7,7,3,3,5,3,0,1,1,0,0,0,0,0,"803485,5723","5838540,317",13.48329949,52.6118894,5881.0,32.0
213463,11,1,1100310.0,2021,7,17,7,3,2,6,0,1,1,0,0,0,0,0,"799124,8789","5828465,585",13.41000453,52.52400309,4755.0,4.0
213462,11,1,1100207.0,2021,6,15,3,2,5,3,0,1,1,0,0,0,0,0,"797897,1001","5826570,037",13.39026412,52.50768405,4450.0,19.0
213461,11,6,6400735.0,2021,6,8,6,2,5,2,0,1,1,0,0,0,0,0,"781105,7205","5812640,03",13.13179774,52.39168848,617.0,35.0
213460,11,6,6100204.0,2021,6,11,4,2,0,5,0,1,1,0,0,0,0,0,"795392,7249","5820057,343",13.34770231,52.45066413,3834.0,26.0
213459,11,1,1300733.0,2021,7,0,6,3,5,2,2,0,1,0,0,0,0,1,"797356,4809","5831199,002",13.38646211,52.54947218,4463.0,17.0
213458,11,4,4100102.0,2021,7,15,6,3,2,6,0,0,1,0,0,0,0,0,"791214,6214","5829143,609",13.29433812,52.53436415,3058.0,12.0
213457,11,1,1100309.0,2021,6,12,5,3,0,5,0,1,1,0,0,0,0,0,"798628,3236","5828830,764",13.40303526,52.52754859,4656.0,24.0
213456,11,4,4500939.0,2021,6,2,5,2,9,1,2,0,0,0,1,0,0,0,"792428,5844","5824110,018",13.30776176,52.48858939,3245.0,22.0
213455,11,2,2400623.0,2021,6,17,2,3,1,5,0,1,1,0,0,0,0,0,"800606,2012","5827130,678",13.43056676,52.51122329,5052.0,27.0
213454,11,1,1200520.0,2021,5,13,2,3,2,7,0,0,1,0,1,0,0,0,"794549,3136","5828933,183",13.34317334,52.53068591,3757.0,25.0
213453,11,8,8401242.0,2021,6,17,6,3,5,3,0,0,1,0,0,0,0,0,"805267,1383","5817251,942",13.48999914,52.42009612,5925.0,27.0
213452,11,7,7400823.0,2021,6,16,6,2,0,2,0,0,1,0,1,0,0,0,"797356,965","5822008,998",13.37825977,52.4670939,4239.0,24.0
213451,11,3,3701660.0,2021,6,7,4,3,5,3,0,1,1,0,0,0,0,0,"800509,1509","5829712,318",13.43147359,52.5344167,5058.0,27.0
213450,11,10,10200629.0,2021,5,7,6,3,5,3,0,1,1,0,0,0,0,0,"810356,0852","5827951,529",13.57454373,52.51312005,7152.0,33.0
213449,11,1,1100311.0,2021,6,18,4,3,5,2,0,1,1,0,0,0,0,0,"799607,8496","5827989,668",13.41667332,52.51947206,4854.0,26.0
213448,11,5,5100313.0,2021,7,13,1,3,2,6,0,0,1,0,0,0,0,0,"785418,0635","5830400,616",13.21019364,52.54870089,1762.0,26.0
213447,11,5,5200528.0,2021,5,19,3,2,5,2,0,0,1,0,0,0,0,0,"783793,9409","5826303,025",13.18280761,52.51280983,1352.0,32.0
213446,11,4,4400835.0,2021,6,12,3,3,1,5,0,1,0,0,0,0,1,0,"793047,4241","5822299,206",13.31525824,52.47202416,3340.0,29.0
213445,11,11,11100205.0,2021,7,14,3,3,5,3,0,1,1,0,0,0,0,0,"805772,7795","5834046,032",13.5128257,52.57032917,6269.0,34.0
213444,11,8,8100417.0,2021,7,13,6,3,5,3,0,0,1,0,0,0,0,1,"802048,7696","5822746,056",13.44778447,52.47112672,5340.0,23.0