ObjectID,State,District,LOR_ab_2021,AccidentYear,AccidentMonth,AccidentHour,DayOfWeek,AccidentCategory,AccidentType,AccidentTypeDetail,LightingCondition,InvolvingBike,InvolvingCar,InvolvingPedestrian,InvolvingMotorcycle,InvolvingHGV,InvolvingOther,RoadCondition,GraphicCoord1,GraphicCoord2,LongitudeWGS84,LatitudeWGS84,quadrant,quadrant_rank
213267,11,4,4200310.0,2021,7,15,1,3,5,3,0,1,1,0,0,0,0,0,"789326,2015","5826845,891",13.26457594,52.51477036,2553.0,24.0
213266,11,5,5200632.0,2021,5,11,2,3,9,7,0,1,1,0,0,0,0,0,"785651,0819","5828023,702",13.21157741,52.52726775,1856.0,32.0
213265,11,2,2200209.0,2021,6,22,3,3,0,7,2,1,0,0,0,0,0,1,"796790,1129","5823978,84",13.37169288,52.4850599,4144.0,28.0
213264,11,5,5200528.0,2021,7,6,3,2,5,3,0,0,1,0,1,0,0,0,"783421,8775","5826740,831",13.1777126,52.51692878,1253.0,30.0
213263,11,3,3200309.0,2021,7,8,5,3,5,3,0,1,1,0,0,0,0,0,"800169,2621","5837955,588",13.43393865,52.60849005,5180.0,33.0
213262,11,9,9100203.0,2021,6,7,2,3,5,2,0,0,0,0,0,0,1,0,"804103,7984","5823592,715",13.47871741,52.47757503,5742.0,30.0
213261,11,5,5200528.0,2021,6,17,6,2,0,7,0,1,0,0,0,0,0,0,"783509,7682","5825922,432",13.1783071,52.50954512,1351.0,33.0
213260,11,8,8301037.0,2021,6,17,5,3,5,3,0,0,1,0,0,0,0,0,"804538,9504","5817826,703",13.4798474,52.42565329,5727.0,29.0
213259,11,11,11501238.0,2021,6,13,2,3,0,6,0,1,0,0,1,0,0,0,"805569,8231","5824320,826",13.50090352,52.48328248,6143.0,32.0
213258,11,11,11100204.0,2021,6,12,3,3,2,1,0,0,1,0,0,0,0,0,"805945,0383","5833671,412",13.51501393,52.56687498,6368.0,28.0
213257,11,12,12100205.0,2021,6,9,7,3,3,2,0,1,1,0,0,0,0,0,"795575,5654","5834582,672",13.36328853,52.58077275,4072.0,33.0
213256,11,2,2200210.0,2021,6,9,7,3,2,6,0,0,1,0,0,0,1,0,"798812,4088","5824674,034",13.40200925,52.49018841,4645.0,29.0
213255,11,11,11300721.0,2021,7,13,6,3,5,2,0,0,0,0,0,0,1,0,"804646,5075","5829089,577",13.49171229,52.52653867,5956.0,30.0
213254,11,6,6100209.0,2021,7,10,5,3,2,6,0,0,1,0,0,0,0,1,"794767,5636","5821055,791",13.33941105,52.45995213,3737.0,26.0
213253,11,1,1100101.0,2021,7,17,5,3,2,2,0,0,1,0,0,0,0,1,"795256,6166","5826620,866",13.35151752,52.50957516,3851.0,23.0
213252,11,9,9401534.0,2021,6,12,5,3,5,2,0,1,0,0,0,0,1,0,"811355,4079","5820027,996",13.58182493,52.44154443,7331.0,26.0
213251,11,4,4400833.0,2021,5,16,1,2,2,6,0,0,1,0,1,0,0,0,"791955,0674","5822382,15",13.29929466,52.47335269,3140.0,33.0
213250,11,1,1300732.0,2021,6,19,5,3,5,2,0,1,1,0,0,0,0,0,"797526,6528","5832704,906",13.39031418,52.56287775,4467.0,26.0
213249,11,2,2500835.0,2021,6,4,6,3,5,3,1,0,1,0,0,0,0,0,"802437,2574","5826259,507",13.45667441,52.50240292,5449.0,28.0
213248,11,4,4300623.0,2021,6,19,2,3,6,7,0,0,0,1,0,0,1,0,"792181,0336","5826330,534",13.30607428,52.50862843,3251.0,32.0
213247,11,7,7300619.0,2021,6,12,1,2,5,2,0,0,1,0,0,0,0,0,"795231,5284","5822272,862",13.34729669,52.47061195,3840.0,27.0
213246,11,2,2400624.0,2021,5,17,5,3,5,3,0,1,1,0,0,0,0,1,"801850,9502","5827221,988",13.44893568,52.51135436,5352.0,22.0
213245,11,1,1300835.0,2021,6,16,4,3,5,2,0,1,1,0,0,0,0,0,"797774,0241","5829745,811",13.39129925,52.53621812,4459.0,29.0
213244,11,4,4501042.0,2021,5,2,2,3,5,5,2,0,1,0,0,0,0,0,"793917,9855","5825618,059",13.33096473,52.5013084,3549.0,22.0
213243,11,1,1200520.0,2021,6,12,2,2,6,2,0,0,1,1,0,0,0,0,"794555,0853","5829074,547",13.34338344,52.53195002,3758.0,24.0
213242,11,10,10300731.0,2021,7,17,2,3,5,7,0,1,1,0,0,0,0,0,"809649,3119","5829701,505",13.56579111,52.52920433,7057.0,32.0
213241,11,11,2500729.0,2021,7,16,6,3,6,7,0,1,0,1,0,0,0,0,"803775,6902","5827706,868",13.47765291,52.51463178,5753.0,26.0
213240,11,11,11100206.0,2021,6,16,5,3,0,6,0,0,0,0,1,0,1,0,"805322,1702","5834808,468",13.50689966,52.57741525,6171.0,35.0
213239,11,4,4501151.0,2021,6,16,5,3,2,6,0,0,1,0,0,0,1,0,"793368,448","5823071,396",13.32065012,52.47877426,3442.0,26.0
213238,11,6,6300528.0,2021,6,18,2,3,0,1,0,1,0,0,0,0,0,0,"789630,284","5817037,282",13.26052867,52.42667164,2527.0,34.0
213237,11,5,5200632.0,2021,5,8,2,3,5,2,0,0,1,0,0,0,1,0,"785328,1984","5828211,182",13.20699174,52.52911777,1757.0,35.0
213236,11,3,3400620.0,2021,6,15,6,2,0,2,0,1,1,0,0,0,0,0,"797398,2036","5833964,793",13.38955444,52.57424117,4470.0,31.0
213235,11,12,12601032.0,2021,6,22,7,3,1,5,2,0,1,0,0,0,1,0,"792924,3043","5837538,12",13.32688652,52.60870041,3580.0,32.0
213234,11,1,1300836.0,2021,7,22,6,3,6,4,2,0,1,1,0,0,0,0,"796576,7678","5830507,82",13.37437943,52.54370155,4261.0,21.0
213233,11,6,6100208.0,2021,6,12,3,2,5,3,0,0,1,0,0,0,0,0,"794767,7945","5820497,704",13.3389217,52.45494905,3635.0,30.0
213232,11,2,2100104.0,2021,6,16,6,3,2,6,0,0,1,0,0,0,0,0,"799345,6544","5826191,388",13.41120318,52.50349715,4749.0,3.0
213231,11,2,2100105.0,2021,7,20,1,3,3,6,1,1,0,0,0,0,0,0,"799868,028","5825755,587",13.41848368,52.49930404,4848.0,7.0
213230,11,1,1100308.0,2021,5,17,3,3,0,1,0,0,0,0,1,0,0,1,"796789,646","5828824,52",13.37600605,52.52849671,4257.0,21.0
213229,11,2,2100103.0,2021,6,19,3,3,5,3,0,0,1,0,1,0,0,0,"798647,5045","5826409,707",13.40114398,52.50583665,4650.0,26.0
213228,11,7,7100102.0,2021,7,11,3,3,2,6,0,0,1,0,0,0,0,0,"794962,8202","5825418,108",13.34613553,52.49895221,3848.0,24.0
213227,11,9,9501737.0,2021,7,11,3,3,5,3,0,1,1,0,0,0,0,0,"814121,3252","5821604,181",13.62386619,52.454087,7935.0,31.0
213226,11,1,1300836.0,2021,6,7,4,3,0,2,0,1,1,0,0,0,0,0,"796936,277","5830145,192",13.37934109,52.5402552,4260.0,28.0
213225,11,2,2400521.0,2021,5,15,7,3,5,2,0,1,1,0,0,0,0,0,"800718,1496","5827874,435",13.43288352,52.51782807,5053.0,21.0
213224,11,7,7300517.0,2021,6,9,5,3,2,6,0,0,0,0,1,0,1,0,"794252,5954","5822056,134",13.33273554,52.46919727,3639.0,25.0
213223,11,9,9301025.0,2021,6,15,4,3,1,5,0,0,1,0,0,0,0,1,"811385,0382","5815575,717",13.57811603,52.40162813,7219.0,35.0
213222,11,4,4500937.0,2021,7,23,7,3,2,2,2,0,1,1,1,0,0,0,"791583,3768","5825102,561",13.29621777,52.49793955,3048.0,24.0
213221,11,6,6100206.0,2021,6,12,2,3,6,2,0,0,1,1,0,0,0,0,"795053,1295","5819615,868",13.34232966,52.44688995,3733.0,30.0
213220,11,11,11400930.0,2021,6,12,6,3,5,2,0,0,1,0,0,0,0,0,"806141,8404","5826706,679",13.51149302,52.5043449,6250.0,33.0
213219,11,7,7501029.0,2021,6,10,3,3,2,6,0,0,1,0,0,0,0,0,"797625,6966","5818749,1",13.37929885,52.43772593,4230.0,25.0
213218,11,5,5100317.0,2021,6,5,4,3,5,2,0,1,0,0,0,0,1,0,"788108,8378","5827861,867",13.24756604,52.52452349,2355.0,28.0
213217,11,8,8100520.0,2021,6,21,7,3,2,6,1,0,1,0,0,0,0,0,"803139,3219","5822754,504",13.46379811,52.47059837,5540.0,27.0
213216,11,11,11200410.0,2021,6,10,2,3,5,2,0,0,1,0,0,0,1,0,"805003,1968","5833002,962",13.50054683,52.56141258,6066.0,27.0
213215,11,5,5100316.0,2021,7,11,1,3,5,3,0,0,1,0,1,0,0,0,"785296,971","5829281,679",13.20745158,52.53873208,1760.0,21.0
213214,11,6,6400839.0,2021,6,14,1,3,5,2,0,1,0,0,1,0,0,0,"788472,5219","5818500,042",13.2448107,52.44039785,2231.0,32.0
213213,11,7,7200307.0,2021,5,9,3,3,6,2,0,1,0,1,0,0,0,0,"794629,4716","5824340,192",13.34028582,52.48946942,3745.0,23.0
213212,11,4,4501041.0,2021,7,15,5,3,6,2,0,0,1,1,0,0,0,1,"792962,9038","5825751,888",13.31705255,52.50302175,3349.0,17.0
213211,11,7,7501134.0,2021,7,14,3,2,0,1,0,0,0,0,1,0,0,0,"798933,5474","5817270,546",13.39715956,52.42375921,4526.0,31.0
213210,11,8,8200624.0,2021,7,11,5,3,2,2,0,0,1,0,0,0,0,0,"801370,4156","5820954,183",13.43621004,52.45544031,5135.0,33.0
213209,11,4,4300619.0,2021,6,15,2,3,5,2,0,0,1,0,1,0,0,0,"792765,9541","5827046,568",13.31529802,52.51473385,3353.0,23.0
213208,11,4,4500939.0,2021,6,7,5,3,5,2,0,1,1,0,0,0,0,0,"792199,1744","5824076,207",13.30436304,52.48840912,3145.0,25.0
213207,11,8,8100311.0,2021,5,22,1,2,5,2,0,0,1,0,1,0,0,0,"800663,9041","5824385,225",13.42893608,52.48658315,5044.0,18.0
213206,11,9,9200613.0,2021,6,7,6,3,1,5,0,0,1,0,0,0,1,0,"807194,6493","5821019,549",13.52171643,52.45278408,6434.0,33.0
213205,11,10,10300731.0,2021,6,8,5,3,1,5,0,1,1,0,0,0,0,1,"808983,6975","5828974,162",13.55533454,52.52306373,6955.0,35.0
213204,11,7,7501134.0,2021,6,16,3,3,5,2,0,1,1,0,0,0,0,0,"799062,1667","5818675,905",13.40030224,52.43628626,4630.0,34.0
213203,11,4,4400833.0,2021,6,7,2,3,5,2,0,1,1,0,0,0,0,0,"791981,923","5822381,074",13.29968798,52.47332868,3140.0,33.0
213202,11,1,1401048.0,2021,5,16,5,3,4,6,0,0,1,0,0,0,0,1,"795416,9508","5831350,229",13.35807588,52.55188309,3963.0,29.0
213201,11,4,4501045.0,2021,6,20,4,2,5,2,0,1,1,0,0,0,0,0,"793478,214","5824755,853",13.32374494,52.4938158,3446.0,17.0
213200,11,8,8100417.0,2021,5,22,1,3,0,1,2,0,0,0,0,0,1,0,"801697,8677","5822576,452",13.44248081,52.46980043,5239.0,26.0
213199,11,5,5100317.0,2021,6,11,2,2,3,2,0,1,1,0,0,0,0,0,"786235,908","5828467,745",13.22055687,52.53094217,1957.0,35.0
213198,11,6,6200311.0,2021,7,10,2,3,2,6,0,0,1,0,1,0,0,1,"796795,935","5818449,766",13.36686243,52.43549356,4129.0,34.0
213197,11,2,2100105.0,2021,6,10,5,3,0,7,0,0,1,0,1,1,0,0,"799598,9205","5825843,777",13.41461057,52.50024234,4848.0,7.0
213196,11,9,9200717.0,2021,7,17,6,3,5,3,0,0,1,0,0,0,1,0,"809470,3866","5819067,536",13.55329167,52.43400685,6829.0,31.0
213195,11,2,2500833.0,2021,7,14,6,3,5,2,0,1,1,0,0,0,0,1,"802109,3748","5827355,567",13.45285332,52.51240857,5352.0,22.0
213194,11,5,5200633.0,2021,6,20,5,3,2,2,0,0,1,0,0,0,0,0,"784742,1828","5826400,266",13.19682618,52.51318749,1552.0,35.0
213193,11,5,5100101.0,2021,6,19,5,2,6,4,0,0,1,1,0,0,0,0,"785334,635","5833393,54",13.21154038,52.5755786,1870.0,33.0
213192,11,9,9100304.0,2021,6,21,2,3,5,3,1,1,1,0,0,0,0,0,"804405,6426","5821739,422",13.48145724,52.46079634,5837.0,25.0
213191,11,7,7400824.0,2021,5,11,2,3,6,4,0,0,1,1,0,0,0,0,"797451,115","5821871,784",13.37951932,52.46581267,4238.0,24.0
213190,11,3,3400619.0,2021,6,12,6,3,5,3,0,1,1,0,0,0,0,0,"796179,0796","5835521,479",13.37300851,52.58885993,4274.0,35.0
213189,11,1,1401047.0,2021,6,19,6,3,0,1,0,1,0,0,0,0,0,0,"795261,5932","5830471,421",13.35500986,52.54408957,3961.0,24.0
213188,11,9,9200511.0,2021,6,16,4,3,2,6,0,1,1,0,0,0,0,0,"806581,0771","5822317,622",13.5139075,52.46476232,6238.0,27.0
213187,11,10,10200628.0,2021,6,12,2,3,2,7,0,1,0,0,0,0,1,0,"811412,9707","5829815,198",13.59181232,52.52921859,7457.0,29.0
213186,11,1,1400938.0,2021,5,7,6,3,1,5,0,1,1,0,0,1,0,0,"793791,6507","5830422,276",13.3333528,52.54444365,3661.0,28.0
213185,11,5,5200423.0,2021,6,14,4,3,2,6,0,0,1,0,1,0,0,0,"781683,0894","5828418,961",13.15357735,52.53287669,958.0,30.0
213184,11,3,3601449.0,2021,7,4,1,3,5,3,1,0,1,0,0,0,1,0,"801445,1862","5830946,384",13.44635138,52.54496083,5261.0,30.0
213183,11,10,10100316.0,2021,5,10,3,3,0,6,0,0,0,0,0,0,1,1,"810174,3951","5831747,783",13.57541666,52.5472435,7262.0,34.0
213182,11,6,6400841.0,2021,6,23,3,3,5,3,2,0,1,0,0,0,0,1,"789866,6667","5818783,952",13.26550993,52.442206,2631.0,30.0
213181,11,1,1100310.0,2021,7,15,3,3,6,7,0,0,0,1,0,0,1,0,"799196,2836","5828260,786",13.41086963,52.52212819,4755.0,4.0
213180,11,2,2200212.0,2021,7,11,7,3,6,4,0,1,0,1,0,0,0,0,"799853,7697","5824464,715",13.41711247,52.48774119,4845.0,29.0
213179,11,3,3601449.0,2021,6,16,2,3,1,5,0,1,1,0,0,0,0,0,"801364,8589","5830301,175",13.44458513,52.53922221,5260.0,30.0
213178,11,6,6400737.0,2021,6,7,6,3,5,3,0,1,1,0,0,0,0,0,"786609,9842","5817441,64",13.21657722,52.43188765,1828.0,35.0
213177,11,4,4501042.0,2021,6,23,2,3,2,2,2,0,1,0,0,0,0,0,"793986,2782","5826171,933",13.33245696,52.50623681,3550.0,10.0
213176,11,12,12200515.0,2021,6,10,3,3,6,7,0,0,0,1,0,1,0,0,"790363,6584","5835305,377",13.2872199,52.59005812,2975.0,28.0
213175,11,6,6400838.0,2021,6,13,7,3,2,2,0,1,1,0,0,0,0,1,"787646,0457","5818155,991",13.23238925,52.43774852,2130.0,33.0
213174,11,1,1401046.0,2021,6,19,7,3,0,1,0,1,0,0,0,0,0,0,"795415,4837","5829941,681",13.35680151,52.5392575,3960.0,33.0
213173,11,3,3701554.0,2021,7,13,6,3,1,5,0,1,1,0,0,0,0,0,"799075,334","5830207,69",13.41084381,52.53964563,4760.0,17.0
213172,11,2,2400623.0,2021,6,15,5,3,0,2,0,1,1,0,0,0,0,0,"800672,913","5827572,49",13.43194599,52.5151466,5053.0,21.0
213171,11,1,1401047.0,2021,6,20,6,3,5,3,1,1,1,0,0,0,0,0,"795353,5672","5830378,96",13.35627997,52.54321089,3961.0,24.0
213170,11,11,11400927.0,2021,5,8,4,3,0,7,0,0,1,0,0,0,1,0,"803925,4049","5826403,582",13.47866244,52.50286742,5749.0,26.0
213169,11,6,6400736.0,2021,6,8,4,3,0,7,0,0,0,0,1,0,0,1,"787514,3096","5816705,358",13.22920927,52.42481173,2026.0,34.0
213168,11,2,2100104.0,2021,7,17,2,2,5,2,0,1,1,0,0,0,0,0,"798693,8814","5826442,17",13.40185437,52.50610225,4650.0,26.0
213167,11,10,10100311.0,2021,7,6,4,2,0,1,0,1,0,0,0,0,0,1,"807475,2075","5829174,425",13.53335591,52.52571119,6556.0,30.0
213166,11,1,1300733.0,2021,6,19,4,3,2,7,0,0,1,0,0,0,0,0,"797530,6923","5831283,159",13.3890992,52.55013141,4463.0,17.0
213165,11,5,5300839.0,2021,5,15,7,2,5,2,0,0,1,0,0,0,1,0,"788902,9998","5830071,126",13.26115961,52.54390986,2561.0,33.0
213164,11,12,12200307.0,2021,6,15,5,2,2,6,0,0,1,0,1,0,0,0,"793406,685","5833207,693",13.33015455,52.56962079,3569.0,34.0
213163,11,1,1100415.0,2021,6,15,4,3,0,1,0,0,0,0,1,0,0,1,"797367,0059","5829143,29",13.38477698,52.53103948,4357.0,15.0
213162,11,7,7100103.0,2021,6,2,3,3,0,1,2,0,0,0,0,0,1,0,"795888,637","5825530,243",13.35983378,52.49945622,4048.0,16.0
213161,11,4,4501042.0,2021,6,11,7,3,2,2,0,1,1,0,0,0,0,0,"793968,2401","5826144,582",13.33216781,52.50600134,3550.0,10.0
213160,11,4,4300619.0,2021,6,16,3,3,5,2,0,1,1,0,0,0,0,0,"792761,8482","5827053,713",13.31524397,52.51480011,3353.0,23.0
213159,11,6,6100205.0,2021,6,16,4,3,2,6,0,0,1,0,0,0,0,0,"795772,1202","5819909,706",13.35313817,52.44913553,3933.0,29.0
213158,11,2,2200207.0,2021,6,13,2,3,6,4,0,0,1,1,0,0,0,0,"796771,018","5826035,917",13.37324497,52.50350994,4249.0,25.0
213157,11,12,12400723.0,2021,6,17,1,3,5,3,0,1,1,0,0,0,0,0,"792172,9695","5838105,464",13.31632361,52.61419074,3382.0,34.0
213156,11,1,1100310.0,2021,7,11,1,2,2,6,0,0,1,0,1,0,0,0,"799513,1467","5828167,358",13.41544175,52.52111679,4854.0,26.0
213155,11,12,12200308.0,2021,6,20,7,3,6,4,0,1,0,1,0,0,0,0,"792553,1711","5833286,925",13.31766705,52.57079047,3369.0,31.0
213154,11,4,4300412.0,2021,7,14,5,3,5,3,0,1,1,0,0,0,0,1,"791570,6423","5827494,198",13.2981257,52.51938711,3054.0,27.0
213153,11,4,4501149.0,2021,7,9,4,3,3,6,0,1,0,0,0,1,0,0,"793483,6745","5824497,152",13.32359725,52.4914937,3446.0,17.0
213152,11,2,2400625.0,2021,7,20,5,3,1,5,0,1,1,0,0,0,0,0,"801141,0509","5826588,116",13.43793327,52.5060652,5150.0,31.0
213151,11,10,10100205.0,2021,6,7,5,3,5,3,0,0,1,0,0,0,0,0,"807185,9918","5832502,04",13.5321828,52.55569635,6565.0,29.0
213150,11,4,4501042.0,2021,6,15,4,3,2,2,0,0,1,0,0,0,0,0,"794473,3186","5825841,627",13.33931995,52.50301316,3749.0,22.0
213149,11,7,7400825.0,2021,6,14,6,2,5,7,0,1,1,0,0,0,0,0,"797541,9775","5820777,546",13.37987751,52.45595448,4335.0,21.0
213148,11,4,4400727.0,2021,6,8,2,3,1,5,0,0,1,0,0,0,0,0,"790742,2435","5823027,91",13.28205204,52.47978892,2842.0,29.0
213147,11,7,7200409.0,2021,6,12,4,3,5,2,0,1,1,0,0,0,0,0,"795251,0332","5824247,462",13.34933147,52.48830236,3845.0,26.0
213146,11,7,7200307.0,2021,5,13,3,3,2,6,0,0,1,0,1,0,0,0,"794943,0606","5824353,945",13.34490316,52.48942338,3745.0,23.0
213145,11,4,4501042.0,2021,6,20,3,3,2,6,0,0,1,0,1,0,0,1,"793959,2304","5825920,933",13.33183798,52.5040013,3549.0,22.0
213144,11,8,8100521.0,2021,7,17,2,3,2,6,0,0,1,0,0,0,0,0,"802907,3827","5821888,915",13.45960827,52.46296876,5437.0,34.0
213143,11,1,1100102.0,2021,7,9,4,3,3,6,0,0,1,0,0,1,0,1,"794824,2366","5827341,972",13.34580385,52.51627322,3753.0,33.0
213142,11,9,9200511.0,2021,6,19,4,3,2,6,0,0,1,0,0,0,0,0,"806822,9351","5821995,314",13.51716017,52.46173795,6337.0,29.0
213141,11,4,4500937.0,2021,5,9,7,3,0,6,0,0,1,0,0,0,1,0,"791518,7633","5825076,706",13.29524603,52.49774229,3048.0,24.0
213140,11,1,1100102.0,2021,6,13,5,3,5,2,0,1,1,0,0,0,0,0,"796678,0345","5827953,818",13.37358884,52.52075254,4254.0,31.0
213139,11,7,7601544.0,2021,6,9,4,3,5,2,0,1,1,0,0,0,0,0,"798635,4027","5814459,746",13.39028065,52.39872624,4419.0,30.0
213138,11,3,3200205.0,2021,6,7,3,3,5,3,0,0,1,0,0,0,0,0,"797872,6934","5836024,572",13.39838677,52.59244467,4575.0,32.0
213137,11,1,1400937.0,2021,6,12,5,3,5,3,0,0,1,0,1,0,0,0,"793771,5498","5831863,27",13.33433218,52.55737212,3665.0,30.0
213136,11,9,9100304.0,2021,6,20,7,2,1,1,1,0,1,0,0,0,1,0,"804080,2193","5821645,975",13.47659713,52.46013996,5737.0,31.0
213135,11,8,8401242.0,2021,6,16,3,3,5,3,0,0,1,0,0,0,0,0,"805276,0136","5817241,199",13.49011944,52.41999488,5925.0,27.0
213134,11,7,7200307.0,2021,6,12,4,2,5,2,0,1,1,0,0,0,0,0,"794944,6464","5824304,957",13.34488309,52.48898337,3745.0,23.0
213133,11,1,1200520.0,2021,6,17,2,2,5,2,0,1,1,0,0,0,0,0,"794570,1888","5828435,23",13.34303901,52.52621082,3756.0,11.0
213132,11,4,4200308.0,2021,6,14,7,3,0,7,0,0,0,0,1,0,0,0,"788182,8467","5827833,689",13.24862947,52.52423174,2355.0,28.0
213131,11,8,7501134.0,2021,7,12,7,2,2,6,0,0,1,0,1,0,0,0,"799457,3768","5817752,112",13.40527125,52.42778942,4627.0,32.0
213130,11,8,8200730.0,2021,6,16,1,3,1,5,0,0,1,0,0,1,0,0,"801542,4845","5819191,776",13.43714387,52.43954844,5131.0,31.0
213129,11,4,4501041.0,2021,5,16,3,3,3,6,0,0,1,0,0,0,0,1,"793033,7656","5825373,375",13.31776045,52.49959046,3348.0,20.0
213128,11,2,2300419.0,2021,7,15,5,3,0,7,0,1,0,0,0,0,0,1,"801629,2216","5825913,301",13.44449271,52.49974709,5248.0,18.0
213127,11,4,4200205.0,2021,7,21,4,3,1,3,1,1,1,0,0,0,1,0,"788528,5762","5826920,488",13.25291912,52.51586169,2453.0,34.0
213126,11,3,3500933.0,2021,7,19,4,3,5,2,0,1,0,0,1,0,0,0,"802407,176","5832560,264",13.46196405,52.5588927,5565.0,29.0
213125,11,3,3601346.0,2021,6,22,2,2,0,1,2,1,0,0,0,0,0,0,"799278,3828","5830562,045",13.41414798,52.54271038,4861.0,30.0
213124,11,3,3601141.0,2021,6,8,5,3,3,6,0,1,1,0,0,0,0,0,"798818,3569","5831512,425",13.40823985,52.55148161,4763.0,33.0
213123,11,9,9501737.0,2021,5,16,2,3,8,1,0,0,0,0,1,0,0,0,"814204,55","5820811,873",13.62434165,52.44693932,7933.0,31.0
213122,11,7,7200307.0,2021,6,14,5,3,1,5,0,1,1,0,0,0,0,0,"794679,6767","5824257,173",13.34094969,52.48869811,3745.0,23.0
213121,11,12,12400616.0,2021,6,13,5,2,1,1,0,0,1,0,0,0,0,0,"786454,5803","5834535,865",13.22900917,52.58523184,2073.0,34.0
213120,11,5,5300840.0,2021,6,8,3,3,2,6,0,0,1,0,1,0,0,0,"789395,9704","5828710,288",13.26722356,52.53144807,2657.0,31.0
213119,11,8,8100417.0,2021,6,17,2,3,2,6,0,1,0,0,0,0,1,0,"802555,1652","5823099,937",13.45553784,52.47401834,5441.0,16.0
213118,11,1,1200626.0,2021,6,17,2,3,2,2,0,1,1,0,0,0,0,0,"795022,7547","5828270,085",13.34954409,52.52448571,3855.0,29.0
213117,11,9,9100304.0,2021,5,21,5,2,5,2,1,0,1,0,0,0,0,0,"804394,207","5821741,947",13.48129175,52.46082534,5837.0,25.0
213116,11,1,1200629.0,2021,6,17,4,3,3,6,0,1,0,0,0,0,0,0,"794914,7092","5827829,554",13.34756552,52.52059513,3854.0,32.0
213115,11,7,7400822.0,2021,5,15,1,3,1,5,0,0,1,0,0,1,0,0,"796904,5651","5821098,886",13.37081012,52.45918162,4136.0,33.0
213114,11,9,9501941.0,2021,6,17,3,3,6,4,0,1,0,1,0,0,0,0,"811603,0281","5821152,13",13.58650459,52.45147729,7334.0,32.0
213113,11,12,12200411.0,2021,7,23,2,2,5,2,2,0,1,0,0,0,0,0,"792900,675","5832166,526",13.32179065,52.56055976,3466.0,23.0
213112,11,12,12200310.0,2021,7,16,6,3,2,6,0,0,1,0,0,0,0,0,"792339,9021","5833900,233",13.31506992,52.5764031,3371.0,28.0
213111,11,1,1401045.0,2021,7,19,6,3,3,6,0,0,1,0,0,0,0,1,"797112,9147","5831922,549",13.38352807,52.55609081,4365.0,7.0
213110,11,1,1400938.0,2021,6,19,5,3,1,5,0,1,1,0,0,0,0,0,"794488,688","5831198,996",13.3442906,52.55103007,3763.0,32.0
213109,11,9,9300920.0,2021,6,21,5,3,5,3,1,1,1,0,0,0,0,0,"808196,5907","5817059,473",13.53276384,52.41672944,6524.0,32.0
213108,11,1,1400938.0,2021,6,18,2,3,2,6,0,0,1,0,1,0,0,0,"794159,9125","5830312,255",13.33867022,52.54325868,3661.0,28.0
213107,11,7,7400927.0,2021,5,14,2,3,0,7,0,0,1,0,1,0,0,0,"798893,9009","5821146,27",13.40004461,52.45852201,4636.0,31.0
213106,11,2,2500833.0,2021,6,19,6,3,5,3,0,1,1,0,0,0,0,0,"802351,98","5827086,415",13.45617287,52.50986175,5451.0,17.0
213105,11,1,1300834.0,2021,6,15,6,3,1,5,0,1,0,0,0,0,1,0,"797909,1461","5830816,625",13.39424572,52.54574272,4562.0,27.0
213104,11,5,5200629.0,2021,6,7,4,3,5,3,0,0,1,0,0,0,0,0,"783882,3678","5828698,377",13.18615192,52.53424093,1458.0,31.0
213103,11,4,4400832.0,2021,6,14,6,3,2,6,0,0,1,0,0,0,0,0,"791533,1873","5821987,906",13.29275651,52.47004362,3039.0,35.0
213102,11,6,6100209.0,2021,5,8,6,3,5,3,0,1,1,0,0,0,0,1,"794643,1091","5821072,644",13.33759947,52.46017032,3637.0,33.0
213101,11,12,12100205.0,2021,6,13,4,3,2,6,0,0,1,0,0,0,0,0,"795228,7458","5833266,532",13.35701299,52.56916308,3968.0,33.0
213100,11,3,3601142.0,2021,7,13,1,3,5,2,0,1,1,0,0,0,0,0,"799186,2605","5831223,831",13.41338974,52.54869286,4862.0,22.0
213099,11,11,11501340.0,2021,5,18,3,3,3,6,0,0,1,0,1,0,0,1,"807320,7912","5824933,479",13.52717211,52.48779055,6445.0,35.0
213098,11,2,2200210.0,2021,6,8,3,3,5,3,0,0,1,0,0,0,0,0,"798296,7402","5824810,952",13.39455945,52.49169773,4546.0,21.0
213097,11,9,9200613.0,2021,7,8,2,2,2,6,0,0,1,0,0,0,0,1,"805919,8503","5821832,456",13.50376005,52.46078464,6137.0,27.0
213096,11,12,12500824.0,2021,7,10,3,3,6,4,0,0,1,1,0,0,0,0,"790892,2746","5836114,045",13.29571134,52.5970252,3077.0,34.0
213095,11,1,1300834.0,2021,7,16,7,2,2,6,0,1,1,0,0,0,0,0,"798100,2854","5830880,524",13.39711341,52.54621093,4562.0,27.0
213094,11,5,5100101.0,2021,6,14,2,3,5,3,0,0,1,0,0,0,0,0,"784054,0522","5832424,08",13.19186369,52.56755635,1568.0,35.0
213093,11,7,7300619.0,2021,6,12,6,3,5,2,0,1,1,0,0,0,0,0,"794988,2926","5822318,931",13.34376695,52.47115633,3740.0,30.0
213092,11,10,10400835.0,2021,6,18,3,3,5,3,0,0,1,0,0,0,0,0,"812422,694","5829360,839",13.6062217,52.52456934,7655.0,34.0
213091,11,12,12500824.0,2021,6,11,3,3,5,2,0,0,1,0,0,0,0,0,"790689,5822","5835381,476",13.29208427,52.59056625,2975.0,28.0