ObjectID,State,District,LOR_ab_2021,AccidentYear,AccidentMonth,AccidentHour,DayOfWeek,AccidentCategory,AccidentType,AccidentTypeDetail,LightingCondition,InvolvingBike,InvolvingCar,InvolvingPedestrian,InvolvingMotorcycle,InvolvingHGV,InvolvingOther,RoadCondition,GraphicCoord1,GraphicCoord2,LongitudeWGS84,LatitudeWGS84,quadrant,quadrant_rank
212914,11,2,2100102.0,2021,6,10,5,3,0,2,0,1,0,0,0,1,0,1,"798355,0588","5825559,954",13.39608667,52.49837971,4548.0,2.0
212913,11,4,4400833.0,2021,6,19,3,3,5,3,0,0,0,0,1,0,1,0,"792057,7831","5822449,262",13.30086138,52.47389943,3141.0,33.0
212912,11,1,1100310.0,2021,6,11,6,3,6,2,0,0,0,1,0,0,1,0,"798489,493","5828220,178",13.40044683,52.52215155,4655.0,17.0
212911,11,2,2200207.0,2021,6,18,7,2,8,1,0,0,1,0,0,0,0,0,"797089,3246","5824712,008",13.37673987,52.49146928,4246.0,22.0
212910,11,3,3701554.0,2021,6,13,1,3,5,3,0,0,1,0,0,0,1,0,"799034,9555","5829530,263",13.40964065,52.53359567,4758.0,32.0
212909,11,1,1200629.0,2021,6,3,4,3,3,5,2,0,1,0,0,0,1,0,"794466,1357","5827714,363",13.34087142,52.51980493,3754.0,33.0
212908,11,8,8200730.0,2021,6,17,4,2,5,5,0,0,0,0,1,0,1,0,"802304,4842","5818950,349",13.44810157,52.43696382,5330.0,29.0
212907,11,3,3701556.0,2021,6,20,2,3,0,1,0,1,0,0,0,0,0,0,"799801,6951","5829555,838",13.42093371,52.53340371,4958.0,31.0
212906,11,5,5300736.0,2021,7,12,7,3,2,6,0,0,1,0,0,0,0,0,"785994,1673","5829208,038",13.21763994,52.53770637,1859.0,27.0
212905,11,1,1100310.0,2021,6,7,7,3,5,3,0,0,1,0,0,0,0,0,"799505,7464","5828828,261",13.4159282,52.52704483,4856.0,13.0
212904,11,4,4501045.0,2021,7,10,5,3,5,3,0,0,1,0,0,0,0,1,"793965,8395","5824961,74",13.33108841,52.49539907,3547.0,16.0
212903,11,8,8301036.0,2021,7,14,5,3,2,6,0,0,1,0,1,0,0,0,"803631,6423","5817907,663",13.46661825,52.42688315,5527.0,32.0
212902,11,5,5200634.0,2021,6,18,5,2,2,6,0,1,1,0,0,0,0,0,"783846,7255","5826214,579",13.1835079,52.51198933,1352.0,32.0
212901,11,8,8100415.0,2021,5,19,2,3,0,7,0,0,1,0,1,0,0,0,"802171,801","5823379,001",13.45016362,52.47673183,5341.0,26.0
212900,11,9,9301025.0,2021,6,18,5,3,4,6,0,0,1,0,0,0,1,0,"811993,9862","5814756,473",13.58627511,52.39393989,7317.0,34.0
212899,11,3,3400725.0,2021,6,15,6,3,5,3,0,1,1,0,0,0,0,0,"798981,9618","5835031,615",13.41381744,52.58293581,4872.0,35.0
212898,11,1,1100102.0,2021,6,10,3,3,5,3,0,0,1,0,0,0,0,0,"795051,036","5827187,929",13.34899989,52.51476969,3853.0,21.0
212897,11,7,7300515.0,2021,6,18,2,3,5,2,0,1,1,0,0,0,0,0,"793640,8564","5822284,239",13.32395663,52.4715713,3440.0,28.0
212896,11,3,3601244.0,2021,5,10,5,3,5,3,0,1,1,0,0,0,0,0,"800216,9414","5831589,528",13.42887497,52.55140366,5063.0,21.0
212895,11,3,3400620.0,2021,6,9,4,3,2,6,0,0,1,0,1,0,0,0,"796820,4806","5833937,193",13.38102976,52.57430915,4370.0,30.0
212894,11,1,1100310.0,2021,7,19,7,3,5,2,0,0,1,0,1,0,0,0,"799099,8099","5828463,795",13.40963452,52.52400079,4755.0,4.0
212893,11,1,1200625.0,2021,5,18,1,3,6,4,0,0,1,1,0,0,0,0,"794707,7781","5828855,681",13.34543392,52.52990551,3757.0,25.0
212892,11,9,9300920.0,2021,6,14,3,3,5,3,0,0,1,0,0,0,0,0,"807950,9215","5817687,11",13.52974055,52.42249272,6526.0,34.0
212891,11,5,5400942.0,2021,7,7,3,3,3,6,0,1,1,0,0,0,0,0,"782748,4874","5820934,095",13.16288748,52.4652126,1038.0,35.0
212890,11,2,2100104.0,2021,7,15,5,3,5,7,0,1,0,0,0,0,1,1,"799285,1421","5826135,54",13.41026413,52.50302975,4749.0,3.0
212889,11,10,10100205.0,2021,6,14,2,3,5,2,0,1,0,0,0,1,0,0,"807232,5012","5832488,846",13.53285445,52.55555187,6564.0,34.0
212888,11,8,8401244.0,2021,6,7,6,3,6,4,0,0,1,1,0,0,0,0,"805722,8197","5816779,847",13.49624783,52.41561056,6024.0,28.0
212887,11,6,6200313.0,2021,6,21,5,2,0,6,2,0,0,0,0,0,1,0,"795340,6918","5818468,048",13.34553411,52.43644516,3730.0,21.0
212886,11,5,5200528.0,2021,6,17,2,3,6,7,0,0,0,1,0,0,1,0,"782223,8866","5826573,431",13.15996257,52.51604909,1053.0,35.0
212885,11,10,10300731.0,2021,6,18,3,2,1,5,0,0,1,0,0,0,0,0,"809505,9563","5829698,487",13.56368181,52.52925869,7057.0,32.0
212884,11,1,1100312.0,2021,6,13,6,3,1,5,0,1,1,0,0,0,0,0,"799013,7468","5827060,494",13.40710852,52.51146943,4752.0,33.0
212883,11,1,1401047.0,2021,6,22,7,3,2,6,2,0,0,0,0,0,1,0,"795346,2774","5830557,454",13.3563315,52.54481489,3961.0,24.0
212882,11,1,1300733.0,2021,7,22,6,3,5,7,2,1,1,0,0,0,0,0,"797479,0015","5831273,351",13.38833032,52.55007173,4463.0,17.0
212881,11,8,8100312.0,2021,6,9,4,3,5,3,0,1,1,0,0,0,0,0,"801267,5826","5824580,388",13.43797604,52.48799967,5145.0,21.0
212880,11,12,12200413.0,2021,6,14,6,2,3,7,0,1,0,0,0,0,0,0,"789430,1232","5833761,1",13.27212927,52.57671114,2771.0,34.0
212879,11,7,7601442.0,2021,6,12,4,2,5,2,0,0,1,0,0,0,0,0,"799270,5108","5816270,394",13.40120577,52.41460989,4623.0,18.0
212878,11,4,4300619.0,2021,5,23,3,3,5,3,2,0,1,0,0,0,0,0,"792153,8899","5827387,855",13.30660375,52.5181216,3254.0,31.0
212877,11,2,2400623.0,2021,6,14,4,3,6,7,0,0,0,1,0,0,1,1,"801237,2065","5827738,233",13.44038667,52.51632081,5253.0,19.0
212876,11,5,5300840.0,2021,7,14,2,3,5,7,0,0,1,0,0,0,0,0,"787943,4041","5829293,799",13.24637471,52.5374488,2359.0,29.0
212875,11,8,8200725.0,2021,7,10,4,3,2,6,0,0,1,0,0,0,0,1,"801241,3891","5819672,321",13.43316089,52.44402167,5032.0,34.0
212874,11,1,1401046.0,2021,6,18,4,3,1,5,0,1,1,0,0,0,0,0,"795356,4639","5830248,481",13.35620656,52.54203969,3961.0,24.0
212873,11,7,7400826.0,2021,5,17,7,3,5,3,0,0,1,0,0,0,0,0,"797105,7928","5820320,998",13.37307092,52.45209924,4234.0,31.0
212872,11,6,6200313.0,2021,6,15,5,3,0,6,0,0,0,0,0,0,1,0,"795323,766","5818495,619",13.3453102,52.43670146,3730.0,21.0
212871,11,1,1300836.0,2021,6,21,4,3,5,3,0,1,1,0,0,0,0,0,"796932,6182","5830175,818",13.37931467,52.54053173,4260.0,28.0
212870,11,1,1100415.0,2021,7,10,7,3,1,5,0,1,1,0,0,0,0,1,"798361,9684","5829288,75",13.39953167,52.53179965,4558.0,10.0
212869,11,7,7400721.0,2021,6,0,4,3,6,4,2,0,0,1,1,0,0,0,"797751,2331","5822532,442",13.38451364,52.47157128,4340.0,22.0
212868,11,1,1100206.0,2021,6,23,7,3,5,2,2,1,1,0,0,0,0,0,"797160,0456","5827688,255",13.38043481,52.51810961,4354.0,25.0
212867,11,10,10100205.0,2021,6,8,4,3,5,2,0,0,1,0,0,0,0,0,"808073,2022","5832316,401",13.54505562,52.55353157,6764.0,33.0
212866,11,6,6300528.0,2021,6,7,4,3,5,3,0,1,0,0,1,0,0,0,"790602,9623","5816190,027",13.27405786,52.41856,2724.0,34.0
212865,11,10,10200418.0,2021,6,7,2,3,6,4,0,0,1,1,0,0,0,0,"811042,0168","5830917,682",13.58739331,52.53931007,7360.0,32.0
212864,11,3,3500933.0,2021,6,13,1,3,5,3,0,1,1,0,0,0,0,0,"802100,6294","5832474,258",13.45737761,52.55829199,5465.0,34.0
212863,11,3,3300516.0,2021,7,20,1,2,5,3,0,1,1,0,0,0,0,0,"800575,825","5832886,901",13.43532693,52.56283432,5167.0,35.0
212862,11,1,1100309.0,2021,6,23,7,3,5,3,2,0,0,0,0,0,1,0,"798501,3636","5829050,362",13.4013665,52.52958651,4657.0,7.0
212861,11,2,2300314.0,2021,5,12,3,3,1,5,0,1,1,0,0,0,0,1,"799749,0363","5826040,446",13.41699242,52.50192274,4849.0,21.0
212860,11,8,8401244.0,2021,6,12,4,3,2,6,0,0,1,0,0,0,1,1,"806231,9223","5816378,264",13.50334271,52.41172678,6122.0,28.0
212859,11,1,1300836.0,2021,7,15,3,3,3,6,0,0,1,0,0,0,0,0,"797348,928","5831183,668",13.38633731,52.54933885,4463.0,17.0
212858,11,2,2100106.0,2021,7,2,5,3,5,3,2,1,1,0,0,0,0,0,"799840,1062","5825700,165",13.4180237,52.49882261,4848.0,7.0
212857,11,9,9501941.0,2021,6,15,5,3,5,3,0,0,1,0,0,0,0,0,"811402,1495","5821153,51",13.58355941,52.45160411,7334.0,32.0
212856,11,3,3601140.0,2021,5,20,1,3,0,7,0,1,1,0,0,0,0,0,"798505,6135","5831510,254",13.40363906,52.55163362,4663.0,33.0
212855,11,4,4300621.0,2021,6,17,5,3,5,7,0,1,1,0,0,0,0,0,"792025,5329","5827293,705",13.30463482,52.51734632,3153.0,33.0
212854,11,5,5100208.0,2021,6,12,5,3,6,4,0,1,0,1,0,0,0,1,"781518,8222","5830307,723",13.15276265,52.54989718,963.0,33.0
212853,11,3,3500936.0,2021,6,10,3,3,3,6,0,0,1,0,0,1,0,0,"802818,3046","5831434,809",13.4669836,52.54857705,5562.0,34.0
212852,11,1,2400623.0,2021,6,22,1,3,2,6,2,0,1,0,0,0,0,0,"800182,6589","5827344,52",13.42453739,52.51337327,4952.0,31.0
212851,11,12,12500929.0,2021,5,16,5,3,2,6,0,0,1,0,0,0,0,1,"793760,1261","5837705,771",13.33934311,52.60975221,3780.0,35.0
212850,11,4,4100101.0,2021,6,18,4,2,5,2,0,0,1,0,1,0,0,0,"789497,624","5830629,459",13.27039022,52.54859976,2662.0,34.0
212849,11,5,5300735.0,2021,5,21,1,3,5,3,2,0,1,0,0,0,0,0,"786436,2805","5831177,231",13.22583903,52.5551293,2064.0,32.0
212848,11,8,8100312.0,2021,6,17,2,3,2,6,0,1,1,0,0,0,0,0,"801146,8413","5824883,462",13.43647707,52.49078281,5146.0,24.0
212847,11,1,1300733.0,2021,7,23,3,2,5,2,2,0,1,0,1,0,0,1,"796988,0946","5831490,599",13.38130594,52.55228697,4364.0,15.0
212846,11,1,1100104.0,2021,6,14,5,3,0,3,0,1,0,0,0,0,1,0,"796613,5166","5825620,218",13.37056108,52.49986925,4148.0,35.0
212845,11,1,1100309.0,2021,7,16,6,2,5,2,0,1,1,0,0,0,0,0,"797990,5063","5828910,358",13.39373257,52.52861105,4557.0,26.0
212844,11,2,2200213.0,2021,7,8,4,3,5,2,0,1,1,0,0,0,0,0,"800161,4121","5825069,705",13.42217462,52.49299491,4946.0,25.0
212843,11,1,1200522.0,2021,7,15,6,3,5,2,0,0,1,0,1,0,0,1,"794316,7214","5828378,127",13.33926308,52.52583583,3756.0,11.0
212842,11,12,12200309.0,2021,6,13,6,3,3,6,0,0,1,0,0,1,0,0,"793486,844","5832433,013",13.33064852,52.56263304,3567.0,8.0
212841,11,5,5100317.0,2021,6,13,5,3,5,3,0,0,1,0,0,0,0,0,"785732,4466","5828381,442",13.21308097,52.53043255,1857.0,35.0
212840,11,4,4500938.0,2021,6,23,2,2,1,5,2,0,1,0,1,0,0,0,"791577,3381","5824846,484",13.29590491,52.49564708,3047.0,28.0
212839,11,7,7400826.0,2021,5,17,2,3,1,5,0,1,1,0,0,0,1,0,"796557,3677","5819894,338",13.36464534,52.44857237,4033.0,29.0
212838,11,2,2200208.0,2021,6,17,6,3,5,2,0,0,1,0,1,0,0,0,"797276,694","5825534,052",13.38022501,52.498736,4348.0,26.0
212837,11,1,1200520.0,2021,6,18,5,3,1,5,0,1,1,0,0,0,0,0,"794145,9501","5828660,058",13.33700257,52.52845533,3657.0,34.0
212836,11,10,10400940.0,2021,6,22,3,3,0,6,2,1,0,0,0,0,1,0,"811647,4324","5825429,142",13.59115105,52.48977995,7445.0,35.0
212835,11,7,7601544.0,2021,6,7,6,3,0,3,0,0,0,0,1,0,1,1,"798805,6421","5814261,184",13.3925983,52.39685351,4418.0,34.0
212834,11,5,5200634.0,2021,5,15,6,3,6,7,0,1,0,1,0,0,0,0,"785050,846","5826304,019",13.20127985,52.51216331,1652.0,32.0
212833,11,1,1100310.0,2021,6,11,4,3,1,5,0,1,1,0,0,0,0,0,"799032,8497","5828488,588",13.40867279,52.52425976,4755.0,4.0
212832,11,7,7400823.0,2021,7,19,1,2,5,3,0,0,1,0,0,0,0,0,"797358,2972","5822000,408",13.37827167,52.46701617,4239.0,24.0
212831,11,7,7400721.0,2021,5,14,3,3,5,7,0,0,1,0,1,0,0,0,"798928,3837","5823915,352",13.40303183,52.48332436,4643.0,30.0
212830,11,4,4100101.0,2021,6,9,3,3,6,7,0,1,0,1,0,0,0,0,"791230,0936","5829730,91",13.2950803,52.53962096,3060.0,29.0
212829,11,8,8100314.0,2021,7,15,3,3,0,7,0,0,0,0,0,0,1,0,"801153,6626","5823781,85",13.43558193,52.48090502,5143.0,4.0
212828,11,3,3500933.0,2021,6,23,3,3,2,6,2,0,1,0,0,0,0,0,"802428,7664","5832556,934",13.46227853,52.55885087,5565.0,29.0
212827,11,6,6400737.0,2021,6,9,7,3,1,5,0,0,1,0,1,0,0,0,"786520,3693","5818081,794",13.21581136,52.43767418,1830.0,35.0
212826,11,2,2100104.0,2021,6,0,3,3,5,3,2,0,1,0,0,0,0,0,"798833,549","5826136,98",13.40363212,52.50329016,4649.0,32.0
212825,11,6,6200423.0,2021,6,21,4,3,1,5,1,0,1,0,0,0,0,0,"793792,5346","5816250,175",13.32087744,52.41739636,3424.0,33.0
212824,11,1,1200520.0,2021,6,14,2,3,6,2,0,0,1,1,0,0,0,0,"794554,637","5829073,303",13.34337575,52.53193911,3758.0,24.0
212823,11,4,4501152.0,2021,7,19,2,3,0,2,0,1,1,0,0,0,0,0,"794334,6467","5824545,163",13.33613723,52.49146592,3646.0,32.0
212822,11,1,1100415.0,2021,6,10,7,3,0,1,0,1,0,0,0,0,0,0,"798290,4048","5829368,498",13.39855136,52.53255365,4558.0,10.0
212821,11,4,4200311.0,2021,6,18,4,3,3,6,0,0,1,0,0,0,0,1,"790728,4834","5826716,24",13.28506918,52.51286235,2852.0,28.0
212820,11,6,6300528.0,2021,7,16,5,3,0,1,0,0,0,0,1,0,0,1,"790619,4709","5815219,083",13.27345688,52.40984642,2722.0,33.0
212819,11,10,10400940.0,2021,6,15,6,2,6,4,0,0,1,1,0,0,0,0,"812780,342","5826729,665",13.60900337,52.5007862,7748.0,34.0
212818,11,12,12100205.0,2021,6,17,2,3,0,1,0,0,0,0,1,0,0,0,"793968,0718","5835306,318",13.34027487,52.58813056,3774.0,21.0
212817,11,2,2500831.0,2021,5,11,2,3,6,2,0,0,1,1,0,0,0,0,"802853,5274","5827217,888",13.46366014,52.51076192,5551.0,9.0
212816,11,3,3400722.0,2021,6,15,6,2,1,5,0,1,1,0,0,0,0,0,"798646,9978","5833923,864",13.40789042,52.5731905,4770.0,31.0
212815,11,9,9200715.0,2021,6,19,6,3,5,2,1,0,1,0,0,0,0,0,"809065,7083","5818189,186",13.54654618,52.42636389,6727.0,29.0
212814,11,9,9200716.0,2021,6,9,3,3,1,5,0,0,1,0,1,0,0,0,"808648,4654","5819376,616",13.54152525,52.43724121,6730.0,31.0
212813,11,8,8200622.0,2021,6,20,6,3,6,4,0,0,1,1,0,0,0,0,"801322,6665","5821706,795",13.43618874,52.46221252,5137.0,25.0
212812,11,1,1401045.0,2021,6,23,1,2,0,7,2,0,0,0,0,0,1,0,"796839,8059","5831562,327",13.37918939,52.55301076,4264.0,19.0
212811,11,4,4300416.0,2021,6,9,2,3,5,2,0,1,1,0,0,0,0,0,"791879,0274","5826436,316",13.30172981,52.50973842,3151.0,24.0
212810,11,1,1400937.0,2021,5,14,5,3,0,2,0,1,1,0,0,0,0,0,"794116,5534","5831499,902",13.33908457,52.55392855,3664.0,34.0
212809,11,5,5200629.0,2021,6,15,4,3,5,2,0,1,1,0,0,0,0,0,"784561,249","5828218,304",13.19572262,52.52958254,1557.0,25.0
212808,11,5,5200528.0,2021,7,11,1,3,0,1,0,0,0,0,1,0,0,0,"782885,8103","5826891,572",13.16996177,52.51855871,1154.0,33.0
212807,11,3,3601348.0,2021,5,12,2,3,5,3,0,1,1,0,0,0,0,0,"799839,0407","5830805,392",13.4226102,52.54458336,4961.0,27.0
212806,11,9,9502043.0,2021,6,15,3,3,5,2,0,1,1,0,0,0,0,0,"811371,7049","5822784,817",13.58463426,52.46624037,7338.0,33.0
212805,11,1,1200623.0,2021,7,8,3,3,0,7,0,0,1,0,0,0,1,0,"795160,0778","5829278,664",13.35245771,52.53345249,3858.0,29.0
212804,11,9,9100408.0,2021,7,15,6,3,5,3,0,1,1,0,0,0,0,0,"806564,9404","5820150,632",13.51168132,52.44535002,6232.0,33.0
212803,11,12,12500825.0,2021,6,11,2,3,0,7,0,1,0,0,0,0,0,0,"792184,17","5834935,815",13.31369125,52.58577029,3373.0,33.0
212802,11,1,1100313.0,2021,6,18,6,3,0,4,0,0,1,1,0,0,0,0,"799757,8569","5827207,148",13.41817253,52.51237556,4852.0,22.0
212801,11,7,7100204.0,2021,6,19,5,2,1,5,1,1,1,0,0,0,0,0,"795259,39","5824485,217",13.34966485,52.49042914,3845.0,26.0
212800,11,2,2200210.0,2021,6,19,3,3,3,6,0,0,1,0,1,0,0,0,"798845,32","5825098,807",13.40287352,52.49397791,4646.0,22.0
212799,11,1,1300732.0,2021,6,6,3,3,0,5,0,0,1,0,0,0,1,0,"797290,4295","5832249,207",13.38643133,52.55892201,4465.0,31.0
212798,11,12,12400616.0,2021,6,17,1,2,5,3,0,0,1,0,0,0,0,0,"786548,6764","5833207,97",13.22924629,52.57327696,2070.0,35.0
212797,11,4,4501042.0,2021,6,17,7,3,2,6,0,0,1,0,0,0,1,0,"793594,661","5825748,083",13.32632986,52.50264807,3549.0,22.0
212796,11,3,3200206.0,2021,7,10,6,3,5,3,0,1,1,0,0,0,0,0,"798100,879","5834696,274",13.40055034,52.58041342,4672.0,27.0
212795,11,9,9200819.0,2021,6,16,4,3,0,1,0,1,0,0,0,0,1,0,"810372,1421","5820335,185",13.56769076,52.44485628,7032.0,29.0
212794,11,10,10100313.0,2021,6,14,6,3,5,2,0,0,1,0,0,0,0,0,"807804,6386","5830768,486",13.53967248,52.53981117,6660.0,28.0
212793,11,9,9100304.0,2021,6,10,2,3,6,7,0,0,1,1,0,0,0,0,"804881,8298","5822141,211",13.48881132,52.46413198,5938.0,33.0
212792,11,9,9301025.0,2021,5,7,4,2,0,1,0,1,0,0,0,0,0,0,"810782,362","5815159,307",13.56889955,52.39823869,7118.0,34.0
212791,11,3,3200310.0,2021,6,10,4,3,6,3,0,0,1,1,0,0,0,1,"799928,6826","5838169,346",13.43059025,52.61053879,5081.0,34.0
212790,11,7,7601442.0,2021,7,18,2,3,5,2,0,0,1,0,1,0,0,0,"799260,9785","5816265,382",13.40106155,52.41457017,4623.0,18.0
212789,11,4,4200308.0,2021,7,14,4,2,5,3,0,1,1,0,0,0,0,0,"789830,7975","5827311,568",13.27239675,52.51867731,2754.0,26.0
212788,11,2,2100106.0,2021,6,13,4,3,5,3,0,0,1,0,0,0,0,0,"798582,4532","5825563,581",13.39942972,52.49828786,4548.0,2.0
212787,11,6,6300528.0,2021,5,15,7,3,5,2,0,1,0,0,0,0,0,0,"789901,7178","5815929,767",13.26354984,52.41659856,2524.0,35.0
212786,11,6,6400735.0,2021,6,13,5,3,5,3,0,1,1,0,0,0,0,0,"783929,5457","5815911,209",13.17595798,52.41956308,1225.0,34.0
212785,11,5,5100314.0,2021,6,15,4,3,5,3,0,1,0,0,0,0,0,0,"785163,4989","5829607,605",13.20576871,52.54172416,1760.0,21.0
212784,11,9,9301126.0,2021,6,6,4,3,1,5,0,0,1,0,1,0,0,0,"812141,3538","5816420,282",13.58998416,52.40876616,7422.0,35.0
212783,11,3,3400723.0,2021,6,11,7,3,0,3,0,0,1,0,0,0,1,0,"799550,4927","5834227,605",13.42145687,52.57541653,4970.0,33.0
212782,11,11,11200411.0,2021,6,5,4,2,5,3,0,0,1,0,1,0,0,0,"805950,7847","5831916,779",13.51348098,52.5511464,6263.0,28.0
212781,11,9,9501737.0,2021,6,11,4,3,5,2,0,1,1,0,0,0,0,0,"814202,7385","5821334,029",13.6248062,52.45161939,7934.0,33.0
212780,11,6,6300633.0,2021,6,8,2,3,1,5,0,0,1,0,0,0,1,0,"793004,9061","5817899,029",13.31077355,52.43260032,3229.0,34.0
212779,11,7,7601443.0,2021,6,21,7,3,1,7,2,1,0,0,0,0,1,0,"799843,3174","5815223,261",13.4086649,52.40491024,4720.0,32.0
212778,11,9,9200512.0,2021,7,14,1,3,2,6,0,0,1,0,0,0,0,0,"809929,469","5821638,908",13.56240815,52.45679101,7036.0,32.0
212777,11,1,1401048.0,2021,6,22,7,3,1,5,2,0,1,0,0,0,0,0,"795753,4982","5831167,702",13.36286251,52.55006428,4063.0,32.0
212776,11,5,5200632.0,2021,6,12,1,3,0,1,0,1,0,0,0,0,0,0,"785611,001","5828057,371",13.21101712,52.52759063,1756.0,33.0
212775,11,5,5100316.0,2021,7,18,5,3,1,5,0,1,1,0,0,0,0,0,"784961,7746","5829180,239",13.2024357,52.53799797,1659.0,24.0
212774,11,12,12400618.0,2021,7,13,3,3,2,6,0,0,1,0,0,0,0,0,"786708,4008","5838533,456",13.23620787,52.62093842,2184.0,33.0
212773,11,7,7300516.0,2021,7,15,5,2,5,3,0,1,1,0,0,0,0,1,"794142,6981","5822089,978",13.33115222,52.46955985,3539.0,28.0
212772,11,10,10200417.0,2021,6,13,5,3,5,2,0,1,1,0,0,0,0,0,"811333,973","5831846,049",13.59255422,52.54746268,7462.0,25.0
212771,11,8,8401242.0,2021,5,16,2,3,5,2,0,1,1,0,0,0,0,0,"805041,6253","5817549,805",13.4869648,52.42289153,5826.0,29.0
212770,11,1,1300836.0,2021,6,8,6,2,0,1,0,1,0,0,0,0,0,0,"796338,9157","5830721,604",13.37107304,52.54574732,4162.0,29.0
212769,11,3,3601452.0,2021,6,15,5,3,2,6,0,1,1,0,0,0,0,1,"801729,0459","5829185,146",13.44892552,52.5290177,5357.0,34.0
212768,11,4,4100101.0,2021,6,13,2,3,5,3,0,1,1,0,0,0,0,0,"790966,8817","5829723,739",13.29120399,52.53969728,2960.0,32.0
212767,11,7,7300618.0,2021,6,16,2,3,0,7,0,1,0,0,0,0,0,0,"794558,4823","5822193,747",13.33734708,52.47026606,3640.0,27.0
212766,11,1,1200627.0,2021,5,13,5,3,5,2,0,0,1,0,0,0,1,0,"795484,9523","5828418,821",13.35646907,52.52556871,3956.0,30.0
212765,11,2,2200211.0,2021,6,9,4,3,3,6,0,1,0,0,0,1,0,0,"798281,3592","5824721,648",13.39425364,52.49090563,4546.0,21.0
212764,11,9,9502043.0,2021,5,17,1,2,4,6,0,0,1,0,0,0,0,0,"809289,4257","5822760,531",13.55405782,52.46720538,6839.0,30.0
212763,11,8,8100312.0,2021,6,17,3,3,5,3,0,1,0,0,0,0,1,0,"801335,795","5824528,944",13.43893109,52.48750092,5145.0,21.0
212762,11,2,2300314.0,2021,7,11,2,2,5,2,0,1,0,0,0,0,1,1,"800115,1265","5825741,418",13.42210007,52.49904121,4948.0,21.0
212761,11,8,8100208.0,2021,6,0,4,3,5,3,2,0,1,0,0,0,0,0,"801267,0746","5822410,527",13.43600825,52.46855093,5139.0,27.0
212760,11,5,5300840.0,2021,7,9,6,3,1,7,0,0,1,0,0,0,0,0,"789661,4476","5829113,631",13.27147779,52.53492309,2658.0,32.0
212759,11,10,10100311.0,2021,7,15,6,3,5,3,0,1,1,0,0,0,0,0,"807186,3217","5829215,119",13.52914869,52.52623874,6556.0,30.0
212758,11,2,2400623.0,2021,6,18,5,3,5,3,0,1,1,0,0,0,0,0,"800285,593","5827635,978",13.42631268,52.51592904,4953.0,29.0
212757,11,3,3200309.0,2021,6,11,5,2,0,1,0,1,0,0,0,0,0,0,"800064,6186","5837442,437",13.43193271,52.60394839,5079.0,30.0
212756,11,11,11200410.0,2021,6,20,2,3,5,3,0,0,1,0,0,0,0,0,"806302,447","5832237,161",13.51894684,52.55382008,6364.0,35.0
212755,11,3,3601142.0,2021,5,9,2,3,0,1,0,1,0,0,0,0,0,0,"798314,1737","5831155,133",13.40050491,52.54855535,4662.0,34.0
212754,11,7,7601544.0,2021,6,18,6,3,5,2,0,0,1,0,0,0,0,0,"799778,8207","5813975,916",13.40660348,52.39376468,4717.0,20.0
212753,11,9,9200716.0,2021,6,13,6,3,0,1,0,1,0,0,0,0,0,0,"808721,5917","5819227,512",13.54245987,52.43586366,6729.0,22.0
212752,11,2,2200209.0,2021,7,16,6,3,5,2,0,1,1,0,0,0,0,0,"797751,2439","5824596,898",13.38635744,52.4900768,4445.0,25.0
212751,11,3,3500932.0,2021,6,7,4,3,5,3,0,1,1,0,0,0,0,0,"800939,7606","5832711,388",13.4405205,52.56106016,5266.0,35.0
212750,11,4,4100101.0,2021,6,18,6,3,5,2,0,1,1,0,0,0,0,0,"793351,6447","5829683,116",13.32623028,52.53805455,3559.0,17.0
212749,11,7,7400927.0,2021,5,16,6,2,0,3,0,1,0,0,1,0,0,1,"798330,0969","5821002,839",13.39164313,52.45754437,4436.0,31.0
212748,11,5,5100316.0,2021,6,14,4,3,2,2,0,0,1,0,1,0,0,0,"783600,6208","5829151,642",13.18239612,52.53845167,1359.0,32.0
212747,11,7,7400927.0,2021,7,15,1,3,5,3,0,1,1,0,0,0,0,0,"798109,966","5821903,181",13.38921707,52.46573503,4438.0,31.0
212746,11,7,7400823.0,2021,5,12,3,3,5,3,0,1,1,0,0,0,0,0,"797339,9049","5821868,883",13.37788452,52.4658472,4238.0,24.0
212745,11,4,4300620.0,2021,6,20,3,3,5,2,1,1,1,0,0,0,0,1,"794161,613","5827014,205",13.33577723,52.51369279,3652.0,27.0
212744,11,6,6200421.0,2021,7,12,2,2,5,7,0,0,1,0,0,0,0,0,"793170,215","5816509,091",13.31197985,52.4200512,3225.0,31.0
212743,11,1,1100205.0,2021,7,19,3,3,1,5,0,0,1,0,1,0,0,0,"797366,6098","5826943,925",13.38280491,52.51132495,4352.0,32.0
212742,11,9,9100101.0,2021,7,20,7,3,1,5,1,1,1,0,0,0,0,0,"802694,6855","5825378,316",13.45965454,52.49436212,5447.0,32.0
212741,11,5,5200631.0,2021,6,15,3,3,2,6,0,1,1,0,0,0,0,0,"785131,892","5827149,393",13.20319537,52.51970055,1654.0,35.0
212740,11,4,4200311.0,2021,6,13,7,3,2,6,0,0,1,0,0,0,0,0,"790526,8628","5825503,163",13.28104776,52.50209446,2849.0,26.0
212739,11,9,9501939.0,2021,6,7,2,3,5,3,0,1,1,0,0,0,0,0,"810896,0862","5821449,099",13.57641159,52.45454109,7235.0,28.0