ObjectID,State,District,LOR_ab_2021,AccidentYear,AccidentMonth,AccidentHour,DayOfWeek,AccidentCategory,AccidentType,AccidentTypeDetail,LightingCondition,InvolvingBike,InvolvingCar,InvolvingPedestrian,InvolvingMotorcycle,InvolvingHGV,InvolvingOther,RoadCondition,GraphicCoord1,GraphicCoord2,LongitudeWGS84,LatitudeWGS84,quadrant,quadrant_rank
212208,11,8,8100207.0,2021,6,13,1,3,5,2,0,1,0,0,0,0,0,0,"801202,295","5823549,263",13.43608579,52.47879346,5142.0,24.0
212207,11,3,3200310.0,2021,6,20,1,2,5,2,0,1,1,0,0,0,0,0,"799833,9819","5839319,261",13.4302382,52.62089788,5084.0,34.0
212206,11,9,9501737.0,2021,6,8,4,3,5,3,0,1,1,0,0,0,0,0,"815399,1856","5820983,643",13.64202345,52.44779074,8233.0,35.0
212205,11,3,3601450.0,2021,6,16,4,3,0,1,0,1,0,0,0,0,0,0,"802461,082","5829252,437",13.45974495,52.52921517,5457.0,19.0
212204,11,1,1200517.0,2021,6,14,2,3,1,5,0,0,1,0,0,0,0,0,"793170,6231","5828288,865",13.32233922,52.52565314,3456.0,34.0
212203,11,3,3300412.0,2021,7,10,2,2,0,3,0,0,1,0,0,0,1,1,"802757,4935","5839057,199",13.47305254,52.61692805,5682.0,33.0
212202,11,1,1100308.0,2021,6,5,7,3,5,2,0,1,1,0,0,0,0,0,"797013,9547","5828942,11",13.37940792,52.52942861,4257.0,21.0
212201,11,7,7400721.0,2021,7,8,5,3,1,5,0,0,1,0,0,0,1,1,"797230,2656","5823003,093",13.37728591,52.4760739,4241.0,34.0
212200,11,7,7200308.0,2021,7,19,5,2,6,4,0,0,1,1,0,0,0,0,"794892,9569","5823167,627",13.34311789,52.47881585,3742.0,30.0
212199,11,5,5100316.0,2021,6,14,6,3,1,5,0,0,1,0,0,0,1,0,"785218,3722","5828937,402",13.20600033,52.53568648,1759.0,35.0
212198,11,12,12200308.0,2021,6,10,2,3,5,3,0,1,1,0,0,0,0,0,"792569,923","5833291,636",13.31791768,52.5708237,3369.0,31.0
212197,11,4,4200206.0,2021,6,10,3,3,5,2,0,1,1,0,0,0,0,0,"786236,9281","5826007,236",13.21845453,52.50888128,1951.0,27.0
212196,11,12,12500928.0,2021,6,15,6,3,5,3,0,1,1,0,0,0,0,0,"792256,179","5837209,347",13.31675756,52.60611276,3379.0,32.0
212195,11,4,4300416.0,2021,6,15,6,3,5,7,0,0,1,0,1,0,0,0,"791947,251","5826105,735",13.30244227,52.50673831,3150.0,16.0
212194,11,4,4501152.0,2021,5,8,4,3,5,7,0,1,1,0,0,0,0,0,"794052,2672","5824450,506",13.3319066,52.49076955,3546.0,24.0
212193,11,8,8100208.0,2021,6,9,4,3,5,3,0,0,1,0,0,0,0,1,"801143,3252","5822844,161",13.43458346,52.47250595,5140.0,28.0
212192,11,1,1100310.0,2021,7,14,3,3,5,3,0,1,1,0,0,0,0,0,"799451,7283","5828784,775",13.41509517,52.52668472,4856.0,13.0
212191,11,11,11200411.0,2021,7,8,4,3,5,7,0,0,1,0,1,0,0,1,"805807,6412","5831853,267",13.51131791,52.55065757,6263.0,28.0
212190,11,10,10300734.0,2021,6,17,4,3,5,2,0,0,1,0,1,0,0,0,"809581,6746","5824942,586",13.56037168,52.4865949,6944.0,34.0
212189,11,9,9501736.0,2021,5,22,7,3,1,5,2,1,1,0,0,0,0,0,"813329,7474","5821598,74",13.6122501,52.45449253,7735.0,34.0
212188,11,8,8100311.0,2021,6,17,5,3,5,2,0,0,1,0,0,0,0,0,"800664,2497","5824379,244",13.42893576,52.48652935,5044.0,18.0
212187,11,2,2400521.0,2021,6,9,5,3,0,7,0,0,1,0,0,0,0,1,"801126,767","5828584,324",13.43952996,52.52396546,5155.0,24.0
212186,11,9,9501941.0,2021,6,17,3,3,2,6,0,0,1,0,0,0,0,0,"812085,7624","5820971,036",13.59341601,52.44957908,7434.0,30.0
212185,11,1,1100103.0,2021,6,21,7,2,5,3,2,1,1,0,0,0,0,0,"795252,8691","5826039,647",13.35094696,52.504367,3850.0,16.0
212184,11,12,12200309.0,2021,6,15,3,3,5,2,0,1,1,0,0,0,0,0,"793421,7566","5832487,449",13.32973922,52.56315611,3567.0,8.0
212183,11,2,2500830.0,2021,6,19,4,2,5,7,0,0,1,0,1,0,0,0,"802353,4614","5827459,299",13.45653339,52.51320307,5452.0,12.0
212182,11,5,5100316.0,2021,6,15,7,2,5,3,0,0,1,0,0,0,1,0,"784178,6466","5828957,207",13.19072951,52.53640721,1459.0,26.0
212181,11,10,10400940.0,2021,7,17,2,3,0,7,0,0,1,0,0,0,0,0,"811926,6098","5825169,929",13.59500689,52.48729763,7545.0,35.0
212180,11,7,7100101.0,2021,6,14,7,3,6,7,0,0,0,1,0,0,1,0,"794641,4181","5825744,284",13.34170319,52.5020498,3749.0,22.0
212179,11,3,3400619.0,2021,7,15,5,2,5,3,0,0,1,0,0,0,0,1,"795290,9494","5835080,826",13.35954412,52.58539276,4073.0,33.0
212178,11,9,9501939.0,2021,7,16,5,3,2,2,0,1,1,0,0,0,0,1,"809950,1063","5821622,024",13.56269523,52.45662801,7036.0,32.0
212177,11,1,1100308.0,2021,6,13,5,3,2,6,0,1,1,0,0,0,0,0,"797074,9223","5829291,921",13.38061663,52.53253105,4358.0,24.0
212176,11,3,3100102.0,2021,5,7,2,3,6,4,0,0,1,1,0,0,0,0,"804422,9392","5841223,109",13.49957068,52.63540916,6088.0,33.0
212175,11,4,4501041.0,2021,6,13,5,3,1,5,0,1,1,0,0,0,0,0,"793485,0353","5825785,414",13.32475235,52.5030417,3449.0,19.0
212174,11,3,3500934.0,2021,6,15,5,3,5,2,0,1,1,0,0,0,0,0,"800455,5782","5832115,406",13.43285988,52.55598564,5065.0,28.0
212173,11,11,11300722.0,2021,6,17,3,3,5,2,0,1,1,0,0,0,0,0,"804255,106","5827662,994",13.48465588,52.51397133,5852.0,24.0
212172,11,2,2200209.0,2021,6,9,6,3,1,5,0,1,1,0,0,0,0,0,"797509,0371","5824800,69",13.38298264,52.49203562,4346.0,23.0
212171,11,2,2300418.0,2021,6,21,1,2,5,3,1,1,1,0,0,0,0,0,"801289,0047","5825362,234",13.43899753,52.4949957,5147.0,31.0
212170,11,8,8200730.0,2021,5,8,5,3,6,4,0,1,0,1,0,0,0,0,"801374,0871","5819239,04",13.43471661,52.44006491,5131.0,31.0
212169,11,5,5200629.0,2021,6,17,4,3,6,4,0,0,0,1,0,0,1,0,"784067,9001","5827988,34",13.18827307,52.52777798,1456.0,33.0
212168,11,1,1200519.0,2021,5,21,2,3,2,6,2,0,1,0,1,0,0,1,"793834,3524","5828478,183",13.3322618,52.52699296,3556.0,24.0
212167,11,2,2500835.0,2021,6,14,2,2,5,3,0,1,1,0,0,0,0,0,"802559,9321","5825954,416",13.458199,52.4996004,5448.0,32.0
212166,11,3,3100102.0,2021,7,15,2,3,4,6,0,1,0,0,0,0,0,0,"804786,8352","5841412,052",13.50510552,52.6368984,6188.0,29.0
212165,11,1,1100310.0,2021,7,22,6,3,2,6,2,0,1,0,0,0,0,1,"799098,0757","5828993,079",13.41008511,52.52874599,4757.0,21.0
212164,11,1,1400942.0,2021,6,8,6,3,5,2,0,1,1,0,0,0,0,0,"794479,8966","5830670,941",13.34369305,52.54630119,3762.0,29.0
212163,11,8,8301037.0,2021,6,16,5,2,5,2,0,0,1,0,0,0,0,0,"804138,9095","5817812,978",13.47396971,52.42575277,5727.0,29.0
212162,11,4,4200308.0,2021,6,11,2,3,2,6,0,0,1,0,0,0,1,0,"789623,6485","5828391,436",13.27029282,52.52846858,2657.0,31.0
212161,11,4,4400727.0,2021,6,11,3,2,5,3,0,1,1,0,0,0,0,0,"791920,2145","5823992,547",13.300193,52.48780835,3145.0,25.0
212160,11,3,3500934.0,2021,6,11,6,3,1,5,0,0,1,0,0,0,0,0,"800985,3488","5831903,288",13.44045819,52.55379189,5264.0,28.0
212159,11,4,4300620.0,2021,6,8,6,3,5,3,0,1,1,0,0,0,0,0,"794161,8879","5826989,7",13.3357596,52.51347297,3652.0,27.0
212158,11,6,6400737.0,2021,7,13,6,3,5,2,0,1,1,0,0,0,0,0,"784750,2482","5817547,217",13.18938656,52.43380555,1429.0,32.0
212157,11,3,3300514.0,2021,6,9,3,3,5,2,0,1,0,0,0,0,1,0,"800861,144","5836034,929",13.4423801,52.5908927,5275.0,34.0
212156,11,4,4200308.0,2021,6,13,6,3,0,4,0,0,0,1,1,0,0,0,"790339,0182","5827494,895",13.28002575,52.52005051,2854.0,7.0
212155,11,1,1100309.0,2021,6,8,2,3,3,6,0,1,1,0,0,0,0,0,"798452,321","5829048,84",13.40064432,52.52959972,4657.0,7.0
212154,11,7,7601544.0,2021,6,12,4,3,5,2,0,1,1,0,0,0,0,0,"799800,4492","5813978,656",13.40692283,52.3937774,4717.0,20.0
212153,11,2,2200210.0,2021,5,17,2,3,6,7,0,1,0,1,0,0,0,0,"798721,785","5825251,02",13.4011958,52.49540992,4647.0,23.0
212152,11,1,1100310.0,2021,6,6,4,3,5,2,0,0,1,0,0,0,1,1,"799247,2792","5828469,068",13.4118064,52.52396714,4755.0,4.0
212151,11,12,12200414.0,2021,7,11,3,2,2,6,0,0,1,0,1,0,0,0,"792082,6257","5831788,115",13.30942434,52.55760687,3265.0,26.0
212150,11,9,9502043.0,2021,7,11,4,3,6,4,0,0,1,1,0,0,0,1,"810527,1256","5823238,257",13.57266373,52.47078455,7140.0,35.0
212149,11,3,3300413.0,2021,6,15,4,3,0,2,0,1,1,0,0,0,0,0,"803458,6397","5838508,982",13.4828742,52.6116236,5881.0,32.0
212148,11,8,8100314.0,2021,5,14,7,3,2,6,0,1,1,0,0,0,0,0,"801202,814","5823797,988",13.43631809,52.48102256,5143.0,4.0
212147,11,12,12100204.0,2021,6,14,5,3,5,3,0,0,1,0,0,0,0,0,"794958,3395","5832721,513",13.35255022,52.56442404,3867.0,34.0
212146,11,12,12200515.0,2021,6,7,4,2,4,5,0,0,1,0,0,0,0,0,"789636,5329","5834641,368",13.27593598,52.58449295,2773.0,35.0
212145,11,7,7400822.0,2021,7,15,7,3,2,6,0,0,1,0,0,0,0,0,"796818,035","5822183,123",13.3705046,52.46894782,4139.0,23.0
212144,11,2,2300418.0,2021,6,4,3,2,3,6,1,1,1,0,0,0,1,0,"801110,3309","5825028,518",13.43607204,52.49210312,5146.0,24.0
212143,11,4,4500936.0,2021,6,17,7,3,2,6,0,1,1,0,0,0,0,0,"792277,5968","5825355,926",13.30663747,52.49983956,3248.0,17.0
212142,11,7,7400824.0,2021,6,8,4,3,5,3,0,0,1,0,0,0,0,0,"797657,2484","5822020,257",13.38267712,52.46703131,4339.0,15.0
212141,11,9,9401534.0,2021,6,17,3,3,5,3,0,1,1,0,0,0,0,0,"811257,9942","5820190,925",13.58054814,52.44305998,7232.0,25.0
212140,11,7,7100206.0,2021,6,9,2,3,6,4,0,0,0,1,0,0,1,0,"796687,2058","5824705,313",13.3708286,52.49162796,4146.0,21.0
212139,11,2,2500832.0,2021,6,18,1,3,0,1,0,1,0,0,0,0,0,0,"803195,4728","5826829,97",13.46832998,52.50709513,5650.0,29.0
212138,11,6,6300631.0,2021,7,12,1,3,1,5,0,0,1,0,0,0,0,0,"791926,4078","5816384,031",13.29363256,52.41959494,3025.0,33.0
212137,11,12,12200412.0,2021,6,14,7,3,1,5,0,1,1,0,0,0,0,0,"789813,399","5833577,622",13.27760909,52.57486228,2770.0,31.0
212136,11,1,1100102.0,2021,5,8,4,3,5,3,0,1,1,0,0,0,0,0,"796936,083","5826779,594",13.37633301,52.51008642,4251.0,5.0
212135,11,11,11300721.0,2021,7,15,5,2,4,1,0,0,0,0,1,0,1,1,"804621,0263","5829088,811",13.49133714,52.52654604,5956.0,30.0
212134,11,4,4501042.0,2021,7,20,4,3,2,6,0,0,1,0,0,0,0,0,"793692,8746","5825808,119",13.32782557,52.50313341,3549.0,22.0
212133,11,10,10300733.0,2021,7,11,5,3,0,1,0,0,1,0,1,0,0,0,"809491,8521","5827233,032",13.56118109,52.50717214,6950.0,32.0
212132,11,2,2400624.0,2021,6,15,5,3,5,2,0,0,0,0,1,0,1,0,"801728,505","5827427,108",13.44732285,52.5132606,5352.0,22.0
212131,11,12,12100205.0,2021,5,16,1,3,1,5,0,0,1,0,1,0,0,0,"795452,3337","5834179,742",13.36111598,52.57722781,4071.0,32.0
212130,11,3,3400828.0,2021,6,7,6,3,5,2,0,1,1,0,0,0,0,0,"800081,5578","5832606,311",13.42780342,52.56059195,5066.0,31.0
212129,11,12,12200515.0,2021,6,12,5,3,6,4,0,0,1,1,0,0,0,0,"789948,8212","5834903,576",13.28076178,52.58667728,2874.0,34.0
212128,11,9,9200717.0,2021,6,7,3,3,5,3,0,1,1,0,0,0,0,0,"809207,9977","5819503,056",13.54984713,52.43805834,6830.0,30.0
212127,11,3,3400828.0,2021,6,8,2,3,1,7,0,1,1,0,0,0,0,0,"799878,1623","5832102,975",13.42435721,52.55619247,4965.0,34.0
212126,11,1,1200628.0,2021,5,21,5,2,5,3,2,1,1,0,0,0,0,0,"795699,3488","5828171,642",13.3594003,52.52323673,3955.0,24.0
212125,11,5,5300737.0,2021,6,15,4,3,3,6,0,0,1,0,0,0,1,0,"786983,5194","5829578,561",13.23250705,52.5405082,2160.0,29.0
212124,11,2,2500835.0,2021,5,19,1,3,5,2,0,0,1,0,0,0,0,1,"802444,9573","5826260,547",13.45678844,52.50240798,5449.0,28.0
212123,11,4,4501152.0,2021,6,10,2,3,3,6,0,1,1,0,0,0,0,0,"793965,0381","5824905,873",13.33102734,52.49489867,3547.0,16.0
212122,11,3,3601450.0,2021,7,11,2,3,5,2,0,1,1,0,0,0,0,1,"802343,232","5829202,163",13.45796726,52.52882994,5457.0,19.0
212121,11,2,2100101.0,2021,6,16,5,3,2,7,0,1,1,0,0,0,0,0,"797633,0539","5825658,455",13.38557027,52.4996569,4348.0,26.0
212120,11,2,2100102.0,2021,7,18,6,3,5,2,0,0,1,0,1,0,0,0,"798332,006","5825556,781",13.39574524,52.49836387,4548.0,2.0
212119,11,2,2200213.0,2021,7,23,5,3,1,5,2,1,1,0,0,0,0,0,"800095,177","5824976,074",13.42111762,52.49219208,4946.0,25.0
212118,11,3,3500936.0,2021,6,9,6,3,6,4,0,1,0,1,0,0,0,0,"801975,393","5831201,442",13.45437822,52.54695329,5462.0,33.0
212117,11,5,5100316.0,2021,6,21,5,3,6,7,1,1,0,1,0,0,0,0,"783942,8005","5828983,868",13.18728441,52.53676919,1459.0,26.0
212116,11,9,9200715.0,2021,6,16,2,3,5,2,0,0,1,0,1,0,0,0,"808250,9345","5818800,634",13.53516474,52.43230337,6628.0,34.0
212115,11,11,11400930.0,2021,5,18,2,3,2,6,0,0,0,0,1,0,1,0,"806126,2519","5826691,059",13.51124971,52.50421365,6249.0,29.0
212114,11,4,4300412.0,2021,6,19,6,3,1,5,0,0,1,0,1,0,1,0,"791472,5039","5827488,506",13.29667845,52.51938855,3054.0,27.0
212113,11,2,2100102.0,2021,6,17,6,3,5,3,0,1,1,0,0,0,0,0,"797972,7498","5826184,728",13.39103059,52.50418892,4449.0,27.0
212112,11,6,6300527.0,2021,6,14,3,3,5,2,0,0,1,0,1,0,0,0,"790009,699","5817502,068",13.26649622,52.43063763,2628.0,33.0
212111,11,4,4200310.0,2021,6,14,6,3,5,2,0,0,1,0,1,0,0,0,"790072,5766","5826668,065",13.27538901,52.51277967,2752.0,32.0
212110,11,1,1100308.0,2021,5,15,6,3,5,3,0,1,1,0,0,0,0,1,"796966,7708","5828844,659",13.37862737,52.52858078,4257.0,21.0
212109,11,2,2200211.0,2021,6,12,4,3,0,7,0,0,1,1,0,0,0,0,"798176,5355","5824306,467",13.39234283,52.48724131,4445.0,25.0
212108,11,7,7100205.0,2021,7,17,1,3,5,7,0,0,1,0,0,0,1,0,"796112,6078","5825327,35",13.36294315,52.49751598,4048.0,16.0
212107,11,12,12200412.0,2021,5,12,3,2,0,7,0,0,1,0,1,0,0,1,"788625,418","5833054,399",13.25967202,52.57080281,2569.0,31.0
212106,11,1,1100313.0,2021,6,13,3,3,6,4,0,1,0,1,0,0,0,1,"799764,5658","5827143,15",13.41821345,52.51179823,4852.0,22.0
212105,11,3,3701556.0,2021,7,16,3,3,3,6,0,1,0,0,0,0,0,0,"799729,6778","5829370,922",13.41970842,52.53178584,4858.0,33.0
212104,11,11,11100204.0,2021,7,13,7,3,5,3,0,1,1,0,0,0,0,0,"806401,1214","5833726,196",13.52177245,52.56710947,6468.0,31.0
212103,11,9,9200715.0,2021,6,16,2,3,5,2,0,1,1,0,0,0,0,0,"809345,0207","5818502,402",13.55093066,52.42901307,6827.0,27.0
212102,11,5,5100211.0,2021,6,7,6,3,6,4,0,0,0,1,0,0,1,0,"781096,4916","5829817,175",13.14613524,52.54571676,862.0,35.0
212101,11,2,2100104.0,2021,6,21,3,3,0,2,1,1,1,0,0,0,0,0,"799488,5414","5826137,255",13.41325331,52.50293352,4849.0,21.0
212100,11,4,4500936.0,2021,6,8,3,2,0,1,0,1,0,0,0,0,0,0,"792073,5293","5825583,333",13.30383926,52.50198748,3149.0,22.0
212099,11,2,2300314.0,2021,6,0,7,3,4,6,2,0,1,0,0,0,0,0,"799810,5414","5826016,589",13.41787433,52.50167511,4849.0,21.0
212098,11,3,3601142.0,2021,6,15,7,3,5,3,0,1,1,0,0,0,0,0,"798877,8411","5830403,251",13.40811643,52.54150689,4760.0,17.0
212097,11,4,4100101.0,2021,7,16,6,3,5,2,0,0,1,0,0,0,1,0,"793340,975","5829718,481",13.32610463,52.53837732,3559.0,17.0
212096,11,2,2100102.0,2021,6,15,4,2,5,2,0,0,1,0,1,0,0,0,"798368,4456","5826335,534",13.3969782,52.50532446,4550.0,14.0
212095,11,4,4501148.0,2021,6,13,6,3,5,7,0,0,0,0,1,0,1,0,"793330,0464","5823364,97",13.32034457,52.48142668,3443.0,32.0
212094,11,9,9100407.0,2021,6,8,2,3,5,3,0,0,1,0,0,0,0,0,"805827,5401","5820152,305",13.50086702,52.44577795,6132.0,33.0
212093,11,7,7200411.0,2021,5,16,4,3,0,6,0,0,1,0,0,0,1,0,"796030,5211","5824079,676",13.36062896,52.48637618,4044.0,33.0
212092,11,3,3601346.0,2021,6,9,4,3,5,2,0,1,0,0,0,0,1,1,"799493,2359","5830939,218",13.41764675,52.54597309,4862.0,22.0
212091,11,1,1400938.0,2021,7,15,2,2,5,3,0,0,1,0,0,0,1,0,"793963,026","5830161,076",13.33564154,52.54200972,3661.0,28.0
212090,11,4,4300620.0,2021,7,20,4,3,2,2,0,0,1,0,1,0,0,0,"794160,1658","5827008,841",13.33575122,52.51364549,3652.0,27.0
212089,11,3,3701555.0,2021,6,14,4,3,4,6,0,1,0,0,1,0,0,0,"799554,1469","5830242,763",13.4179143,52.539697,4860.0,25.0
212088,11,2,2500833.0,2021,6,20,3,2,0,1,0,1,0,0,0,0,0,0,"802676,0679","5826986,529",13.46084285,52.50878676,5551.0,9.0
212087,11,12,12200309.0,2021,6,17,6,3,6,4,0,1,0,1,0,0,0,0,"793307,2386","5832560,187",13.32811893,52.56386986,3567.0,8.0
212086,11,2,2400521.0,2021,6,18,2,3,2,6,0,0,1,0,0,0,0,0,"801222,792","5828649,166",13.44099977,52.52449361,5255.0,33.0
212085,11,12,12200310.0,2021,5,21,5,3,5,3,1,0,1,0,0,0,0,1,"792285,3482","5833928,367",13.31429197,52.57668461,3371.0,28.0
212084,11,12,12200309.0,2021,6,17,4,3,5,2,0,1,1,0,0,0,0,0,"792669,6875","5832785,781",13.31893916,52.5662353,3368.0,32.0
212083,11,7,7300619.0,2021,7,14,1,3,2,6,0,0,1,0,0,0,0,0,"795391,2005","5821024,627",13.34853564,52.45933604,3836.0,27.0
212082,11,11,11200411.0,2021,5,18,1,2,5,2,0,1,0,0,0,0,1,0,"805631,0066","5831605,383",13.5084928,52.5485351,6262.0,30.0
212081,11,6,6400843.0,2021,6,15,3,3,1,5,0,1,1,0,0,0,0,0,"791236,4632","5819721,488",13.28642325,52.44988329,2934.0,32.0
212080,11,7,7601442.0,2021,7,16,3,3,2,6,0,0,1,0,0,0,0,0,"799257,089","5816263,337",13.4010027,52.41455397,4623.0,18.0
212079,11,10,10400940.0,2021,7,14,6,3,0,2,0,0,1,0,1,0,0,0,"812767,2047","5825660,879",13.60780704,52.49121622,7646.0,35.0
212078,11,5,5200528.0,2021,6,11,2,3,5,3,0,1,1,0,0,0,0,0,"783232,5034","5826382,931",13.17462455,52.51381813,1252.0,34.0
212077,11,2,2200210.0,2021,6,21,6,3,0,3,0,1,1,0,0,0,0,0,"798850,3772","5825111,956",13.40295958,52.49409301,4647.0,23.0
212076,11,3,3500936.0,2021,6,19,5,3,5,3,0,1,1,0,0,0,0,0,"802075,8788","5831353,968",13.45599432,52.54826466,5462.0,33.0
212075,11,1,1300730.0,2021,6,19,3,3,5,7,0,0,1,0,1,0,0,0,"796636,6728","5832356,231",13.37691163,52.56023787,4266.0,33.0
212074,11,1,1100308.0,2021,6,12,3,2,3,6,0,1,1,0,0,0,0,0,"797140,8937","5829214,932",13.38151752,52.53180496,4358.0,24.0
212073,11,11,11401137.0,2021,6,15,1,3,1,5,0,0,1,0,0,0,0,0,"806775,7591","5825678,113",13.51985589,52.49477064,6347.0,34.0
212072,11,1,1100309.0,2021,6,20,7,3,0,6,1,1,1,0,0,0,0,0,"798406,1491","5828440,453",13.39941972,52.52417164,4555.0,32.0
212071,11,1,1401048.0,2021,7,18,7,3,6,7,0,1,0,1,0,0,0,0,"795154,0656","5831277,707",13.35414543,52.55137551,3963.0,29.0
212070,11,7,7100101.0,2021,6,9,4,3,1,5,0,0,1,0,0,0,1,0,"794595,4294","5825230,78",13.3405734,52.49747138,3748.0,25.0
212069,11,11,11200512.0,2021,6,14,6,3,5,2,0,1,0,0,0,0,1,0,"802919,7774","5831214,381",13.46827447,52.54654499,5662.0,28.0
212068,11,2,2100102.0,2021,6,8,4,3,5,2,0,1,1,0,0,0,0,0,"798453,3364","5826533,154",13.39840237,52.50704944,4550.0,14.0
212067,11,4,4501042.0,2021,5,14,3,3,5,7,0,1,1,0,0,0,0,1,"794389,9534","5825708,635",13.33797774,52.50186595,3649.0,19.0
212066,11,10,10400938.0,2021,6,10,4,3,2,2,0,0,0,0,0,1,1,1,"813001,6963","5828495,254",13.61391376,52.51648078,7753.0,34.0
212065,11,10,10300731.0,2021,7,9,2,3,5,3,0,0,1,0,0,0,0,0,"808747,4168","5828184,341",13.55112999,52.51611937,6853.0,35.0
212064,11,6,6300524.0,2021,7,18,4,3,5,3,0,1,0,0,0,0,0,0,"787438,9286","5816274,021",13.22773311,52.42098404,2025.0,35.0
212063,11,1,1100102.0,2021,6,14,4,3,5,3,0,1,1,0,0,0,0,0,"795293,4545","5827357,456",13.35271235,52.51615818,3953.0,32.0
212062,11,3,3100103.0,2021,5,11,7,3,5,3,0,1,1,0,0,0,0,0,"804362,4649","5840421,901",13.49794192,52.62826241,6086.0,31.0
212061,11,4,4501045.0,2021,6,9,5,2,6,4,0,0,1,1,0,0,0,0,"793507,5016","5825218,68",13.32458289,52.4979491,3448.0,24.0
212060,11,12,12200412.0,2021,6,15,4,3,5,2,0,0,1,0,0,0,1,0,"791832,6711","5833974,466",13.30767134,52.57734081,3271.0,33.0
212059,11,2,2500726.0,2021,6,17,3,3,2,2,0,1,1,0,0,0,0,0,"801863,1718","5828440,948",13.45022115,52.52227319,5355.0,27.0
212058,11,11,11401034.0,2021,6,14,7,3,5,3,0,1,1,0,0,0,0,0,"807405,0153","5827437,274",13.53071946,52.51018237,6551.0,35.0
212057,11,4,4200311.0,2021,6,15,3,3,0,1,0,0,0,0,1,0,0,0,"790424,6445","5825950,566",13.27993636,52.50615989,2850.0,20.0
212056,11,10,10200420.0,2021,6,12,4,3,5,3,0,1,1,0,0,0,0,0,"811854,8455","5831272,169",13.59967207,52.54202217,7561.0,34.0
212055,11,11,11200514.0,2021,6,8,2,3,0,1,0,1,0,0,0,0,0,0,"803358,6276","5830082,687",13.47369305,52.53615777,5659.0,28.0
212054,11,4,4300518.0,2021,6,2,1,3,5,3,2,0,1,0,0,0,0,0,"792076,7605","5828222,656",13.30620338,52.52564671,3256.0,34.0
212053,11,10,10100102.0,2021,7,12,7,3,5,2,0,1,1,0,0,0,0,0,"809483,3951","5834643,1",13.56795885,52.57358294,7170.0,34.0
212052,11,3,3500936.0,2021,6,17,1,3,2,7,0,0,1,0,1,0,0,0,"802643,9899","5831597,211",13.46456872,52.5501295,5563.0,27.0
212051,11,8,8100206.0,2021,6,11,1,3,6,4,0,0,1,1,0,0,0,0,"800944,0553","5823674,038",13.43240743,52.48005422,5042.0,30.0
212050,11,8,8100103.0,2021,5,21,4,3,2,6,2,0,1,0,0,0,0,0,"800634,4012","5823082,501",13.42732827,52.47492261,5041.0,23.0
212049,11,4,4501045.0,2021,7,14,5,3,0,7,0,1,0,0,0,0,0,1,"794429,8845","5825438,3",13.33832531,52.49942101,3648.0,28.0
212048,11,9,9501939.0,2021,7,7,3,2,5,2,0,1,1,0,0,0,0,0,"810939,1221","5821589,149",13.57717329,52.45577167,7235.0,28.0
212047,11,10,10400939.0,2021,7,15,5,3,5,3,0,0,1,0,0,0,0,0,"813016,8031","5827639,415",13.61333074,52.50880293,7751.0,32.0
212046,11,1,1200517.0,2021,6,9,5,2,0,1,0,1,0,0,0,0,0,0,"794579,194","5829726,416",13.34431562,52.53778054,3759.0,34.0
212045,11,8,8100207.0,2021,5,16,2,3,2,6,0,0,1,0,1,0,0,0,"801022,3832","5823501,27",13.43340135,52.47846248,5142.0,24.0
212044,11,12,12500928.0,2021,6,7,6,3,2,6,0,0,1,0,1,0,0,0,"792512,401","5837613,429",13.32088756,52.60959733,3480.0,27.0
212043,11,8,8100102.0,2021,6,13,5,3,1,5,0,1,1,0,0,0,0,1,"800463,8161","5823635,277",13.42532231,52.47997122,4942.0,9.0
212042,11,12,12200515.0,2021,6,12,3,3,5,3,0,0,1,0,0,0,0,0,"790275,5435","5835517,881",13.28610906,52.59201023,2975.0,28.0
212041,11,1,1200628.0,2021,6,19,2,3,5,2,0,1,1,0,0,0,0,0,"795519,788","5828199,137",13.35678584,52.52358055,3955.0,24.0
212040,11,10,11300721.0,2021,5,12,5,3,2,6,0,0,1,0,0,0,1,0,"806291,1748","5830171,687",13.5168766,52.53531531,6359.0,19.0
212039,11,9,9300920.0,2021,6,11,4,2,5,2,0,1,1,0,0,0,0,0,"808091,9096","5816922,276",13.53110319,52.41555878,6524.0,32.0
212038,11,4,4200308.0,2021,5,12,2,3,3,6,0,0,1,0,0,0,0,0,"789799,4729","5827393,444",13.27200772,52.51942799,2754.0,26.0
212037,11,3,3601142.0,2021,6,17,3,3,0,2,0,1,1,0,0,0,0,1,"799151,3472","5830837,45",13.41252836,52.54524873,4761.0,25.0
212036,11,4,4501041.0,2021,7,9,2,3,0,5,0,0,1,0,0,0,1,1,"793289,4425","5825454,285",13.32158739,52.50017843,3448.0,24.0
212035,11,8,8100520.0,2021,6,15,5,3,5,3,0,1,1,0,0,0,0,0,"803216,9492","5822727,135",13.46491255,52.47030999,5540.0,27.0
212034,11,6,6200421.0,2021,7,17,6,3,3,6,0,0,1,0,0,0,1,0,"793724,2081","5817616,128",13.32107499,52.42967844,3428.0,32.0
212033,11,1,1401045.0,2021,7,12,6,3,5,2,0,0,1,0,0,0,0,1,"796673,3935","5831929,769",13.37707053,52.55639513,4265.0,16.0