ObjectID,State,District,LOR_ab_2021,AccidentYear,AccidentMonth,AccidentHour,DayOfWeek,AccidentCategory,AccidentType,AccidentTypeDetail,LightingCondition,InvolvingBike,InvolvingCar,InvolvingPedestrian,InvolvingMotorcycle,InvolvingHGV,InvolvingOther,RoadCondition,GraphicCoord1,GraphicCoord2,LongitudeWGS84,LatitudeWGS84,quadrant,quadrant_rank
211679,11,6,6100205.0,2021,5,18,4,3,5,3,0,0,1,0,0,0,0,0,"795530,1703","5819894,941",13.34957527,52.44913401,3833.0,31.0
211678,11,4,4300416.0,2021,4,2,7,3,2,6,2,1,1,0,0,0,0,0,"791804,1861","5825894,688",13.30015538,52.50492285,3150.0,16.0
211677,11,2,2300314.0,2021,3,8,3,3,5,2,0,1,1,0,0,0,0,0,"800285,2009","5826091,69",13.42491378,52.50208727,4949.0,25.0
211676,11,5,5300840.0,2021,5,5,2,2,5,2,1,1,1,0,0,0,0,1,"790058,6026","5829166,396",13.27736274,52.5351849,2759.0,31.0
211675,11,4,4300416.0,2021,5,7,4,2,5,3,0,1,1,0,0,0,0,0,"791830,8976","5826109,919",13.30073648,52.50683807,3150.0,16.0
211674,11,8,8401241.0,2021,4,8,4,2,0,1,0,1,0,0,0,0,0,0,"803843,3175","5818864,747",13.47059148,52.43534392,5629.0,32.0
211673,11,7,7100205.0,2021,3,9,4,3,0,2,0,0,0,0,0,0,1,0,"796046,354","5825344,573",13.36198534,52.49770631,4048.0,16.0
211672,11,11,11100204.0,2021,5,16,7,3,6,7,0,1,0,1,0,0,0,0,"805940,1718","5833720,126",13.51498728,52.5673143,6368.0,28.0
211671,11,6,6200420.0,2021,4,13,1,3,3,6,0,1,1,0,0,0,0,0,"793058,2524","5816619,253",13.31043464,52.42109875,3225.0,31.0
211670,11,3,3400619.0,2021,5,8,2,3,5,7,0,0,1,0,0,0,0,0,"795357,6016","5835082,753",13.36052676,52.58537385,4073.0,33.0
211669,11,3,3601142.0,2021,5,12,2,3,0,7,0,0,1,0,0,0,1,0,"799162,6143","5831006,428",13.41284621,52.54675716,4762.0,23.0
211668,11,1,1100311.0,2021,5,10,6,3,1,5,0,1,1,0,0,0,0,1,"800207,093","5827659,005",13.42518009,52.51617866,4953.0,29.0
211667,11,7,7100102.0,2021,5,10,5,3,2,6,0,0,1,0,0,0,0,0,"794964,3118","5825220,647",13.34598257,52.4971813,3847.0,19.0
211666,11,3,3100102.0,2021,4,13,3,3,5,3,0,0,1,0,0,0,0,0,"804945,8038","5841291,422",13.50733601,52.63572805,6188.0,29.0
211665,11,8,8100209.0,2021,4,12,1,3,2,6,0,0,1,0,0,0,1,1,"801960,5474","5822410,174",13.44618562,52.46816492,5239.0,26.0
211664,11,3,3500933.0,2021,4,11,6,3,5,3,0,0,1,0,0,0,0,0,"802829,5611","5832033,113",13.46769477,52.55393326,5664.0,32.0
211663,11,6,6400737.0,2021,4,13,4,2,5,3,0,0,1,0,0,0,0,0,"785768,8138","5816919,597",13.2037921,52.42764706,1627.0,35.0
211662,11,2,2300315.0,2021,5,17,4,3,5,3,0,0,1,0,1,0,0,0,"800504,0863","5826012,19",13.42805701,52.50125419,5049.0,28.0
211661,11,1,1100310.0,2021,4,12,3,2,1,5,0,1,1,0,0,0,0,0,"799069,3587","5828931,532",13.40960769,52.52821006,4756.0,20.0
211660,11,7,7100206.0,2021,3,19,2,2,5,3,0,1,1,0,0,0,0,0,"796869,8266","5824297,634",13.37314729,52.48787424,4245.0,23.0
211659,11,9,9401534.0,2021,4,12,5,3,5,3,0,1,1,0,0,0,0,0,"810885,4949","5820660,769",13.5755225,52.44748242,7233.0,27.0
211658,11,6,6300629.0,2021,3,12,5,3,5,2,0,0,1,0,0,0,0,0,"791751,3033","5819295,966",13.29360595,52.44579397,3032.0,24.0
211657,11,1,1200626.0,2021,5,19,4,3,0,6,0,0,1,0,1,0,0,1,"795142,9674","5828262,815",13.35130439,52.52435548,3855.0,29.0
211656,11,3,3601141.0,2021,5,19,3,3,2,6,0,1,1,0,0,0,0,0,"799193,3441","5831774,93",13.41399048,52.55362871,4864.0,13.0
211655,11,4,4200310.0,2021,4,9,5,3,2,6,0,0,1,0,0,0,1,1,"789786,6698","5826385,158",13.27094141,52.51039534,2651.0,24.0
211654,11,12,12200412.0,2021,5,15,1,3,2,6,0,0,1,0,0,0,0,0,"788628,8514","5833066,611",13.25973317,52.57091047,2569.0,31.0
211653,11,8,8200623.0,2021,4,17,7,3,6,6,0,1,0,1,0,0,0,0,"801606,1467","5820669,737",13.43941182,52.45276072,5134.0,22.0
211652,11,10,10200524.0,2021,5,18,5,3,6,4,0,0,0,1,1,0,0,0,"813444,2626","5830359,177",13.62217121,52.53292906,7958.0,34.0
211651,11,7,7400720.0,2021,4,18,2,3,5,2,0,1,1,0,0,0,0,0,"797392,2355","5823661,568",13.38025093,52.48188827,4343.0,26.0
211650,11,8,8100208.0,2021,3,13,3,3,1,5,0,1,1,0,0,0,0,0,"801311,1709","5822907,949",13.43710469,52.47298514,5140.0,28.0
211649,11,1,1401044.0,2021,4,18,4,2,1,5,0,0,1,0,0,0,1,1,"796148,9272","5831457,732",13.36893601,52.55244926,4164.0,33.0
211648,11,7,7501032.0,2021,5,14,6,2,0,7,0,0,1,0,0,0,0,0,"799988,2399","5820425,423",13.41545502,52.45146109,4834.0,35.0
211647,11,12,12601133.0,2021,4,17,5,3,5,3,0,0,1,0,0,0,0,0,"795732,1172","5837041,346",13.36778735,52.60272708,4178.0,31.0
211646,11,8,8100310.0,2021,3,9,2,3,3,6,0,1,1,0,0,0,0,0,"800564,6287","5825143,715",13.42816257,52.49343641,5046.0,27.0
211645,11,4,4300624.0,2021,4,19,7,3,5,3,0,1,1,0,0,0,0,0,"793352,4692","5826070,589",13.32305618,52.50566947,3450.0,28.0
211644,11,9,9300923.0,2021,3,15,6,2,6,4,0,0,1,1,0,0,0,0,"808962,8849","5815215,832",13.54229453,52.39977463,6719.0,34.0
211643,11,9,9300920.0,2021,5,7,2,2,5,2,0,1,1,0,0,0,0,0,"808075,5021","5816934,102",13.53087359,52.415674,6524.0,32.0
211642,11,3,3601449.0,2021,5,12,5,3,5,7,0,0,1,0,0,0,0,0,"801911,3304","5830333,347",13.4526474,52.53920809,5360.0,32.0
211641,11,2,2100106.0,2021,5,17,4,2,5,3,0,0,1,0,0,0,0,0,"798584,515","5825563,788",13.39946018,52.49828858,4548.0,2.0
211640,11,9,9200510.0,2021,4,14,5,2,6,4,0,0,0,1,1,0,0,0,"806407,7931","5822247,407",13.51130031,52.46423023,6238.0,27.0
211639,11,7,7100102.0,2021,4,11,6,3,5,3,0,1,1,0,0,0,0,0,"795390,5743","5825193,034",13.35221893,52.49670323,3847.0,19.0
211638,11,7,7400721.0,2021,4,19,3,3,1,5,0,0,1,0,0,0,0,0,"797717,0087","5822530,884",13.38400988,52.47157597,4340.0,22.0
211637,11,7,7200409.0,2021,3,9,4,3,2,6,0,1,1,0,0,0,0,0,"795576,4502","5824251,868",13.35411406,52.48816576,3945.0,19.0
211636,11,7,7300517.0,2021,4,21,6,2,5,2,2,1,0,0,1,0,0,0,"794565,5161","5822580,347",13.33779171,52.47372792,3641.0,32.0
211635,11,9,9100305.0,2021,5,17,1,3,1,5,0,0,1,0,0,0,0,0,"804874,1213","5823156,83",13.48962619,52.4732389,5940.0,35.0
211634,11,6,6400737.0,2021,3,17,4,3,1,5,0,1,1,0,0,0,0,0,"785817,0619","5817638,197",13.20511402,52.43406488,1729.0,34.0
211633,11,11,11100308.0,2021,4,10,2,3,1,7,0,0,1,0,0,1,0,0,"804351,7175","5834175,292",13.49204146,52.57228405,5969.0,35.0
211632,11,3,3300516.0,2021,5,12,2,3,5,3,0,0,1,0,0,0,0,0,"800778,799","5833548,648",13.43891222,52.56865355,5168.0,33.0
211631,11,1,1200519.0,2021,5,7,6,3,6,4,0,0,1,1,0,0,0,1,"793748,6035","5828917,531",13.33138964,52.53097769,3557.0,32.0
211630,11,9,9502043.0,2021,5,12,4,2,6,4,0,0,0,1,0,0,1,0,"811155,8513","5822077,607",13.58080779,52.46002567,7237.0,35.0
211629,11,1,1401046.0,2021,5,16,5,3,2,6,0,1,1,0,0,0,0,0,"794617,0368","5829855,854",13.34498673,52.5389204,3760.0,27.0
211628,11,7,7200413.0,2021,4,12,6,3,5,3,0,1,1,0,0,0,0,0,"796273,0414","5823231,042",13.36343594,52.47863736,4042.0,30.0
211627,11,1,1100103.0,2021,4,15,5,2,5,3,0,1,1,0,0,0,0,0,"795385,453","5826006,82",13.35286552,52.50400097,3949.0,25.0
211626,11,10,10100102.0,2021,5,19,3,3,5,3,0,1,1,0,0,0,0,0,"809450,6271","5834611,939",13.56744779,52.57332232,7070.0,34.0
211625,11,3,3601450.0,2021,3,18,2,3,0,6,0,0,0,0,1,0,1,0,"802494,7299","5829266,773",13.46025249,52.52932499,5457.0,19.0
211624,11,7,7100206.0,2021,4,8,5,3,6,4,0,0,1,1,0,0,0,0,"796110,058","5824881,838",13.36250968,52.49352374,4046.0,28.0
211623,11,12,12601235.0,2021,3,11,5,3,5,2,0,1,1,0,0,0,0,0,"795164,2555","5836348,582",13.35880919,52.59682572,3977.0,31.0
211622,11,7,7601238.0,2021,5,15,3,3,5,3,0,0,1,0,0,0,0,0,"798326,6641","5816896,563",13.38792759,52.42073805,4425.0,29.0
211621,11,5,5300735.0,2021,4,17,1,2,0,1,0,0,0,0,1,0,0,0,"786527,8339","5830641,028",13.22672296,52.55027372,2063.0,24.0
211620,11,4,4200311.0,2021,5,12,2,3,2,6,0,0,1,0,0,0,0,0,"790394,973","5825615,548",13.27920821,52.50317221,2849.0,26.0
211619,11,4,4500938.0,2021,4,16,4,3,5,3,0,1,1,0,0,0,0,0,"791434,5973","5824917,816",13.29387069,52.4963628,3047.0,28.0
211618,11,9,9301126.0,2021,3,6,3,3,5,7,0,0,1,0,0,0,1,0,"811307,5457","5817551,931",13.57881812,52.41938226,7225.0,35.0
211617,11,3,3100101.0,2021,4,6,6,3,3,6,0,0,1,0,1,0,1,0,"801538,3154","5839683,097",13.45567002,52.62321573,5484.0,35.0
211616,11,8,8100104.0,2021,5,14,7,3,5,3,0,0,1,0,1,0,0,0,"800844,8889","5822538,093",13.429927,52.46992699,5039.0,22.0
211615,11,2,2300314.0,2021,5,14,7,3,5,2,0,1,1,0,0,0,0,0,"800141,2163","5825758,732",13.42249886,52.49918205,4948.0,21.0
211614,11,9,9200819.0,2021,3,18,3,3,2,6,0,0,1,0,0,0,0,0,"810055,4659","5819450,307",13.56222543,52.43710586,7030.0,26.0
211613,11,8,8100521.0,2021,4,20,2,3,0,1,2,1,0,0,0,0,0,0,"803816,8378","5822121,158",13.47316505,52.46454543,5638.0,31.0
211612,11,7,7300515.0,2021,5,20,2,2,5,2,2,1,0,0,0,0,0,0,"793501,1304","5822489,424",13.32208602,52.47348581,3440.0,28.0
211611,11,3,3100101.0,2021,5,6,5,3,5,3,0,0,1,0,0,0,0,0,"800855,69","5838761,31",13.44477772,52.61533224,5282.0,33.0
211610,11,4,4500936.0,2021,5,8,4,3,1,5,0,1,0,0,0,1,0,0,"792063,1768","5825715,096",13.30380275,52.50317426,3149.0,22.0
211609,11,2,2400623.0,2021,4,14,6,3,5,3,0,1,1,0,0,0,0,0,"800613,2944","5827116,859",13.43065848,52.51109551,5051.0,27.0
211608,11,5,5100316.0,2021,4,13,5,3,5,2,0,1,1,0,0,0,0,1,"784838,222","5829254,063",13.20068223,52.53872447,1660.0,16.0
211607,11,6,6100208.0,2021,4,9,6,3,6,2,0,0,1,1,0,0,0,0,"794335,0981","5820577,777",13.33264288,52.45590006,3635.0,30.0
211606,11,3,3100101.0,2021,5,20,3,2,2,6,0,0,0,0,1,0,0,0,"803857,3249","5841431,15",13.49142984,52.63759046,5988.0,33.0
211605,11,11,11100204.0,2021,4,16,4,3,5,3,0,1,1,0,0,0,0,0,"806641,1306","5832913,114",13.52455102,52.55968746,6466.0,34.0
211604,11,3,3200205.0,2021,3,7,4,3,0,3,0,1,0,0,0,0,0,0,"797419,9991","5835029,425",13.39083032,52.58377227,4473.0,30.0
211603,11,6,6200422.0,2021,5,11,3,3,5,3,0,0,1,0,0,0,0,0,"794483,9081","5816586,577",13.33131018,52.42004052,3525.0,35.0
211602,11,2,2500833.0,2021,4,19,2,3,5,3,0,1,1,0,0,0,0,0,"802855,1533","5826929,195",13.46342135,52.50817349,5551.0,9.0
211601,11,8,8401241.0,2021,5,16,2,3,0,1,0,0,0,0,1,0,0,0,"805178,8864","5818515,689",13.48985837,52.43147192,5928.0,35.0
211600,11,1,1400938.0,2021,5,23,2,3,1,5,2,0,1,0,0,0,0,0,"794376,2963","5830522,858",13.34203843,52.54502973,3761.0,32.0
211599,11,2,2500833.0,2021,5,20,6,3,2,6,0,1,1,0,0,0,0,1,"802634,3477","5827000,03",13.46024228,52.50893091,5451.0,17.0
211598,11,4,4300624.0,2021,5,16,5,3,5,2,0,1,1,0,0,0,0,0,"792857,1934","5826090,307",13.31579729,52.50611231,3350.0,18.0
211597,11,1,1100312.0,2021,4,8,2,3,0,6,0,1,1,0,0,0,0,1,"799708,8277","5827296,176",13.41753239,52.5132005,4852.0,22.0
211596,11,1,1401049.0,2021,4,17,5,3,5,2,0,0,1,0,0,0,0,0,"795901,897","5831931,811",13.36572578,52.55683316,4065.0,5.0
211595,11,12,12200412.0,2021,5,14,4,3,3,6,0,0,1,0,1,0,0,0,"791112,1445","5833942,748",13.29704053,52.5774424,3071.0,21.0
211594,11,12,12500929.0,2021,4,13,3,3,5,2,0,0,1,0,1,0,0,0,"793479,0954","5838662,114",13.33605319,52.61847695,3683.0,35.0
211593,11,5,5300735.0,2021,3,15,1,3,5,2,0,0,1,0,0,0,0,0,"786565,7245","5830552,436",13.22720379,52.54945951,2063.0,24.0
211592,11,3,3200308.0,2021,4,7,5,2,6,4,1,0,1,1,0,0,0,0,"798850,1502","5837921,388",13.4144856,52.60891033,4880.0,35.0
211591,11,10,10100209.0,2021,3,11,5,3,2,6,0,0,1,0,0,0,0,0,"809978,5062","5832083,168",13.57285013,52.55036053,7163.0,32.0
211590,11,12,12100206.0,2021,5,9,4,3,5,3,0,0,1,0,0,0,0,0,"794442,4669","5833796,913",13.34591626,52.5743434,3770.0,35.0
211589,11,3,3701555.0,2021,5,11,3,3,0,6,0,1,1,0,0,0,0,1,"799355,0143","5830145,186",13.414899,52.53893181,4860.0,25.0
211588,11,5,5400943.0,2021,4,7,5,3,0,3,0,0,1,0,1,0,0,1,"780783,8618","5820419,579",13.13361158,52.46161224,637.0,35.0
211587,11,8,8200726.0,2021,5,14,1,3,2,7,0,0,1,0,0,0,0,0,"802574,796","5819932,361",13.45295499,52.44561625,5332.0,30.0
211586,11,2,2100102.0,2021,4,11,2,3,5,3,0,0,1,0,0,0,0,1,"798181,1114","5826513,326",13.39438557,52.50702055,4550.0,14.0
211585,11,10,10300731.0,2021,5,9,6,3,0,3,0,1,1,0,0,0,0,0,"809637,4912","5829700,862",13.56561682,52.52920528,7057.0,32.0
211584,11,8,8300934.0,2021,4,15,3,3,2,6,0,0,1,0,0,0,0,0,"803492,5939","5818202,486",13.46484703,52.42960278,5528.0,31.0
211583,11,9,9100304.0,2021,3,13,3,3,5,2,0,0,1,0,0,0,1,0,"804658,1715","5822148,069",13.48553559,52.46431819,5838.0,26.0
211582,11,5,5300736.0,2021,4,4,3,2,9,1,2,0,1,0,0,0,0,0,"785966,1705","5829222,343",13.21724059,52.53784931,1859.0,27.0
211581,11,2,2200212.0,2021,5,17,6,3,3,6,0,0,1,0,1,0,0,0,"799300,5541","5824562,138",13.40907684,52.48891801,4745.0,32.0
211580,11,11,11501341.0,2021,4,13,4,2,0,7,0,0,1,0,0,0,0,0,"807244,5907","5824185,306",13.52536383,52.48112819,6443.0,27.0
211579,11,2,2200209.0,2021,3,18,3,3,5,2,0,1,1,0,0,0,0,0,"796816,5557","5823974,873",13.37207762,52.48500996,4144.0,28.0
211578,11,6,6300629.0,2021,4,13,6,2,2,6,0,0,1,0,1,0,0,0,"792126,816","5819547,881",13.29933565,52.44785187,3133.0,31.0
211577,11,1,1300732.0,2021,3,11,7,3,2,6,0,0,1,0,0,0,0,1,"797318,9467","5832315,888",13.38691049,52.55950415,4466.0,28.0
211576,11,1,1100310.0,2021,5,10,2,3,2,6,0,0,1,0,0,0,0,0,"799177,9284","5827592,492",13.40999887,52.51614799,4753.0,15.0
211575,11,2,2200210.0,2021,5,17,5,3,5,2,0,1,1,0,0,0,0,1,"798288,3621","5825472,037",13.39502834,52.4976281,4548.0,2.0
211574,11,12,12200412.0,2021,5,19,4,3,5,7,0,0,1,0,0,1,1,0,"791185,4824","5834208,991",13.29835361,52.57978996,3072.0,31.0
211573,11,1,1100207.0,2021,4,18,6,3,5,3,0,0,1,0,0,0,0,0,"798021,5577","5826590,019",13.39211035,52.50779519,4451.0,13.0
211572,11,6,6400844.0,2021,5,14,7,3,5,3,0,0,1,0,0,0,0,0,"791185,246","5820067,926",13.28597377,52.45301643,2935.0,34.0
211571,11,4,4300623.0,2021,4,13,4,2,5,5,0,0,1,0,1,0,0,0,"792728,9021","5826173,711",13.31398584,52.50692885,3350.0,18.0
211570,11,7,7601544.0,2021,3,12,4,3,1,5,0,0,1,0,0,0,1,0,"799988,4794","5813243,746",13.40902018,52.38708693,4715.0,30.0
211569,11,2,2400625.0,2021,4,13,5,3,5,3,0,1,1,0,0,0,0,0,"801467,1492","5827266,505",13.44333771,52.51196561,5252.0,30.0
211568,11,3,3601142.0,2021,5,9,7,3,5,2,0,1,1,0,0,0,0,0,"799135,8157","5830601,412",13.41208744,52.54314154,4761.0,25.0
211567,11,11,11300620.0,2021,5,18,7,3,5,3,0,0,1,0,0,0,0,1,"804220,9808","5829078,515",13.4854491,52.52667713,5856.0,29.0
211566,11,4,4200310.0,2021,4,12,2,3,6,4,0,0,0,1,0,1,0,0,"789112,878","5826963,65",13.26154339,52.51593923,2553.0,24.0
211565,11,5,5200630.0,2021,5,17,3,2,6,2,0,0,1,1,0,0,0,0,"784696,3146","5827631,427",13.19720578,52.52425006,1555.0,28.0
211564,11,1,1200522.0,2021,5,23,6,3,0,2,2,1,1,0,0,0,0,0,"794316,1346","5828380,212",13.3392563,52.52585483,3756.0,11.0
211563,11,11,11501340.0,2021,5,17,4,3,0,3,0,0,1,0,0,0,1,0,"807719,199","5825393,705",13.53344612,52.49169072,6546.0,34.0
211562,11,1,1300835.0,2021,4,20,4,3,0,1,2,0,0,0,1,0,0,0,"797684,5792","5829635,104",13.38988524,52.53527464,4459.0,29.0
211561,11,12,12200411.0,2021,4,18,1,3,2,6,0,0,1,0,0,0,0,1,"792919,822","5832171,963",13.32207709,52.5605982,3466.0,23.0
211560,11,1,1100206.0,2021,3,14,4,3,0,1,0,1,0,0,0,0,0,0,"798228,9018","5827933,277",13.39636016,52.51972246,4554.0,32.0
211559,11,2,2300419.0,2021,5,11,3,3,1,5,0,1,0,0,0,1,0,0,"801400,3962","5825811,048",13.44103945,52.49895701,5248.0,18.0
211558,11,5,5200526.0,2021,3,11,1,2,6,4,0,0,1,1,0,0,0,0,"782179,2692","5827218,948",13.15985439,52.52186019,1055.0,32.0
211557,11,8,8100208.0,2021,4,12,5,3,3,6,0,0,1,0,1,0,0,0,"801645,2681","5822562,106",13.44169584,52.46970088,5239.0,26.0
211556,11,3,3100101.0,2021,3,8,5,3,5,2,0,0,1,0,0,0,1,0,"803011,2345","5842058,66",13.47954076,52.64368729,5790.0,33.0
211555,11,4,4501043.0,2021,5,8,3,3,3,6,0,0,1,0,1,0,0,0,"792642,458","5825123,139",13.31179254,52.49755715,3248.0,17.0
211554,11,12,12500824.0,2021,4,10,2,3,5,2,0,1,0,0,0,0,1,0,"790679,4598","5835379,04",13.29193313,52.59054982,2975.0,28.0
211553,11,1,1100101.0,2021,5,8,2,3,5,2,0,0,0,0,0,0,1,0,"794595,0926","5826092,445",13.34133073,52.50519585,3750.0,15.0
211552,11,4,4400726.0,2021,4,19,4,2,5,2,0,1,1,0,0,0,0,0,"790852,4825","5823807,721",13.2843511,52.48672128,2844.0,30.0
211551,11,3,3400721.0,2021,5,13,7,3,6,7,0,1,0,1,0,0,0,0,"798026,5255","5833258,957",13.39816443,52.56757065,4568.0,28.0
211550,11,3,3601347.0,2021,5,13,5,3,5,3,0,0,1,0,0,0,0,0,"799480,6922","5830651,651",13.41720305,52.54340241,4861.0,30.0
211549,11,12,12400722.0,2021,4,11,3,3,6,7,0,1,0,1,0,0,0,0,"791617,3638","5838233,947",13.30825408,52.61564096,3282.0,33.0
211548,11,4,4200311.0,2021,4,14,6,3,5,2,0,0,1,0,0,0,0,0,"790395,3001","5825654,182",13.27924671,52.5035184,2849.0,26.0
211547,11,6,6400839.0,2021,4,13,4,3,5,3,0,0,1,0,0,0,0,0,"789184,0622","5818568,049",13.25530839,52.44063175,2431.0,35.0
211546,11,4,4200308.0,2021,5,13,4,3,2,6,0,0,1,0,1,0,0,0,"790411,2711","5827311,184",13.28092725,52.51836505,2854.0,7.0
211545,11,2,2500728.0,2021,4,13,3,3,6,4,0,0,1,1,0,0,0,0,"802937,0536","5827843,192",13.46545637,52.51632005,5553.0,25.0
211544,11,1,1200625.0,2021,3,15,3,3,2,7,0,0,1,0,0,0,1,0,"795105,99","5828774,852",13.35121537,52.52896551,3857.0,32.0
211543,11,2,2200211.0,2021,4,16,5,3,5,3,0,1,0,0,0,0,0,0,"798574,3371","5824514,73",13.39837056,52.48889072,4545.0,32.0
211542,11,12,12601235.0,2021,3,17,7,3,6,4,0,0,1,1,0,0,0,0,"795113,8456","5836341,201",13.35806053,52.59678691,3977.0,31.0
211541,11,11,11501238.0,2021,5,16,4,3,2,6,0,0,1,0,0,0,0,0,"805608,4651","5824292,463",13.50144479,52.48300665,6143.0,32.0
211540,11,3,3500934.0,2021,5,15,3,3,6,2,0,0,1,1,0,0,0,0,"801068,4322","5831436,692",13.44125684,52.54956383,5263.0,26.0
211539,11,2,2200212.0,2021,4,6,6,3,6,4,0,1,0,1,0,0,0,0,"799222,6299","5824586,469",13.40795446,52.48917882,4745.0,32.0
211538,11,6,6400843.0,2021,4,7,3,2,5,3,0,1,1,0,0,0,0,0,"791203,6634","5819702,451",13.28592537,52.4497301,2934.0,32.0
211537,11,8,8401242.0,2021,5,7,7,3,5,3,0,0,1,0,0,0,0,1,"804454,6008","5816943,35",13.4778069,52.41778287,5724.0,33.0
211536,11,1,1400942.0,2021,4,10,4,3,5,7,0,1,1,0,0,0,0,0,"794480,7581","5830671,779",13.34370646,52.54630824,3762.0,29.0
211535,11,1,1100309.0,2021,3,18,2,3,0,7,0,1,0,0,0,0,0,0,"798630,389","5828380,884",13.40266161,52.52351492,4655.0,17.0
211534,11,12,12100205.0,2021,4,10,5,3,5,3,0,0,1,0,0,0,0,1,"794503,8382","5834749,328",13.34766538,52.58284782,3872.0,35.0
211533,11,9,9502043.0,2021,5,13,7,2,5,2,0,1,1,0,0,0,0,0,"810991,5924","5821981,77",13.5783087,52.45926031,7236.0,24.0
211532,11,7,7601546.0,2021,5,14,6,3,5,3,0,0,1,0,0,0,1,0,"798379,7769","5813628,995",13.38579489,52.39141872,4316.0,35.0
211531,11,4,4400727.0,2021,4,17,1,3,1,5,0,1,1,0,0,0,0,1,"790926,5257","5823503,475",13.28517291,52.48395424,2844.0,30.0
211530,11,1,1401047.0,2021,4,11,6,3,5,2,0,0,1,0,0,0,0,0,"795517,809","5830743,695",13.35901932,52.54639136,3962.0,27.0
211529,11,7,7400721.0,2021,5,9,5,3,0,6,0,0,1,0,1,0,0,1,"797863,5499","5823990,039",13.38746426,52.48457575,4444.0,32.0
211528,11,11,11200515.0,2021,4,17,3,3,5,3,0,0,1,0,1,0,0,0,"805714,2907","5830899,184",13.50906725,52.54215922,6261.0,33.0
211527,11,3,3100101.0,2021,3,11,3,3,0,5,0,0,1,0,0,0,0,0,"804137,6749","5841825,171",13.4959227,52.64096485,6089.0,35.0
211526,11,7,7501029.0,2021,4,9,6,3,5,3,0,0,1,0,0,0,1,0,"797595,0218","5818740,112",13.37884093,52.43766205,4230.0,25.0
211525,11,5,5100207.0,2021,3,17,6,3,6,7,0,0,0,1,0,0,1,0,"780270,7235","5830306,458",13.13440275,52.55052948,663.0,34.0
211524,11,1,1100312.0,2021,5,18,4,3,5,3,0,1,1,0,0,0,0,1,"799458,893","5827068,327",13.41365536,52.51129546,4852.0,22.0
211523,11,9,9301126.0,2021,5,17,3,3,5,3,0,1,1,0,0,0,0,0,"811426,7366","5817361,517",13.58038795,52.41760805,7224.0,34.0
211522,11,4,4500937.0,2021,4,11,6,3,0,4,0,0,0,1,0,0,1,0,"791520,6029","5825077,297",13.29527357,52.49774661,3048.0,24.0
211521,11,10,10100209.0,2021,4,14,3,2,6,4,0,0,1,1,0,0,0,0,"810010,9178","5832299,846",13.57352891,52.55228384,7164.0,31.0
211520,11,12,12200412.0,2021,5,17,6,3,2,6,0,0,1,0,1,0,0,0,"790416,0556","5833695,86",13.28658075,52.57560101,2970.0,31.0
211519,11,6,6100209.0,2021,4,13,3,3,5,7,0,0,1,0,1,0,0,0,"794765,8742","5821102,842",13.3394278,52.46037484,3737.0,26.0
211518,11,5,5200528.0,2021,3,16,2,3,2,2,0,0,1,0,0,0,0,0,"783903,2932","5826601,837",13.18466963,52.51543212,1453.0,28.0
211517,11,7,7100101.0,2021,4,12,5,3,5,2,0,1,1,0,0,0,0,0,"794607,4089","5825435,795",13.3409307,52.49930274,3748.0,25.0
211516,11,11,11400929.0,2021,5,18,6,3,1,5,0,1,1,0,0,0,0,0,"805462,5928","5826923,351",13.50171561,52.50666748,6150.0,34.0
211515,11,4,4300415.0,2021,3,17,4,3,5,2,0,1,0,0,0,0,1,0,"790999,1924","5825628,764",13.28809637,52.50296879,2949.0,35.0
211514,11,1,1300836.0,2021,4,18,6,3,0,5,0,0,1,0,0,0,1,0,"796621,8629","5830480,456",13.37501802,52.54343172,4261.0,21.0
211513,11,2,2500831.0,2021,3,16,7,3,6,4,0,0,1,1,0,0,0,0,"803270,2817","5827427,296",13.46997306,52.51240728,5652.0,19.0
211512,11,7,7400822.0,2021,5,19,2,3,5,3,0,1,1,0,0,0,0,0,"796818,993","5822182,167",13.37051781,52.46893873,4139.0,23.0
211511,11,1,1100308.0,2021,5,19,5,3,5,7,0,0,1,0,0,0,0,0,"797255,5153","5828242,189",13.38233268,52.52302296,4355.0,32.0
211510,11,7,7601544.0,2021,5,21,4,3,1,5,1,1,1,0,0,0,0,0,"799487,6618","5812930,399",13.40140321,52.38455211,4614.0,35.0
211509,11,5,5200630.0,2021,4,15,6,3,2,6,0,0,1,0,0,0,0,0,"784154,9099","5827303,931",13.18896737,52.52159615,1455.0,35.0
211508,11,11,11400929.0,2021,5,22,7,3,5,7,2,1,1,0,0,0,0,0,"805034,9195","5826695,665",13.49522531,52.50486612,6050.0,31.0
211507,11,11,11501339.0,2021,4,13,4,3,5,2,0,1,1,0,0,0,0,0,"807328,6992","5825284,537",13.52761195,52.49093233,6546.0,34.0
211506,11,3,3601141.0,2021,3,23,4,3,5,3,2,1,1,0,0,0,0,0,"799220,3551","5831806,003",13.41441569,52.55389239,4864.0,13.0
211505,11,6,6100205.0,2021,4,12,7,3,1,5,0,0,1,0,0,0,1,0,"796249,962","5819646,549",13.35991552,52.4465178,4033.0,29.0
211504,11,7,7400823.0,2021,5,17,1,3,5,2,0,1,1,0,0,0,0,0,"796908,831","5822294,284",13.37193623,52.46989494,4139.0,23.0