ObjectID,State,District,LOR_ab_2021,AccidentYear,AccidentMonth,AccidentHour,DayOfWeek,AccidentCategory,AccidentType,AccidentTypeDetail,LightingCondition,InvolvingBike,InvolvingCar,InvolvingPedestrian,InvolvingMotorcycle,InvolvingHGV,InvolvingOther,RoadCondition,GraphicCoord1,GraphicCoord2,LongitudeWGS84,LatitudeWGS84,quadrant,quadrant_rank
211503,11,3,3701556.0,2021,5,22,7,3,5,3,2,0,1,0,0,0,1,0,"799868,8187","5829785,737",13.42212774,52.53542746,4959.0,29.0
211502,11,8,8401244.0,2021,4,8,3,3,2,2,0,0,1,0,0,0,0,0,"806235,3316","5816373,616",13.50338843,52.41168321,6122.0,28.0
211501,11,9,9200510.0,2021,5,6,3,3,0,1,1,0,0,0,1,0,0,0,"806333,3358","5823098,645",13.51098923,52.47190108,6240.0,26.0
211500,11,1,1200518.0,2021,5,10,6,3,5,7,0,0,1,0,1,0,0,1,"793579,0669","5828635,296",13.3286483,52.52853893,3557.0,32.0
211499,11,1,1100310.0,2021,4,8,4,3,5,2,0,1,0,0,0,1,0,0,"799110,6574","5828465,987",13.4097959,52.52401449,4755.0,4.0
211498,11,5,5400943.0,2021,5,10,5,3,3,6,0,1,0,0,0,0,0,0,"780585,46","5819429,818",13.12986717,52.45283908,534.0,35.0
211497,11,6,6300631.0,2021,4,8,2,3,6,4,0,0,1,1,0,0,0,0,"792990,9096","5817715,58",13.31040751,52.43096323,3228.0,25.0
211496,11,2,2500835.0,2021,4,12,5,3,2,6,0,1,1,0,0,0,0,0,"802458,316","5826320,162",13.4570388,52.5029349,5449.0,28.0
211495,11,8,8100102.0,2021,5,19,4,3,1,5,0,1,1,0,0,0,0,1,"800570,1577","5823270,455",13.42655463,52.47664266,4941.0,31.0
211494,11,1,1100311.0,2021,4,18,3,3,3,6,0,0,1,0,0,0,0,0,"799722,7333","5827561,074",13.41797529,52.51556726,4853.0,20.0
211493,11,2,2100103.0,2021,3,14,2,3,3,6,0,1,1,0,0,0,0,0,"798526,2775","5826212,853",13.39918668,52.50413846,4549.0,29.0
211492,11,8,8100313.0,2021,4,15,5,3,1,7,0,0,1,0,0,0,0,0,"801670,8118","5824343,339",13.44368207,52.4856523,5244.0,28.0
211491,11,5,5200629.0,2021,3,12,5,2,6,4,0,1,0,1,0,0,0,0,"784620,2291","5828426,815",13.19676825,52.53142126,1557.0,25.0
211490,11,1,1401045.0,2021,5,15,2,3,0,4,0,0,0,1,1,0,0,0,"796841,6116","5831548,441",13.37920353,52.5528853,4264.0,19.0
211489,11,8,8300934.0,2021,4,10,2,3,5,3,0,0,1,0,0,0,0,1,"803273,6698","5818322,877",13.4617461,52.43080325,5528.0,31.0
211488,11,7,7200414.0,2021,5,19,2,3,1,5,0,1,0,0,0,0,1,1,"796125,9411","5824025,544",13.36198201,52.48583918,4044.0,33.0
211487,11,1,1100415.0,2021,4,20,4,3,4,6,1,1,0,0,0,0,1,0,"798473,5618","5829097,869",13.40100053,52.53002757,4657.0,7.0
211486,11,2,2400521.0,2021,5,16,7,3,5,3,0,0,1,0,0,0,0,0,"800860,0563","5828310,416",13.43536287,52.5216576,5155.0,24.0
211485,11,4,4200308.0,2021,4,19,1,3,5,2,0,0,1,0,0,0,0,0,"790547,9223","5827351,088",13.28297035,52.51865001,2854.0,7.0
211484,11,4,4500937.0,2021,5,11,6,3,0,1,0,1,0,0,0,0,0,0,"790985,3724","5824852,235",13.28721486,52.49601456,2947.0,14.0
211483,11,7,7100103.0,2021,4,15,2,3,1,5,0,0,1,0,1,0,0,0,"795791,1437","5824965,479",13.35790024,52.49444643,3947.0,30.0
211482,11,6,6400844.0,2021,4,14,6,3,2,6,0,0,1,0,0,0,0,0,"790379,1468","5820874,209",13.27484591,52.46067377,2737.0,30.0
211481,11,1,1200517.0,2021,4,7,3,2,5,3,0,0,1,0,1,0,0,1,"793551,608","5829800,218",13.32927356,52.53899663,3560.0,29.0
211480,11,7,7601340.0,2021,5,11,4,3,2,6,1,0,1,0,0,0,0,0,"796138,696","5815932,827",13.35499443,52.41328717,3923.0,31.0
211479,11,6,6200313.0,2021,4,9,4,3,2,6,0,0,1,0,0,0,0,0,"795252,1737","5818641,4",13.34438887,52.43804696,3730.0,21.0
211478,11,10,10300731.0,2021,3,14,3,3,2,6,0,0,1,0,0,0,1,0,"809589,4779","5828368,047",13.5636707,52.51728837,7053.0,35.0
211477,11,1,1200520.0,2021,4,19,1,3,3,6,1,1,1,0,0,0,0,0,"794574,2627","5828482,152",13.34314045,52.52662925,3756.0,11.0
211476,11,9,9200613.0,2021,3,9,6,3,5,2,0,1,1,0,0,0,0,1,"805925,8098","5821837,094",13.50385174,52.46082287,6137.0,27.0
211475,11,10,10200629.0,2021,5,15,4,3,3,6,0,0,0,0,1,0,1,0,"810978,6162","5828216,636",13.58393548,52.51514124,7353.0,29.0
211474,11,4,4200311.0,2021,5,14,3,3,5,7,0,0,1,0,0,0,0,0,"790310,1709","5825634,744",13.27797911,52.50338944,2749.0,29.0
211473,11,11,11300721.0,2021,4,19,5,3,0,1,0,0,0,0,1,0,0,1,"805149,4635","5829977,867",13.49991838,52.53421862,6058.0,26.0
211472,11,12,12200309.0,2021,5,18,6,3,5,2,0,0,1,0,0,0,1,0,"793486,551","5832426,841",13.33063875,52.56257787,3567.0,8.0
211471,11,1,1100205.0,2021,4,19,3,3,0,2,0,0,1,0,0,0,1,0,"796966,2942","5826758,178",13.37675775,52.50987801,4251.0,5.0
211470,11,6,6200421.0,2021,3,12,3,3,5,7,0,0,1,0,1,0,0,0,"793687,7875","5817634,49",13.32055697,52.4298626,3428.0,32.0
211469,11,9,9200819.0,2021,4,14,6,3,5,3,0,1,1,0,0,0,0,0,"810207,3646","5819629,33",13.56461894,52.4386241,7030.0,26.0
211468,11,1,1300733.0,2021,5,17,6,3,5,3,0,0,1,0,0,0,0,0,"797000,3397","5831505,962",13.38149975,52.552418,4364.0,15.0
211467,11,12,12400618.0,2021,5,7,6,2,5,3,0,1,1,0,0,0,0,0,"786981,4012","5838305,69",13.24003187,52.61875228,2283.0,31.0
211466,11,9,9200512.0,2021,3,8,4,3,1,5,0,1,1,0,0,0,0,0,"807736,0032","5821516,781",13.53011603,52.45693587,6536.0,35.0
211465,11,1,1401044.0,2021,4,16,2,3,0,7,0,1,0,0,0,0,0,0,"796120,2609","5831444,694",13.36850282,52.55234797,4164.0,33.0
211464,11,2,2400521.0,2021,5,15,2,3,1,5,0,1,1,0,0,0,0,0,"801175,1019","5828058,537",13.43976416,52.51922605,5154.0,32.0
211463,11,11,11300826.0,2021,5,14,5,3,5,3,0,1,0,0,0,0,1,0,"803818,0769","5827212,528",13.47782433,52.51017754,5751.0,33.0
211462,11,2,2500834.0,2021,5,8,4,3,2,6,0,1,1,0,0,0,0,0,"802279,1196","5826858,534",13.45489562,52.50785963,5451.0,17.0
211461,11,1,1300733.0,2021,4,8,6,3,0,7,0,0,1,0,0,0,0,0,"797271,481","5831290,411",13.38529405,52.55033794,4363.0,11.0
211460,11,11,11300725.0,2021,4,5,6,3,6,7,2,0,1,1,0,0,0,0,"805416,3945","5827628,105",13.5016837,52.51300965,6152.0,34.0
211459,11,4,4400832.0,2021,4,8,4,3,2,7,0,0,1,0,1,0,0,0,"791658,9018","5822621,658",13.29515612,52.47565809,3041.0,35.0
211458,11,2,2400623.0,2021,3,17,4,3,5,2,0,1,1,0,0,0,0,0,"800722,0798","5826936,406",13.43209359,52.50941811,5051.0,27.0
211457,11,3,3701660.0,2021,5,14,7,2,5,3,0,1,0,0,0,0,0,0,"800973,9125","5829235,02",13.43787274,52.52988216,5157.0,33.0
211456,11,1,1100308.0,2021,4,5,1,2,6,2,2,0,0,1,0,0,1,1,"797376,3035","5828941,196",13.38473287,52.52922287,4357.0,15.0
211455,11,2,2100105.0,2021,5,6,1,3,9,1,0,0,1,0,0,0,0,0,"799877,2905","5825747,578",13.41861251,52.49922716,4848.0,7.0
211454,11,11,11200514.0,2021,5,18,7,2,6,4,0,0,1,1,0,0,0,1,"804925,3148","5830518,864",13.4971204,52.53919271,6060.0,34.0
211453,11,10,10200526.0,2021,5,7,3,2,2,6,0,0,1,0,0,0,0,0,"812599,8203","5830287,127",13.60969484,52.53276834,7758.0,32.0
211452,11,12,12500930.0,2021,5,15,7,3,0,7,0,1,0,1,0,0,0,0,"793004,2339","5835171,376",13.32596918,52.5874409,3574.0,31.0
211451,11,4,4300619.0,2021,4,18,6,2,3,2,0,1,0,0,0,0,0,0,"792979,324","5827563,946",13.31888895,52.51925737,3354.0,32.0
211450,11,6,6300634.0,2021,4,7,3,3,5,3,0,1,1,0,0,0,0,0,"792512,5495","5817836,097",13.303497,52.43229965,3128.0,34.0
211449,11,8,8401243.0,2021,5,20,5,2,0,1,2,1,0,0,0,0,0,1,"805584,5721","5818629,337",13.49591083,52.43226405,6028.0,31.0
211448,11,7,7400823.0,2021,5,6,6,3,5,2,0,0,1,0,1,0,0,0,"797237,7548","5820695,437",13.37534039,52.45538398,4235.0,28.0
211447,11,9,9100101.0,2021,3,17,3,3,0,6,0,1,1,0,0,0,0,0,"802346,1844","5825322,502",13.45448623,52.49405501,5447.0,32.0
211446,11,8,8100520.0,2021,4,21,7,3,6,4,2,0,1,1,0,0,0,0,"803189,3013","5822700,756",13.4644828,52.4700889,5539.0,28.0
211445,11,1,1100101.0,2021,3,11,1,3,9,1,0,0,0,0,1,0,0,0,"794597,9653","5826125,987",13.34140261,52.50549498,3750.0,15.0
211444,11,2,2500726.0,2021,5,11,2,3,6,2,0,0,1,1,0,0,0,0,"801948,319","5829058,675",13.45203319,52.52776273,5356.0,18.0
211443,11,3,3300516.0,2021,5,15,6,3,5,2,0,1,0,0,0,0,1,1,"801110,7337","5834128,188",13.44432109,52.57366447,5270.0,34.0
211442,11,1,1100416.0,2021,5,21,4,3,1,5,2,1,1,0,0,0,0,0,"798743,8879","5829593,799",13.4054194,52.53432479,4658.0,16.0
211441,11,12,12400721.0,2021,4,16,5,3,6,7,0,0,0,1,0,0,1,0,"791061,9014","5841502,092",13.3029514,52.64523651,3191.0,35.0
211440,11,6,6400843.0,2021,5,15,1,3,5,2,0,1,1,0,0,0,0,1,"792356,741","5820774,74",13.30378325,52.45872763,3136.0,33.0
211439,11,8,8200832.0,2021,4,11,3,3,5,3,0,0,1,0,0,0,0,0,"801612,2886","5816705,006",13.43592505,52.4172202,5124.0,32.0
211438,11,4,4300623.0,2021,4,11,5,2,5,2,0,0,1,0,1,0,0,0,"792739,5839","5826466,409",13.31440019,52.50954706,3351.0,28.0
211437,11,8,8100415.0,2021,3,15,4,3,0,3,0,1,1,0,0,0,0,0,"801533,6589","5823622,683",13.44101657,52.47926868,5242.0,24.0
211436,11,1,1300733.0,2021,4,19,1,3,5,2,1,1,1,0,0,0,0,0,"797134,204","5831802,409",13.38373363,52.55500228,4364.0,15.0
211435,11,10,10400835.0,2021,5,15,2,2,0,1,0,1,0,0,0,0,0,0,"811916,1572","5829746,257",13.59914122,52.52831314,7557.0,31.0
211434,11,12,12100205.0,2021,5,13,7,2,0,1,0,0,0,0,0,0,1,0,"793444,7778","5832584,982",13.33016413,52.56401803,3567.0,8.0
211433,11,5,5200420.0,2021,4,18,2,3,6,2,0,0,1,1,0,0,0,0,"782466,0479","5828513,022",13.16516935,52.53331486,1158.0,30.0
211432,11,12,12200310.0,2021,5,12,2,3,5,2,0,0,1,0,1,0,0,0,"792156,4744","5833950,041",13.31241468,52.57694811,3371.0,28.0
211431,11,2,2100106.0,2021,5,14,7,3,5,3,0,1,1,0,0,0,0,0,"799788,4662","5825717,573",13.41728093,52.49900702,4848.0,7.0
211430,11,2,2100104.0,2021,4,13,4,3,5,3,0,1,1,0,0,0,0,0,"799115,0493","5826268,597",13.40788524,52.50431568,4750.0,30.0
211429,11,3,3400830.0,2021,5,10,5,3,6,3,0,0,1,1,0,0,0,0,"800034,51","5833421,877",13.42784899,52.56792799,5068.0,31.0
211428,11,2,2300418.0,2021,4,10,2,3,0,7,0,1,0,0,0,0,0,0,"800921,4637","5825537,853",13.43375869,52.49677259,5147.0,31.0
211427,11,9,9401635.0,2021,3,14,4,3,1,5,0,1,1,0,0,0,0,0,"817055,2396","5817048,885",13.66257957,52.41157561,8522.0,35.0
211426,11,7,7400927.0,2021,4,15,4,3,0,7,0,1,1,0,0,0,0,0,"798325,5303","5821000,733",13.39157424,52.45752799,4436.0,31.0
211425,11,7,7601546.0,2021,5,11,4,3,6,6,0,1,0,1,0,0,0,0,"799088,2147","5813142,658",13.39574086,52.38667295,4515.0,33.0
211424,11,8,8300934.0,2021,4,15,3,3,6,4,0,0,1,1,0,0,0,0,"803660,0665","5818238,347",13.46733525,52.42983128,5628.0,32.0
211423,11,5,5200631.0,2021,3,17,2,3,6,2,0,0,1,1,0,0,0,0,"784715,3487","5827637,357",13.19749065,52.5242933,1555.0,28.0
211422,11,5,5100210.0,2021,4,8,6,2,5,2,0,1,1,0,0,0,0,0,"784171,9729","5830042,133",13.19155943,52.54613821,1562.0,23.0
211421,11,2,2300316.0,2021,3,17,6,3,2,6,1,0,1,0,0,0,0,0,"801161,7506","5825929,466",13.43764162,52.50015016,5148.0,29.0
211420,11,12,12200309.0,2021,5,8,2,3,5,3,0,0,1,0,0,1,0,0,"793347,1851","5832401,286",13.32856608,52.56242388,3566.0,26.0
211419,11,5,5200423.0,2021,5,17,2,3,0,6,0,0,1,0,0,0,1,0,"781787,6305","5828444,833",13.1551364,52.53305464,958.0,30.0
211418,11,2,2100103.0,2021,4,15,4,3,5,2,0,1,1,0,0,0,0,0,"798669,055","5826451,223",13.40149779,52.50619698,4650.0,26.0
211417,11,4,4501042.0,2021,5,0,7,3,0,7,2,0,1,0,0,0,1,0,"793671,0156","5825881,713",13.32756937,52.50380491,3549.0,22.0
211416,11,11,11401136.0,2021,4,3,2,3,5,3,2,0,1,0,0,0,0,0,"805250,7797","5826117,9",13.49786613,52.4995672,6048.0,30.0
211415,11,9,9200715.0,2021,5,13,6,2,5,2,0,0,1,0,0,0,0,0,"807217,9609","5818289,597",13.51954899,52.42830437,6327.0,30.0
211414,11,5,5200629.0,2021,4,12,3,2,0,6,0,0,1,0,0,0,1,0,"784712,4205","5828610,174",13.19828072,52.53301711,1658.0,9.0
211413,11,1,1300836.0,2021,4,12,7,3,1,5,0,1,1,0,0,0,0,0,"796869,5664","5831353,7",13.37944051,52.55112444,4263.0,30.0
211412,11,1,1100310.0,2021,4,16,3,3,2,2,0,0,1,0,1,0,0,0,"799480,7397","5828849,001",13.41557938,52.52724447,4856.0,13.0
211411,11,8,8100417.0,2021,5,18,5,3,0,2,0,1,1,0,0,0,0,1,"802364,1718","5823232,499",13.4528546,52.47531226,5341.0,26.0
211410,11,12,12500926.0,2021,4,9,5,3,2,6,0,0,1,0,0,0,0,0,"792952,9973","5835420,62",13.32543546,52.58970283,3474.0,26.0
211409,11,11,11300620.0,2021,3,8,2,3,5,2,0,1,1,0,0,0,0,0,"803849,363","5829049,735",13.47996186,52.52662642,5756.0,30.0
211408,11,5,5100315.0,2021,4,14,1,2,5,2,0,0,1,0,0,0,0,0,"784662,1437","5829703,45",13.19847814,52.54284567,1661.0,28.0
211407,11,9,9100306.0,2021,3,22,6,3,3,6,2,0,1,0,0,0,0,0,"804709,9976","5820341,895",13.48464785,52.44810111,5833.0,35.0
211406,11,8,8200730.0,2021,5,16,3,3,2,6,0,0,1,0,0,0,0,0,"801479,276","5817962,747",13.43510855,52.42856708,5127.0,29.0
211405,11,3,3400619.0,2021,5,13,3,3,0,2,0,1,1,0,0,0,0,0,"795821,949","5835221,284",13.36748421,52.58636334,4173.0,33.0
211404,11,7,7601442.0,2021,4,14,5,3,5,2,0,1,1,0,0,0,0,0,"799252,336","5816261,186",13.4009311,52.41453729,4623.0,18.0
211403,11,9,9401329.0,2021,5,8,6,3,5,3,0,0,1,0,0,0,0,0,"811702,1776","5818435,274",13.58542532,52.42707376,7327.0,34.0
211402,11,1,1100308.0,2021,4,14,4,3,5,2,0,1,1,0,0,0,0,0,"797001,8501","5828943,906",13.37923161,52.52945131,4257.0,21.0
211401,11,1,1100415.0,2021,3,11,3,3,2,6,0,0,1,0,0,0,0,0,"798191,298","5829353,873",13.39708151,52.53247678,4558.0,10.0
211400,11,2,2300316.0,2021,4,12,6,3,1,5,0,1,1,0,0,0,0,0,"800586,7697","5826621,389",13.42982139,52.50666909,5050.0,20.0
211399,11,4,4300415.0,2021,5,15,2,3,5,7,0,1,0,0,0,0,1,0,"791212,4261","5826054,427",13.29160128,52.50667107,2950.0,32.0
211398,11,2,2100105.0,2021,3,16,3,2,1,5,0,1,0,0,0,0,1,0,"799180,6807","5825881,837",13.40850181,52.50081295,4748.0,27.0
211397,11,2,2500727.0,2021,4,11,2,3,0,1,0,1,0,0,0,0,0,0,"802208,5503","5827742,753",13.45466192,52.51582398,5453.0,1.0
211396,11,4,4501045.0,2021,5,8,2,2,1,7,0,0,1,0,0,0,0,0,"793798,329","5824930,616",13.32860063,52.49521025,3547.0,16.0
211395,11,10,10100316.0,2021,5,6,5,2,5,2,0,1,1,0,0,0,0,0,"810055,6315","5831663,247",13.57359192,52.54655353,7162.0,28.0
211394,11,1,1200517.0,2021,5,21,4,3,5,3,2,0,1,0,0,0,1,0,"793270,1988","5829027,283",13.32445414,52.53221916,3458.0,35.0
211393,11,7,7400927.0,2021,4,18,4,3,1,5,0,1,1,0,0,0,0,0,"798420,3233","5821278,677",13.39321366,52.45996768,4537.0,35.0
211392,11,12,12601236.0,2021,4,17,6,3,3,6,0,0,1,0,1,0,0,0,"794403,5117","5835700,093",13.34703374,52.59142494,3875.0,34.0
211391,11,5,5100316.0,2021,4,15,5,3,1,7,0,1,1,0,0,0,0,0,"785312,9783","5829418,773",13.20780469,52.53995287,1760.0,21.0
211390,11,10,10300732.0,2021,5,14,2,3,5,3,0,1,1,0,0,0,0,0,"810185,7962","5827959,032",13.5720494,52.51328414,7152.0,33.0
211389,11,7,7400824.0,2021,5,19,4,3,0,7,0,0,0,0,1,0,0,1,"797612,8063","5821388,426",13.3814614,52.46139182,4337.0,28.0
211388,11,9,9501941.0,2021,4,6,4,2,6,4,0,0,0,1,0,0,1,0,"812098,6099","5821374,185",13.59398115,52.45318451,7435.0,32.0
211387,11,4,4501153.0,2021,3,1,4,2,6,4,2,0,0,1,0,0,1,0,"793878,5514","5823120,498",13.3281828,52.47894018,3542.0,20.0
211386,11,12,12500930.0,2021,5,11,2,3,2,6,0,0,1,0,0,0,0,0,"793249,3534","5835172,273",13.32957774,52.58731686,3574.0,31.0
211385,11,3,3400830.0,2021,4,19,2,3,5,2,0,0,1,0,0,0,0,0,"800020,4836","5833422,406",13.42764315,52.56794047,5068.0,31.0
211384,11,5,5100316.0,2021,5,9,2,3,5,2,0,0,1,0,0,0,1,0,"783654,0495","5829497,64",13.18347719,52.54152612,1360.0,31.0
211383,11,2,2200210.0,2021,5,19,2,3,2,6,0,0,1,0,0,0,0,0,"798279,8766","5825471,28",13.39490303,52.49762595,4548.0,2.0
211382,11,10,10200420.0,2021,5,11,6,3,2,1,0,0,1,0,0,0,0,1,"811960,996","5830560,461",13.6005641,52.5355837,7559.0,31.0
211381,11,12,12500930.0,2021,4,9,3,3,2,7,0,0,1,0,0,0,0,0,"792856,9853","5835154,801",13.32378726,52.58737161,3474.0,26.0
211380,11,1,1200628.0,2021,5,14,5,3,1,5,0,1,1,0,0,0,0,0,"795511,0542","5828108,778",13.3565772,52.52277529,3955.0,24.0
211379,11,1,1100415.0,2021,4,7,2,3,3,6,0,1,0,0,0,0,1,0,"797406,5417","5829163,138",13.38537585,52.53119582,4357.0,15.0
211378,11,5,5200524.0,2021,4,13,6,2,5,2,0,1,1,0,0,0,0,0,"780346,9255","5827611,581",13.13324983,52.52632606,656.0,33.0
211377,11,6,6300526.0,2021,5,20,5,3,2,2,0,0,1,0,0,0,0,1,"789327,3825","5817264,104",13.25628249,52.42886546,2427.0,31.0
211376,11,5,5300841.0,2021,4,12,4,3,1,5,0,1,1,0,0,0,0,0,"789674,2552","5829357,241",13.27187844,52.53710028,2659.0,26.0
211375,11,12,12200309.0,2021,3,15,2,3,2,2,0,0,1,0,1,0,0,0,"793484,534","5832424,648",13.33060714,52.56255929,3567.0,8.0
211374,11,10,10200524.0,2021,4,17,5,3,5,2,0,0,1,0,0,0,0,0,"812590,1908","5830316,198",13.60958067,52.53303437,7758.0,32.0
211373,11,2,2200213.0,2021,3,9,5,3,5,2,0,1,1,0,0,0,0,0,"799569,7053","5824913,174",13.41334459,52.49191691,4846.0,30.0
211372,11,12,12601236.0,2021,5,13,4,3,6,4,0,0,1,1,0,0,0,0,"794406,1798","5836251,396",13.34756307,52.59636546,3876.0,24.0
211371,11,5,5300736.0,2021,5,14,2,3,5,2,0,0,1,0,0,0,1,0,"786381,7807","5829182,398",13.22331723,52.53727292,1959.0,28.0
211370,11,10,10100313.0,2021,4,16,4,3,2,6,0,0,1,0,0,0,0,0,"808516,0021","5831179,298",13.55050962,52.54309052,6861.0,30.0
211369,11,7,7300517.0,2021,5,10,7,3,1,5,0,1,1,0,0,0,0,0,"794059,9703","5822612,185",13.33039819,52.47428573,3541.0,33.0
211368,11,6,6400735.0,2021,4,19,1,3,2,6,1,1,0,0,1,0,0,0,"783086,6078","5817263,213",13.1647402,52.43212258,1128.0,35.0
211367,11,6,6100205.0,2021,5,19,5,3,1,5,0,0,1,0,0,0,0,0,"794822,0554","5820057,11",13.33932896,52.4509701,3734.0,31.0
211366,11,3,3300411.0,2021,4,12,2,3,2,7,0,0,1,0,0,0,0,0,"803456,2862","5839322,103",13.48358547,52.61891249,5883.0,34.0
211365,11,10,10100311.0,2021,3,22,3,2,3,7,2,0,1,0,0,0,1,0,"806954,6044","5830402,932",13.52684063,52.53701452,6459.0,29.0
211364,11,7,7100102.0,2021,4,15,4,3,5,2,0,1,1,0,0,0,0,0,"794924,5976","5825609,708",13.34574377,52.50069043,3748.0,25.0
211363,11,7,7300618.0,2021,5,12,6,3,5,3,0,1,1,0,0,0,0,1,"794498,5234","5821873,935",13.33618464,52.46743143,3639.0,25.0
211362,11,3,3300517.0,2021,5,13,5,3,0,5,0,0,1,0,1,0,0,0,"802303,5674","5833811,86",13.46158076,52.57016807,5569.0,35.0
211361,11,11,11300620.0,2021,4,1,1,3,3,6,2,1,1,0,0,0,0,1,"803971,7438","5829823,668",13.48246787,52.53349468,5858.0,31.0
211360,11,2,2500833.0,2021,3,14,4,3,5,3,0,0,0,0,1,0,1,0,"802100,4351","5827357,295",13.45272356,52.51242901,5352.0,22.0
211359,11,6,6200420.0,2021,4,15,4,3,5,3,0,0,1,0,1,0,0,0,"792860,3164","5816468,237",13.30740005,52.41985087,3225.0,31.0
211358,11,4,4300416.0,2021,5,17,4,3,0,1,0,0,0,0,1,0,0,0,"791977,3948","5826020,073",13.30281001,52.50595423,3150.0,16.0
211357,11,1,1100206.0,2021,4,19,3,3,1,5,0,0,1,0,0,0,0,0,"798514,5144","5827851,427",13.4004836,52.51883251,4654.0,17.0
211356,11,7,7501031.0,2021,3,17,1,3,5,3,0,0,1,0,0,0,0,0,"799466,4506","5820504,662",13.40787068,52.45245744,4734.0,34.0
211355,11,12,12601236.0,2021,4,22,5,3,1,5,2,0,1,0,0,1,0,0,"794375,8551","5835899,943",13.34680427,52.5932314,3876.0,24.0
211354,11,1,1401045.0,2021,3,16,5,3,2,6,0,0,1,0,0,0,0,0,"796613,7122","5831735,146",13.37601889,52.55468306,4264.0,19.0
211353,11,8,8401246.0,2021,5,18,2,3,6,4,0,0,1,1,0,0,0,1,"805794,7974","5816849,405",13.49736641,52.41619378,6024.0,28.0
211352,11,4,4300619.0,2021,5,11,2,3,3,6,0,0,1,0,1,0,0,0,"792412,6992","5827205,258",13.31024661,52.51634596,3253.0,26.0
211351,11,7,7400928.0,2021,4,17,4,3,5,3,0,1,0,0,0,0,0,0,"799986,5856","5821312,438",13.41622764,52.45941279,4836.0,30.0
211350,11,1,1300836.0,2021,5,20,1,3,5,2,0,1,1,0,0,0,0,0,"796713,0434","5830439,633",13.37632216,52.54301614,4261.0,21.0
211349,11,4,4100102.0,2021,5,11,5,3,3,2,0,0,1,0,0,0,0,0,"791143,844","5829115,658",13.29327312,52.53415139,3058.0,12.0
211348,11,5,5100317.0,2021,4,11,3,3,2,6,0,0,1,0,0,0,0,0,"787571,5034","5828028,3",13.23981169,52.52629933,2256.0,31.0
211347,11,4,4500937.0,2021,4,7,5,3,5,2,0,1,1,0,0,0,0,0,"790985,0636","5824831,917",13.28719257,52.49583258,2947.0,14.0
211346,11,9,9200511.0,2021,4,16,4,3,5,7,0,1,1,0,0,0,0,0,"807292,846","5821790,603",13.52386653,52.45963926,6436.0,33.0
211345,11,9,9401431.0,2021,5,13,6,2,1,5,0,1,1,0,0,0,0,0,"811872,5961","5820583,086",13.58992731,52.44622414,7433.0,34.0
211344,11,4,4400726.0,2021,4,12,5,3,5,3,0,1,1,0,0,0,0,0,"790853,0565","5823648,402",13.2842205,52.48529266,2844.0,30.0
211343,11,11,11300722.0,2021,3,12,3,3,0,7,0,0,1,0,0,0,0,0,"803734,1624","5828298,151",13.47758261,52.5199544,5754.0,30.0
211342,11,3,3601244.0,2021,4,15,6,3,5,2,0,1,1,0,0,0,0,0,"800083,6956","5831671,617",13.42698987,52.55221287,5064.0,18.0
211341,11,7,7100206.0,2021,3,13,6,3,1,5,0,1,0,0,0,0,1,0,"796688,3945","5824637,258",13.37078546,52.49101727,4146.0,21.0
211340,11,2,2100102.0,2021,5,19,3,3,5,2,0,0,1,0,0,0,0,1,"798210,9628","5826319,642",13.3946506,52.50526811,4550.0,14.0
211339,11,3,3701660.0,2021,5,7,3,3,2,7,0,1,1,0,0,0,0,1,"800743,7049","5829441,288",13.43467597,52.53185803,5158.0,30.0
211338,11,1,1200517.0,2021,4,8,5,3,3,6,0,0,1,0,0,0,0,0,"793522,2977","5829255,593",13.32836159,52.53413014,3558.0,28.0
211337,11,8,8100417.0,2021,4,20,6,3,0,6,1,0,1,0,0,0,1,0,"802565,7469","5823092,709",13.4556866,52.4739477,5441.0,16.0
211336,11,3,3601141.0,2021,4,16,3,3,2,6,0,0,1,0,0,0,0,0,"798828,6206","5831727,243",13.40858413,52.55340149,4764.0,26.0
211335,11,8,8300935.0,2021,3,14,3,3,1,5,0,1,1,0,0,0,0,0,"802293,7897","5817977,616",13.44706529,52.42825093,5327.0,30.0
211334,11,5,5100316.0,2021,4,12,6,3,0,2,0,0,1,0,0,0,1,0,"784846,919","5829229,771",13.20078929,52.53850211,1660.0,16.0
211333,11,5,5200629.0,2021,5,21,7,3,5,2,1,1,1,0,0,0,0,0,"784552,4967","5828178,438",13.19555983,52.52922967,1557.0,25.0
211332,11,7,7100102.0,2021,3,18,3,2,5,3,0,1,0,0,1,0,0,0,"794963,5428","5825408,793",13.34613789,52.49886831,3848.0,24.0
211331,11,6,6400839.0,2021,4,15,2,3,2,6,0,0,1,0,0,0,0,0,"788267,1589","5818648,137",13.24192557,52.4418339,2231.0,32.0
211330,11,2,2400521.0,2021,5,23,1,3,1,5,2,1,1,0,0,0,0,0,"800463,5993","5828314,052",13.42954047,52.52190878,5055.0,24.0
211329,11,1,1200522.0,2021,5,10,5,3,5,2,0,1,1,0,0,0,0,0,"794207,8318","5827711,513",13.33707297,52.51991881,3654.0,34.0
211328,11,2,2400625.0,2021,5,19,4,2,6,4,0,0,1,1,0,0,0,1,"800917,2899","5826830,983",13.43486597,52.50836553,5151.0,31.0
211327,11,2,2200208.0,2021,5,14,5,3,5,2,0,1,1,0,0,0,0,0,"797546,9419","5825062,032",13.38377269,52.4943576,4347.0,29.0