ObjectID,State,District,LOR_ab_2021,AccidentYear,AccidentMonth,AccidentHour,DayOfWeek,AccidentCategory,AccidentType,AccidentTypeDetail,LightingCondition,InvolvingBike,InvolvingCar,InvolvingPedestrian,InvolvingMotorcycle,InvolvingHGV,InvolvingOther,RoadCondition,GraphicCoord1,GraphicCoord2,LongitudeWGS84,LatitudeWGS84,quadrant,quadrant_rank
210444,11,5,5100312.0,2021,4,13,5,2,5,7,0,0,1,0,0,0,0,1,"784464,7669","5830880,657",13.19658395,52.5535036,1564.0,32.0
210443,11,4,4200311.0,2021,5,13,1,3,5,2,0,1,1,0,0,0,0,0,"790294,4297","5826007,627",13.27807298,52.50674075,2750.0,31.0
210442,11,8,8200730.0,2021,5,20,6,2,2,7,0,0,1,0,0,0,0,0,"801454,0998","5818082,269",13.43484711,52.42965227,5128.0,34.0
210441,11,2,2300316.0,2021,4,15,2,3,5,3,0,0,0,0,1,0,1,0,"801245,4986","5826202,133",13.43911829,52.5025479,5149.0,29.0
210440,11,1,1100415.0,2021,4,22,5,3,2,7,2,1,1,0,0,0,0,0,"798193,9159","5829354,222",13.3971203,52.53247848,4558.0,10.0
210439,11,8,8100312.0,2021,4,17,3,3,5,3,0,1,1,0,1,0,0,0,"801259,2858","5824833,055",13.43808263,52.49026896,5145.0,21.0
210438,11,4,4300414.0,2021,5,12,4,3,1,5,0,1,1,0,0,0,0,0,"791355,9799","5826634,306",13.29421798,52.511793,3052.0,28.0
210437,11,11,11501238.0,2021,4,13,3,3,0,2,0,1,1,0,0,0,0,0,"804098,6172","5825992,899",13.48083142,52.49909009,5848.0,31.0
210436,11,5,5100316.0,2021,3,11,3,3,5,2,0,0,1,0,0,0,1,0,"784102,6845","5829005,308",13.18965369,52.53687809,1459.0,26.0
210435,11,5,5200633.0,2021,4,16,5,3,5,2,0,1,1,0,0,0,0,0,"783761,7864","5826932,03",13.18287153,52.51846634,1354.0,34.0
210434,11,9,9100407.0,2021,3,16,6,3,2,2,0,0,1,0,0,0,0,0,"805519,9313","5821502,419",13.49759011,52.45805039,6036.0,33.0
210433,11,4,4400728.0,2021,5,17,3,3,5,3,0,0,1,0,0,0,0,0,"789610,2421","5823358,909",13.26571775,52.48335794,2643.0,31.0
210432,11,2,2400625.0,2021,5,17,4,3,3,6,0,1,1,0,0,0,0,0,"801094,223","5826637,1",13.43728972,52.5065301,5150.0,31.0
210431,11,7,7300517.0,2021,4,15,6,3,6,7,0,0,1,1,0,0,0,0,"794355,7701","5822213,594",13.33438895,52.47055324,3640.0,27.0
210430,11,6,6300632.0,2021,4,8,3,3,5,3,0,1,1,0,0,0,0,0,"791543,6516","5817466,664",13.28896373,52.42950489,2928.0,35.0
210429,11,12,12200309.0,2021,5,11,6,2,6,4,0,0,1,1,0,0,0,0,"793326,2949","5832770,154",13.3285849,52.56574183,3567.0,8.0
210428,11,1,1401049.0,2021,4,9,3,3,5,2,0,1,1,0,0,0,0,0,"795878,0702","5831961,265",13.36540161,52.55711013,4065.0,5.0
210427,11,1,1300836.0,2021,3,12,3,2,5,3,0,0,1,0,0,0,0,0,"796661,7177","5830361,176",13.37549748,52.54234081,4261.0,21.0
210426,11,1,1200520.0,2021,4,10,4,3,5,2,0,1,1,0,0,0,0,0,"794585,3778","5828435,086",13.34326212,52.52620133,3756.0,11.0
210425,11,12,12500927.0,2021,4,7,3,3,6,2,0,0,1,1,0,0,0,0,"792636,1769","5835828,416",13.32113237,52.59352904,3476.0,34.0
210424,11,5,5100209.0,2021,5,10,6,3,5,2,0,0,1,0,0,0,0,1,"783561,0834","5830196,711",13.18270687,52.5478425,1362.0,27.0
210423,11,12,12200515.0,2021,4,16,4,2,3,6,0,1,0,0,0,0,0,0,"789171,9593","5835322,169",13.26969236,52.59084352,2675.0,35.0
210422,11,1,1100310.0,2021,3,18,3,3,2,6,0,0,1,0,0,0,0,0,"799140,942","5828465,348",13.41024037,52.52399215,4755.0,4.0
210421,11,9,9200512.0,2021,4,17,1,3,5,3,0,0,1,0,1,0,0,0,"809343,8583","5821490,412",13.55367952,52.45579196,6835.0,31.0
210420,11,9,9502043.0,2021,3,1,7,3,9,1,2,0,1,0,0,0,0,0,"811363,3094","5822769,213",13.58449651,52.46610532,7338.0,33.0
210419,11,7,7601442.0,2021,5,15,2,3,1,5,0,1,0,0,0,0,1,0,"798600,6482","5814860,203",13.3901283,52.40233487,4420.0,35.0
210418,11,4,4200310.0,2021,5,9,5,3,5,2,0,1,1,0,0,0,0,0,"789870,1354","5826218,139",13.27202237,52.50885363,2751.0,23.0
210417,11,10,10200417.0,2021,5,19,4,3,5,3,0,1,1,0,0,0,0,0,"811313,9615","5831718,315",13.59214033,52.54632947,7462.0,25.0
210416,11,1,1100416.0,2021,4,14,6,3,2,6,0,0,1,0,0,0,0,0,"798161,2878","5829854,623",13.39708962,52.53698175,4559.0,25.0
210415,11,1,1200518.0,2021,1,14,2,3,6,4,0,0,1,1,0,0,0,1,"793377,8003","5828532,281",13.32559904,52.5277238,3456.0,34.0
210414,11,1,1300733.0,2021,2,16,1,3,5,2,0,1,1,0,0,0,0,0,"797163,1137","5831883,339",13.38423124,52.55571194,4365.0,7.0
210413,11,3,3300514.0,2021,3,0,1,3,8,1,2,0,1,0,0,0,0,0,"801614,8219","5836167,289",13.45359257,52.59166164,5475.0,32.0
210412,11,9,9301024.0,2021,1,12,3,3,0,7,0,0,1,0,0,0,0,0,"810137,5056","5815890,396",13.56012882,52.40515612,6921.0,34.0
210411,11,2,2500833.0,2021,2,13,2,3,2,6,0,0,1,0,0,0,0,2,"802748,6808","5826962,893",13.461888,52.50853462,5551.0,9.0
210410,11,1,1200623.0,2021,2,17,5,3,2,2,1,0,1,0,0,0,0,0,"795471,3704","5829570,434",13.35729303,52.5358993,3959.0,22.0
210409,11,5,5100316.0,2021,1,12,5,3,2,6,0,0,1,0,0,0,0,0,"784498,2462","5828898,495",13.19537859,52.53571404,1559.0,26.0
210408,11,3,3200204.0,2021,3,12,4,3,5,2,0,1,1,0,0,0,0,0,"798057,5053","5837198,717",13.40216383,52.60286789,4678.0,30.0
210407,11,7,7400823.0,2021,1,16,3,3,5,7,2,1,1,0,0,0,0,1,"797333,887","5821876,502",13.37780299,52.46591877,4238.0,24.0
210406,11,11,11200513.0,2021,1,9,3,3,5,3,0,1,1,0,0,0,0,1,"804874,0878","5830920,13",13.49673562,52.5428177,6061.0,32.0
210405,11,8,8100314.0,2021,2,13,3,3,2,6,0,0,1,0,0,0,1,0,"801050,7554","5823853,811",13.43413616,52.48160676,5143.0,4.0
210404,11,1,1100312.0,2021,3,11,2,3,1,5,0,0,1,0,0,0,1,0,"799475,5319","5826607,826",13.41348549,52.50715862,4850.0,21.0
210403,11,8,8401245.0,2021,3,18,3,3,2,2,2,0,1,0,0,0,1,0,"806766,0612","5815614,745",13.5104717,52.40458473,6220.0,32.0
210402,11,2,2100106.0,2021,2,12,2,2,2,6,0,0,1,0,0,0,0,1,"799987,3088","5825420,943",13.41993418,52.49623893,4847.0,29.0
210401,11,3,3601245.0,2021,2,17,7,3,0,2,2,1,1,0,0,0,0,0,"800292,5455","5831596,042",13.42999257,52.55142038,5063.0,21.0
210400,11,3,3500934.0,2021,1,16,7,3,5,2,2,0,1,0,0,0,1,1,"801311,7324","5831931,585",13.44528329,52.55386506,5264.0,28.0
210399,11,1,1300836.0,2021,2,6,2,3,5,7,2,1,1,0,0,0,0,1,"796369,9621","5830303,188",13.37115623,52.54197977,4161.0,31.0
210398,11,4,4200311.0,2021,3,7,5,2,5,3,0,1,1,0,0,0,0,0,"790469,0566","5826712,408",13.28125373,52.51296622,2852.0,28.0
210397,11,4,4501042.0,2021,2,7,4,3,2,2,0,0,1,0,0,0,0,0,"794557,6299","5825993,198",13.34069257,52.50432639,3750.0,15.0
210396,11,2,2200210.0,2021,1,7,7,3,9,1,0,0,1,0,0,0,0,0,"798626,5758","5825098,501",13.39966082,52.49409489,4547.0,20.0
210395,11,3,3500936.0,2021,3,11,5,3,5,3,0,1,0,0,0,0,1,0,"801856,6315","5831369,482",13.45278487,52.54852524,5362.0,25.0
210394,11,7,7400823.0,2021,3,11,5,2,5,7,0,0,1,0,0,0,0,1,"796901,4729","5820709,41",13.37041839,52.45569201,4135.0,30.0
210393,11,6,6200317.0,2021,3,7,6,3,5,3,0,0,1,0,0,0,0,0,"796561,2491","5817637,477",13.36269985,52.42833932,4027.0,33.0
210392,11,11,11200514.0,2021,2,16,5,3,6,7,0,0,1,1,0,0,0,0,"804968,2647","5830057,776",13.49732858,52.53503621,6058.0,26.0
210391,11,2,2500835.0,2021,1,3,1,3,0,1,2,0,0,0,0,0,1,0,"803109,0543","5826286,463",13.46656581,52.50227178,5549.0,29.0
210390,11,8,8200726.0,2021,3,5,3,3,6,4,2,0,0,1,0,0,1,1,"801267,5507","5819661,241",13.43353465,52.44390794,5132.0,30.0
210389,11,2,2100101.0,2021,1,12,3,3,5,7,0,1,1,0,0,0,0,1,"797585,931","5825949,119",13.38513787,52.50228807,4349.0,31.0
210388,11,11,11300722.0,2021,2,6,4,3,6,2,2,0,1,1,0,0,0,1,"804237,6751","5828690,52",13.48533947,52.52319037,5855.0,27.0
210387,11,3,3200207.0,2021,3,15,3,3,2,6,0,0,1,0,0,0,0,0,"800108,2264","5836219,19",13.43146601,52.59296019,5075.0,35.0
210386,11,10,10100209.0,2021,2,13,5,3,6,4,0,0,1,1,0,0,0,2,"809561,305","5832151,057",13.56678007,52.55120616,7063.0,33.0
210385,11,11,11300617.0,2021,2,17,5,3,2,6,0,0,1,0,0,0,1,0,"803183,7154","5829596,311",13.47067847,52.53189583,5658.0,30.0
210384,11,8,8200832.0,2021,1,5,3,3,6,2,2,0,0,1,0,0,1,1,"800637,5972","5816188,605",13.42117247,52.41312766,4923.0,34.0
210383,11,6,6300634.0,2021,3,15,5,3,5,2,0,0,1,0,0,0,0,0,"792939,0726","5817768,685",13.30969376,52.43146706,3228.0,25.0
210382,11,9,9200715.0,2021,1,17,6,3,5,3,2,0,1,0,0,0,0,1,"808559,0981","5818331,457",13.53925029,52.42792485,6627.0,34.0
210381,11,11,11200411.0,2021,3,14,1,3,5,2,0,0,1,0,0,0,0,0,"805717,436","5831376,826",13.50955308,52.54643821,6262.0,30.0
210380,11,10,10400837.0,2021,3,13,2,3,5,3,0,1,1,0,0,0,0,0,"809998,3682","5824357,137",13.56594433,52.48111189,7043.0,35.0
210379,11,3,3200205.0,2021,1,14,3,2,5,3,0,0,1,0,0,0,0,1,"797879,4557","5836017,544",13.39847999,52.59237798,4575.0,32.0
210378,11,12,12500824.0,2021,1,13,4,2,1,5,0,0,1,0,0,0,0,1,"791399,6769","5836556,259",13.30357057,52.60071785,3178.0,32.0
210377,11,1,1300834.0,2021,2,16,1,3,2,6,0,0,1,0,0,0,0,0,"797714,4126","5830668,348",13.39124961,52.54452005,4461.0,22.0
210376,11,3,3500935.0,2021,3,15,2,3,6,6,0,1,0,1,0,0,0,0,"801698,3821","5831372,677",13.45046104,52.54864154,5362.0,25.0
210375,11,2,2400623.0,2021,1,16,5,3,2,6,0,0,1,0,0,0,0,1,"800323,6345","5827720,972",13.42694833,52.51666993,5053.0,21.0
210374,11,3,3601243.0,2021,3,20,3,2,5,3,2,0,1,0,0,0,0,0,"799767,6968","5831418,234",13.42211444,52.55011572,4963.0,31.0
210373,11,4,4501040.0,2021,1,8,4,3,5,2,0,1,1,0,0,0,0,1,"792696,1814","5825474,236",13.31289022,52.50067582,3348.0,20.0
210372,11,9,9100306.0,2021,2,5,6,3,6,2,2,0,1,1,0,0,0,1,"804024,2995","5821201,652",13.47537201,52.45618869,5735.0,33.0
210371,11,6,6300632.0,2021,3,16,2,2,6,4,0,0,1,1,0,0,0,0,"792687,7764","5817352,315",13.30564363,52.42786886,3227.0,34.0
210370,11,3,3400829.0,2021,1,13,4,3,5,3,0,1,1,0,0,0,0,1,"799683,4523","5832692,365",13.42202599,52.56158253,4966.0,29.0
210369,11,10,10400837.0,2021,3,9,4,3,0,3,0,1,1,0,0,0,0,0,"810171,8628","5825516,327",13.56956957,52.49140159,7146.0,35.0
210368,11,11,11401137.0,2021,2,21,2,2,0,7,2,0,1,0,0,0,0,0,"806784,2168","5826590,537",13.52082048,52.50294322,6349.0,35.0
210367,11,9,9200715.0,2021,1,16,5,3,5,2,1,1,0,0,0,0,1,0,"808327,5654","5818866,563",13.53634914,52.43285105,6629.0,25.0
210366,11,2,2500833.0,2021,1,19,5,3,0,1,2,1,0,0,0,0,0,1,"802596,129","5827012,188",13.45969191,52.50906109,5451.0,17.0
210365,11,1,1200623.0,2021,3,15,6,3,1,5,0,1,0,0,0,0,1,0,"795257,4243","5828794,245",13.35345843,52.52905735,3957.0,34.0
210364,11,11,11501339.0,2021,2,16,2,3,5,3,0,1,1,0,0,0,0,0,"806064,5274","5825132,863",13.50891146,52.49028319,6245.0,34.0
210363,11,1,1100206.0,2021,3,15,3,3,3,6,0,1,1,0,0,0,0,0,"798182,1874","5827537,797",13.39531926,52.51620304,4553.0,27.0
210362,11,5,5200629.0,2021,3,18,5,2,6,4,2,0,0,1,0,0,1,1,"784706,1565","5828587,869",13.19816952,52.5328204,1658.0,9.0
210361,11,10,10100311.0,2021,2,7,3,3,5,2,0,0,1,0,0,0,1,2,"806476,6233","5829741,658",13.51920567,52.53135707,6357.0,30.0
210360,11,2,2100102.0,2021,3,15,3,2,1,5,0,1,1,0,0,0,1,0,"798347,7274","5826263,83",13.39660961,52.50469306,4550.0,14.0
210359,11,5,5200423.0,2021,1,17,7,3,5,2,2,0,1,0,0,0,0,1,"780873,7645","5828324,703",13.14159768,52.5324492,758.0,26.0
210358,11,9,9200715.0,2021,2,6,5,2,5,3,2,0,1,0,0,0,1,1,"808813,7946","5818997,791",13.54359971,52.43375286,6729.0,22.0
210357,11,9,9200511.0,2021,2,14,5,3,1,5,0,0,1,0,0,0,1,1,"806985,6382","5821945,815",13.51950193,52.46120296,6337.0,29.0
210356,11,11,11200512.0,2021,3,20,7,3,5,2,2,0,1,0,0,0,1,0,"802872,9425","5831238,245",13.46760767,52.54678492,5662.0,28.0
210355,11,6,6100205.0,2021,2,12,4,3,0,2,0,1,1,0,0,0,0,0,"795349,9968","5819991,137",13.34701685,52.45009372,3834.0,26.0
210354,11,8,8100206.0,2021,1,16,6,3,3,6,0,1,1,0,0,0,0,0,"800967,334","5823524,697",13.43261438,52.4787028,5042.0,30.0
210353,11,12,12601134.0,2021,3,13,6,2,6,4,0,0,1,1,0,0,0,0,"794068,057","5836543,057",13.34284457,52.59916292,3777.0,33.0
210352,11,3,3200207.0,2021,1,19,6,2,6,4,2,0,1,1,0,0,0,1,"800067,5331","5835822,392",13.43050764,52.58942609,5074.0,30.0
210351,11,5,5100316.0,2021,3,21,7,3,3,6,2,0,1,0,0,0,0,1,"784819,6361","5829070,961",13.20025198,52.53709249,1659.0,24.0
210350,11,12,12601235.0,2021,3,8,2,3,5,2,0,0,1,0,0,0,1,0,"794624,6151","5836268,397",13.35079377,52.59639957,3876.0,24.0
210349,11,7,7601442.0,2021,2,14,5,3,0,5,0,0,1,0,0,0,0,0,"799399,1518","5814365,625",13.40138861,52.3974656,4618.0,34.0
210348,11,4,4501150.0,2021,1,10,6,3,6,7,0,0,1,1,0,0,0,1,"793906,8354","5824030,09",13.3294,52.48707904,3544.0,31.0
210347,11,8,8300935.0,2021,1,14,1,3,6,4,0,0,1,1,0,0,0,0,"802667,8377","5818093,624",13.4526549,52.42908394,5328.0,32.0
210346,11,12,12601235.0,2021,3,5,3,2,2,7,2,0,1,0,0,0,1,1,"794481,0742","5836247,189",13.34866185,52.5962872,3876.0,24.0
210345,11,9,9200510.0,2021,3,17,4,3,5,2,0,1,1,0,0,0,0,0,"806599,8004","5822782,188",13.51460908,52.46891541,6339.0,31.0
210344,11,10,10100205.0,2021,2,7,3,3,5,3,0,0,1,0,0,0,0,2,"808402,4386","5833052,018",13.5505797,52.55993767,6866.0,33.0
210343,11,4,4500939.0,2021,3,16,3,3,5,3,0,1,1,0,0,0,0,0,"792336,2679","5824093,226",13.30639129,52.48848829,3245.0,22.0
210342,11,1,1100308.0,2021,1,7,6,3,6,4,2,0,1,1,0,0,0,0,"796649,434","5829049,899",13.37414635,52.53059331,4257.0,21.0
210341,11,7,7400825.0,2021,2,14,2,3,6,2,0,0,1,1,0,0,0,2,"797809,942","5821044,332",13.38404744,52.45819999,4336.0,30.0
210340,11,3,3701555.0,2021,2,14,5,3,6,4,0,1,1,1,0,0,0,1,"799684,0349","5830034,991",13.41963634,52.53776325,4859.0,31.0
210339,11,11,11400930.0,2021,3,10,7,2,5,3,0,0,1,0,0,0,0,0,"805904,2557","5826550,331",13.50785997,52.5030769,6249.0,29.0
210338,11,1,1200623.0,2021,2,15,4,3,2,6,0,0,1,0,0,0,0,0,"795278,4987","5829389,32",13.35429679,52.5343803,3958.0,32.0
210337,11,4,4300623.0,2021,1,18,7,3,1,5,2,1,1,0,0,0,0,1,"792358,992","5826028,905",13.30842402,52.50582906,3250.0,18.0
210336,11,8,8100415.0,2021,3,17,4,2,5,2,1,0,1,0,0,0,1,0,"801998,7026","5823298,005",13.44754935,52.47610159,5341.0,26.0
210335,11,3,3400829.0,2021,3,16,5,3,5,3,0,0,1,0,0,0,0,1,"799768,6003","5832816,962",13.4233909,52.56265246,4967.0,31.0
210334,11,6,6300631.0,2021,2,16,6,3,5,3,1,1,1,0,0,0,0,1,"792324,8704","5816603,275",13.29966677,52.42134776,3125.0,29.0
210333,11,1,1100309.0,2021,3,21,7,2,5,3,2,1,0,0,0,0,0,1,"798126,7","5828963,615",13.39578202,52.52901397,4557.0,26.0
210332,11,8,8200725.0,2021,2,15,7,3,5,3,0,0,1,0,0,0,0,0,"799911,3691","5819067,28",13.4131081,52.43932943,4731.0,35.0
210331,11,8,8401241.0,2021,1,12,2,3,5,7,0,0,1,0,0,1,0,1,"804348,0482","5819096,397",13.47820411,52.43713955,5730.0,32.0
210330,11,4,4500938.0,2021,1,7,2,3,1,5,2,1,1,0,0,0,0,1,"791580,9614","5825004,674",13.2960966,52.4970633,3047.0,28.0
210329,11,1,1300733.0,2021,1,16,3,2,0,2,1,0,1,0,1,0,0,1,"797353,4982","5831201,537",13.38642052,52.54949653,4463.0,17.0
210328,11,4,4200207.0,2021,1,14,5,3,5,2,0,1,0,0,0,0,0,1,"788474,5169","5825176,805",13.25061352,52.50025744,2348.0,35.0
210327,11,6,6300526.0,2021,3,16,3,3,5,3,0,0,1,0,0,0,0,0,"788367,992","5817753,792",13.24263334,52.43376237,2229.0,33.0
210326,11,9,9401329.0,2021,1,12,3,3,5,3,0,1,0,0,0,1,0,1,"811548,0273","5818933,783",13.58362989,52.43162894,7328.0,35.0
210325,11,7,7300619.0,2021,2,12,2,3,5,2,0,0,1,0,0,0,0,2,"795392,9711","5821007,642",13.34854659,52.45918282,3836.0,27.0
210324,11,2,2100104.0,2021,2,8,5,3,0,1,0,0,0,0,1,0,0,1,"798953,2508","5826344,742",13.40557694,52.50508688,4650.0,26.0
210323,11,7,7400823.0,2021,1,13,2,3,3,6,0,0,1,0,0,0,0,0,"797289,7441","5821226,553",13.37657618,52.46011664,4237.0,31.0
210322,11,10,10400835.0,2021,3,19,5,3,5,3,2,0,1,0,0,0,0,0,"812422,3193","5829384,261",13.6062382,52.52477945,7655.0,34.0
210321,11,2,2400623.0,2021,1,17,1,3,1,5,2,1,1,0,0,0,0,1,"800898,3692","5826940,841",13.43468733,52.50936065,5151.0,31.0
210320,11,4,4501042.0,2021,3,13,2,3,1,5,0,0,1,0,0,0,0,0,"793517,7443","5825549,37",13.32502479,52.50090808,3449.0,19.0
210319,11,8,8200832.0,2021,1,18,3,3,6,2,2,0,1,1,0,0,0,1,"801021,3403","5817079,19",13.42759855,52.42089951,5025.0,34.0
210318,11,6,6200316.0,2021,1,16,3,3,2,6,1,0,1,0,0,0,0,0,"795998,4224","5817704,698",13.35450561,52.4292467,3928.0,32.0
210317,11,4,4400727.0,2021,2,8,2,3,6,4,0,0,0,1,0,0,1,0,"791378,8934","5824265,691",13.29248212,52.49054627,3045.0,31.0
210316,11,1,1100308.0,2021,3,13,3,3,0,7,0,0,1,0,0,0,1,0,"797609,8673","5828365,603",13.38765056,52.52393592,4455.0,25.0
210315,11,12,12200310.0,2021,3,15,5,3,6,4,0,0,0,1,0,0,1,1,"792245,1414","5833320,58",13.31316464,52.57125764,3369.0,31.0
210314,11,1,1300732.0,2021,1,8,4,3,5,2,0,1,1,0,0,0,0,0,"797588,1029","5832768,797",13.39127535,52.56341686,4467.0,26.0
210313,11,1,1200624.0,2021,2,14,6,3,2,6,0,0,1,0,0,0,1,1,"795658,4184","5829732,916",13.3601873,52.53725436,4059.0,24.0
210312,11,7,7601340.0,2021,3,16,2,3,2,3,0,1,1,0,0,0,0,0,"796532,6273","5815645,34",13.3605147,52.4104968,4022.0,33.0
210311,11,4,4300416.0,2021,1,4,3,3,9,1,2,0,1,0,0,0,0,1,"791404,3789","5826085,216",13.29444841,52.5068446,3050.0,30.0
210310,11,4,4400830.0,2021,3,5,5,3,1,5,2,1,0,0,0,0,1,0,"792322,9255","5823123,865",13.30534526,52.47980529,3142.0,34.0
210309,11,8,8401241.0,2021,2,15,3,3,2,6,0,0,1,0,0,0,0,1,"804797,402","5817837,957",13.48364692,52.42561025,5826.0,29.0
210308,11,1,1300836.0,2021,1,8,5,2,3,6,0,1,0,0,0,0,1,0,"796972,8233","5831473,033",13.38106565,52.55213783,4363.0,11.0
210307,11,1,1401045.0,2021,1,9,5,3,2,6,0,0,1,0,0,1,0,1,"796701,7575","5831920,195",13.37747912,52.55629386,4265.0,16.0
210306,11,2,2400521.0,2021,3,11,5,3,5,2,0,1,1,0,0,0,0,0,"801250,9859","5827845,583",13.44068632,52.5172754,5253.0,19.0
210305,11,2,2200209.0,2021,2,13,2,3,5,2,0,0,1,0,1,0,0,0,"796910,6563","5824296,646",13.37374597,52.48784318,4245.0,23.0
210304,11,7,7501134.0,2021,3,12,4,2,6,4,0,0,1,1,0,0,0,1,"799281,6041","5817627,918",13.40258264,52.42677235,4627.0,32.0
210303,11,9,9200715.0,2021,3,9,5,3,5,2,0,0,1,0,0,0,0,0,"808643,3584","5819165,301",13.54125526,52.43535028,6729.0,22.0
210302,11,6,6200313.0,2021,2,6,4,2,6,2,2,0,1,1,0,0,0,1,"795347,9998","5818440,847",13.34561727,52.43619737,3730.0,21.0
210301,11,12,12200412.0,2021,3,13,2,3,5,7,0,0,1,0,0,0,0,0,"788636,8984","5833095,233",13.25987649,52.57116281,2569.0,31.0
210300,11,6,6100102.0,2021,1,17,5,2,5,2,2,0,1,0,0,0,0,1,"793647,6117","5820593,207",13.32256789,52.45640817,3435.0,27.0
210299,11,1,1200518.0,2021,2,13,5,3,5,2,0,1,1,0,0,0,0,1,"793431,4977","5828526,088",13.32638284,52.52763939,3556.0,24.0
210298,11,2,2500833.0,2021,1,9,5,3,0,1,0,0,0,0,1,0,0,1,"802458,29","5827055,745",13.45770669,52.50952792,5451.0,17.0
210297,11,2,2300316.0,2021,3,17,6,3,5,2,0,1,1,0,0,0,0,0,"800700,3395","5826552,211",13.43142718,52.50598645,5050.0,20.0
210296,11,7,7601238.0,2021,2,7,4,3,2,6,0,0,1,0,0,0,0,0,"797680,8939","5817273,162",13.37879454,52.42446555,4226.0,33.0
210295,11,4,4100102.0,2021,1,16,6,3,0,7,1,1,0,0,0,0,0,1,"791127,7118","5829152,424",13.29306816,52.53448961,3058.0,12.0
210294,11,4,4501149.0,2021,3,13,6,3,5,2,0,1,1,0,0,0,0,0,"793465,0021","5824499,503",13.32332509,52.49152482,3446.0,17.0
210293,11,8,8100311.0,2021,1,21,6,3,1,5,2,1,1,0,0,0,0,1,"800695,6899","5824359,707",13.42937976,52.48633692,5044.0,18.0
210292,11,3,3400827.0,2021,3,19,6,2,2,5,2,1,1,0,0,0,0,0,"799172,5147","5832457,015",13.41429895,52.55975396,4866.0,34.0
210291,11,8,8100209.0,2021,2,18,6,3,0,7,2,0,1,0,0,0,0,0,"801811,873","5821965,232",13.44360122,52.46425898,5238.0,21.0
210290,11,11,11300721.0,2021,1,0,7,3,0,1,2,1,0,0,0,0,0,0,"805052,6253","5829100,798",13.49769035,52.52641215,6056.0,34.0
210289,11,5,5100209.0,2021,1,18,2,3,5,2,2,0,1,0,0,0,0,1,"783691,3843","5830170,573",13.18460099,52.54754029,1462.0,21.0
210288,11,3,3601142.0,2021,1,10,3,2,6,4,0,1,0,1,0,0,0,0,"798732,9707","5830327,074",13.40591812,52.54090352,4660.0,23.0
210287,11,9,9100407.0,2021,2,10,6,3,6,4,0,0,1,1,0,0,0,0,"805615,9296","5819682,643",13.49733361,52.44168688,6031.0,34.0
210286,11,7,7200409.0,2021,3,4,1,3,1,1,2,0,1,0,0,0,0,0,"795177,864","5824367,973",13.34836373,52.48942222,3845.0,26.0
210285,11,1,1100309.0,2021,2,13,2,3,2,6,0,0,1,0,0,0,0,2,"798068,353","5828936,066",13.39489976,52.52879893,4557.0,26.0
210284,11,4,4500937.0,2021,2,16,5,3,2,6,0,0,1,0,0,0,0,0,"791469,7825","5825060,96",13.29451276,52.49762729,3048.0,24.0
210283,11,5,5200527.0,2021,1,17,2,1,6,4,2,0,1,1,0,0,0,0,"783187,9829","5827502,959",13.17492375,52.52388374,1255.0,34.0
210282,11,1,1401046.0,2021,3,12,4,3,5,2,0,0,1,0,0,0,0,0,"794616,9598","5829881,925",13.34500871,52.53915414,3760.0,27.0
210281,11,4,4300623.0,2021,1,1,7,3,0,4,2,0,1,1,0,0,0,2,"792726,1893","5826122,625",13.31390107,52.50647234,3350.0,18.0
210280,11,12,12400617.0,2021,2,17,6,2,5,3,2,1,1,0,0,0,0,1,"785956,5297","5837001,543",13.22380733,52.6076002,1980.0,35.0
210279,11,2,2400623.0,2021,1,11,3,3,5,3,0,1,1,0,0,0,0,1,"801242,4196","5827686,705",13.44041661,52.51585609,5253.0,19.0
210278,11,4,4300517.0,2021,1,19,3,3,6,2,2,0,1,1,0,0,0,1,"791482,8917","5828283,193",13.2975276,52.52650725,3056.0,27.0
210277,11,4,4300619.0,2021,2,19,2,3,5,2,2,1,1,0,0,0,0,0,"791780,9285","5827465,256",13.30119071,52.51901517,3154.0,24.0
210276,11,4,4501042.0,2021,3,10,2,2,3,5,0,1,1,0,0,0,0,0,"794341,4057","5825624,502",13.33719023,52.50113793,3649.0,19.0
210275,11,4,4300416.0,2021,3,13,4,3,5,7,0,1,1,0,0,0,0,0,"791596,0098","5826097,691",13.29727479,52.50685405,3050.0,30.0
210274,11,1,1200522.0,2021,1,10,3,3,5,3,0,1,1,0,0,0,0,1,"794219,0046","5828307,448",13.33776435,52.52525498,3656.0,27.0
210273,11,6,6400737.0,2021,2,13,7,3,0,6,0,1,0,0,0,0,1,0,"785418,2688","5818372,444",13.19989085,52.44085647,1631.0,32.0
210272,11,11,11300721.0,2021,3,17,3,3,0,1,0,0,0,0,1,0,0,0,"805165,62","5829789,449",13.49998285,52.5325209,6058.0,26.0
210271,11,1,1100102.0,2021,1,11,3,3,2,6,0,0,1,0,0,0,1,0,"796630,4979","5826687,258",13.37176117,52.50942498,4151.0,21.0
210270,11,1,1400938.0,2021,2,10,4,3,6,4,0,0,1,1,0,0,0,2,"793779,5145","5830452,119",13.33320075,52.54471771,3661.0,28.0
210269,11,8,8100313.0,2021,2,18,5,3,0,4,1,0,0,1,1,0,0,0,"801372,5603","5824763,708",13.43968321,52.48958486,5145.0,21.0