ObjectID,State,District,LOR_ab_2021,AccidentYear,AccidentMonth,AccidentHour,DayOfWeek,AccidentCategory,AccidentType,AccidentTypeDetail,LightingCondition,InvolvingBike,InvolvingCar,InvolvingPedestrian,InvolvingMotorcycle,InvolvingHGV,InvolvingOther,RoadCondition,GraphicCoord1,GraphicCoord2,LongitudeWGS84,LatitudeWGS84,quadrant,quadrant_rank
210268,11,7,7601544.0,2021,1,16,2,3,2,6,0,0,1,0,0,0,0,0,"799901,2985","5813192,173",13.40769684,52.38667237,4715.0,30.0
210267,11,2,2200210.0,2021,3,12,4,3,5,3,0,1,1,1,0,0,0,0,"798486,7613","5825222,172",13.39771834,52.49527992,4547.0,20.0
210266,11,5,5100315.0,2021,3,21,2,2,6,4,2,0,1,1,1,0,0,0,"784879,2492","5829539,282",13.20153008,52.54126028,1660.0,16.0
210265,11,6,6300633.0,2021,1,11,2,2,9,1,0,0,1,0,0,0,0,2,"793203,7041","5819646,822",13.31522272,52.44816239,3333.0,31.0
210264,11,1,1401047.0,2021,1,7,4,3,5,2,2,1,1,0,0,0,0,1,"795259,2603","5830462,14",13.35496731,52.54400765,3961.0,24.0
210263,11,9,9100304.0,2021,2,17,2,3,6,2,1,0,1,1,0,0,0,0,"804805,8299","5822374,842",13.48790947,52.46626834,5938.0,33.0
210262,11,4,4200310.0,2021,3,20,2,3,5,3,2,0,1,0,0,0,1,1,"789459,6764","5826669,538",13.26638398,52.51311848,2652.0,28.0
210261,11,2,2400623.0,2021,3,12,4,3,5,2,0,1,1,0,0,0,0,0,"800674,8061","5827572,211",13.43197356,52.51514306,5053.0,21.0
210260,11,3,3701658.0,2021,2,17,1,3,2,6,2,0,1,0,0,0,0,2,"800104,8559","5829686,466",13.42550763,52.53440774,4958.0,31.0
210259,11,11,11300721.0,2021,2,11,7,3,0,7,0,1,1,0,0,0,1,0,"805431,4175","5829110,898",13.5032658,52.52629061,6156.0,35.0
210258,11,1,1300733.0,2021,1,12,4,3,6,7,0,0,1,1,0,0,0,1,"797096,9793","5831730,188",13.38312155,52.55437522,4364.0,15.0
210257,11,12,12500930.0,2021,2,15,3,3,5,2,0,1,1,0,0,0,0,0,"793947,3557","5835309,322",13.33997263,52.58816868,3774.0,21.0
210256,11,5,5200420.0,2021,2,11,7,3,4,6,0,0,1,0,0,0,1,2,"782766,6567","5828174,187",13.16930105,52.53012088,1157.0,35.0
210255,11,9,9401329.0,2021,1,22,4,3,7,7,2,0,0,0,1,0,0,0,"812832,4219","5819345,776",13.60284585,52.43458802,7629.0,35.0
210254,11,12,12200515.0,2021,3,13,6,3,2,7,0,0,1,0,0,0,0,0,"789961,0763","5835548,387",13.28150656,52.59245145,2875.0,33.0
210253,11,1,1300835.0,2021,2,16,2,3,5,2,0,0,1,0,0,0,0,0,"797391,3274","5830020,483",13.38591939,52.53888918,4360.0,29.0
210252,11,10,10100313.0,2021,1,12,5,2,2,6,0,0,1,0,1,0,0,0,"808517,3689","5831180,074",13.55053043,52.5430967,6861.0,30.0
210251,11,1,1401044.0,2021,3,15,4,3,1,1,0,0,1,0,0,0,1,1,"796178,8376","5831232,303",13.36917478,52.55041226,4163.0,27.0
210250,11,1,1100310.0,2021,3,19,5,3,0,1,2,0,0,0,0,0,1,1,"798478,096","5828247,781",13.40030412,52.52240522,4655.0,17.0
210249,11,3,3601140.0,2021,3,9,7,3,5,2,0,1,0,0,0,0,1,0,"798517,3773","5831494,439",13.40379782,52.55148541,4663.0,33.0
210248,11,7,7601545.0,2021,2,20,4,3,0,5,2,0,1,0,0,0,0,0,"800566,565","5814129,337",13.41828323,52.39470824,4817.0,34.0
210247,11,12,12500824.0,2021,3,18,2,3,6,2,2,0,1,1,0,0,0,0,"790701,0544","5835392,387",13.29226272,52.59065793,3075.0,30.0
210246,11,12,12500928.0,2021,1,19,5,3,6,4,2,0,1,1,0,0,0,1,"792077,8752","5837104,955",13.31403993,52.60527276,3379.0,32.0
210245,11,9,9100101.0,2021,2,19,4,3,6,2,2,0,1,1,0,0,0,1,"802353,5095","5824747,089",13.45407167,52.48889351,5445.0,30.0
210244,11,3,3200310.0,2021,3,17,6,3,0,4,0,0,1,1,0,0,0,0,"799530,4832","5837790,807",13.42438444,52.60736544,4980.0,32.0
210243,11,3,3601453.0,2021,2,17,7,3,5,2,2,1,1,0,0,0,0,2,"802387,0823","5828846,5",13.45828826,52.52561784,5456.0,27.0
210242,11,3,3200204.0,2021,2,15,4,2,5,2,0,1,1,0,0,0,0,0,"798049,287","5837195,636",13.40204006,52.60284478,4678.0,30.0
210241,11,12,12100205.0,2021,1,9,3,3,2,6,0,0,1,0,0,0,0,2,"794248,1748","5835451,153",13.34452615,52.58927745,3774.0,21.0
210240,11,8,8100312.0,2021,3,8,5,3,0,6,0,0,1,0,1,0,0,0,"801071,7586","5824917,433",13.43540525,52.49112872,5146.0,24.0
210239,11,9,9100305.0,2021,2,18,1,3,5,2,2,0,1,0,0,0,1,2,"805017,3174","5822704,571",13.4913144,52.46910555,5939.0,17.0
210238,11,11,11100204.0,2021,3,15,7,3,5,2,0,0,1,0,0,0,0,1,"805956,7822","5833709,218",13.51522152,52.5672072,6368.0,28.0
210237,11,6,6200314.0,2021,1,18,5,3,2,6,2,0,1,0,0,0,0,1,"794571,9571","5817705,787",13.33358681,52.43002639,3628.0,32.0
210236,11,8,8100104.0,2021,1,16,1,3,0,5,2,1,1,0,0,0,0,1,"800872,8111","5822467,963",13.43027357,52.46928301,5039.0,22.0
210235,11,8,8100102.0,2021,2,16,1,2,5,2,0,0,1,0,1,0,0,0,"800486,377","5823549,643",13.42557635,52.47919124,4942.0,9.0
210234,11,1,2100104.0,2021,3,16,2,3,2,7,0,0,1,0,0,0,0,0,"799364,8239","5826332,852",13.41161195,52.50475465,4750.0,30.0
210233,11,7,7501031.0,2021,1,11,4,3,5,3,0,1,0,0,0,1,0,0,"799470,0617","5820515,232",13.40793314,52.45255021,4734.0,34.0
210232,11,4,4400834.0,2021,2,18,4,3,6,4,2,0,1,1,0,0,0,2,"792669,8231","5823057,032",13.31038002,52.47902034,3242.0,25.0
210231,11,12,12400723.0,2021,2,12,5,3,5,3,0,0,1,0,0,0,0,0,"791698,2701","5839251,104",13.31034293,52.6247159,3285.0,33.0
210230,11,11,11300617.0,2021,1,18,4,3,5,2,2,1,1,0,0,0,0,0,"803090,3371","5829538,646",13.46925351,52.53143091,5657.0,32.0
210229,11,8,8100209.0,2021,3,7,4,3,2,6,0,0,1,0,0,0,0,0,"801743,1908","5822067,088",13.4426854,52.46520986,5238.0,21.0
210228,11,4,4501152.0,2021,1,14,6,3,5,2,0,1,1,0,0,0,0,0,"793976,6113","5824458,417",13.3308025,52.49088122,3546.0,24.0
210227,11,4,4200308.0,2021,1,13,3,3,2,2,0,0,1,0,0,0,0,2,"788491,4479","5827719,59",13.25306653,52.5230456,2455.0,34.0
210226,11,1,1100102.0,2021,1,19,3,3,0,6,2,0,1,0,1,0,0,1,"795072,3777","5827223,179",13.34934474,52.51507414,3853.0,21.0
210225,11,3,3500934.0,2021,2,15,2,3,5,3,0,0,1,0,0,0,0,0,"800502,9514","5831781,198",13.43325402,52.55296393,5064.0,18.0
210224,11,4,4300624.0,2021,3,18,3,2,5,3,2,1,1,0,0,0,0,0,"793257,5868","5826077,906",13.32166869,52.50578607,3450.0,28.0
210223,11,3,3501038.0,2021,3,17,4,3,1,5,0,1,0,0,0,1,0,0,"803167,3237","5831369,699",13.47205564,52.54779937,5662.0,28.0
210222,11,4,4400726.0,2021,2,17,7,3,6,6,2,0,1,1,0,0,0,2,"790233,3152","5824588,42",13.27593819,52.49404988,2747.0,35.0
210221,11,7,7601236.0,2021,2,21,7,2,6,4,2,0,1,1,0,0,0,0,"796567,4106","5816249,672",13.36156,52.41589536,4024.0,31.0
210220,11,7,7501029.0,2021,1,18,6,2,6,3,2,0,1,1,0,0,0,1,"797367,2653","5819343,935",13.37603758,52.44319863,4232.0,34.0
210219,11,7,7400823.0,2021,2,16,3,3,6,2,2,0,0,1,1,0,0,1,"797289,7079","5821226,116",13.37657526,52.46011274,4237.0,31.0
210218,11,9,9100304.0,2021,1,11,3,3,6,4,0,1,1,1,0,0,0,1,"804601,5042","5822059,646",13.48462335,52.46355727,5838.0,26.0
210217,11,9,9501838.0,2021,3,17,5,3,2,6,0,0,1,0,0,0,0,0,"820165,4117","5819626,072",13.7106165,52.43285718,9229.0,34.0
210216,11,7,7100102.0,2021,3,7,7,3,8,1,0,0,1,0,0,0,0,0,"794961,5168","5825560,45",13.34624245,52.50022891,3848.0,24.0
210215,11,9,9502043.0,2021,2,14,4,3,5,3,0,1,1,0,0,0,0,0,"809220,5463","5823021,8",13.55328922,52.46958581,6839.0,30.0
210214,11,1,1300733.0,2021,1,23,5,3,9,1,2,0,1,0,0,0,0,1,"797021,4522","5831512,53",13.3818161,52.55246536,4364.0,15.0
210213,11,9,9200819.0,2021,3,7,4,3,5,2,0,1,1,0,0,0,0,0,"810778,3393","5818648,881",13.57208033,52.42951352,7128.0,33.0
210212,11,1,1100309.0,2021,3,15,6,3,1,5,0,1,0,0,0,1,0,0,"798670,5822","5828707,183",13.40354533,52.52641772,4656.0,24.0
210211,11,12,12200412.0,2021,3,6,2,3,2,6,0,0,1,0,0,0,0,0,"789784,5522","5833673,884",13.27726874,52.57574063,2770.0,31.0
210210,11,1,1300834.0,2021,2,18,2,3,2,6,2,0,1,0,0,0,0,2,"797437,3871","5831142,679",13.38760134,52.54892314,4463.0,17.0
210209,11,6,6100208.0,2021,1,11,2,3,5,7,0,0,1,0,0,0,1,2,"794767,9487","5820813,001",13.33920232,52.45777544,3636.0,32.0
210208,11,7,7400720.0,2021,3,14,3,2,5,2,0,0,1,0,0,0,1,0,"797207,361","5823599,939",13.37748164,52.48143649,4243.0,28.0
210207,11,4,4300624.0,2021,1,20,2,3,6,2,2,0,1,1,0,0,0,1,"793345,4028","5826090,331",13.32296976,52.50585024,3450.0,28.0
210206,11,7,7601547.0,2021,2,9,4,2,6,7,0,0,1,1,0,0,0,1,"800034,353","5813250,115",13.40969793,52.3871189,4715.0,30.0
210205,11,10,10300734.0,2021,2,13,6,2,6,4,0,0,1,1,0,0,0,1,"809578,4244","5825289,759",13.56064644,52.48970802,6945.0,34.0
210204,11,11,11401137.0,2021,3,8,2,3,2,6,0,1,1,0,0,0,0,0,"806776,4317","5825678,45",13.51986608,52.49477329,6347.0,34.0
210203,11,4,4300622.0,2021,1,8,4,3,5,2,0,1,1,0,0,0,0,1,"793676,862","5826072,268",13.32782334,52.50551,3550.0,10.0
210202,11,9,9401329.0,2021,2,11,3,3,1,5,0,0,1,0,0,0,0,1,"811788,4997","5818279,506",13.58654559,52.42562866,7326.0,33.0
210201,11,7,7601238.0,2021,1,9,5,2,2,2,0,0,1,0,0,0,0,0,"798522,7335","5816818,134",13.39073231,52.4199281,4425.0,29.0
210200,11,7,7200308.0,2021,3,16,6,3,0,4,0,1,0,1,0,0,0,0,"795143,4031","5823170,735",13.34679763,52.47870842,3842.0,33.0
210199,11,9,9200510.0,2021,2,17,3,3,6,7,1,1,0,1,0,0,0,0,"806447,4401","5822249,315",13.51188382,52.4642251,6238.0,27.0
210198,11,8,8100102.0,2021,1,14,7,3,1,5,0,0,1,0,0,0,1,1,"800516,058","5823437,743",13.42591123,52.4781719,4942.0,9.0
210197,11,4,4400728.0,2021,3,17,4,2,6,4,0,0,1,1,0,0,0,0,"790037,9893","5823780,664",13.27236609,52.48691202,2744.0,34.0
210196,11,8,8100208.0,2021,3,8,5,3,0,2,0,1,1,0,0,0,0,1,"801637,0967","5822641,373",13.44164758,52.47041588,5240.0,29.0
210195,11,8,8200726.0,2021,3,17,1,3,5,2,1,0,1,0,0,0,0,0,"802369,622","5819929,247",13.44994255,52.44570184,5332.0,30.0
210194,11,9,9200715.0,2021,2,11,3,3,5,3,0,0,1,0,0,0,0,1,"808100,9629","5818953,636",13.53310676,52.43375908,6529.0,33.0
210193,11,10,10100312.0,2021,3,15,3,3,5,3,0,1,1,0,0,0,0,0,"808498,075","5829508,787",13.54869552,52.52812991,6856.0,34.0
210192,11,7,7100101.0,2021,1,17,5,3,1,5,2,1,1,0,0,0,0,1,"794637,7079","5825746,476",13.34165063,52.50207145,3749.0,22.0
210191,11,3,3400619.0,2021,2,16,4,3,5,3,0,0,1,0,0,0,0,1,"795863,1973","5835596,065",13.36842595,52.58970042,4174.0,29.0
210190,11,9,9501737.0,2021,3,8,6,3,0,3,0,0,1,0,0,0,0,1,"814210,1404","5821999,652",13.62554104,52.45757975,7936.0,29.0
210189,11,11,2500835.0,2021,2,16,4,3,2,6,0,0,1,0,0,0,1,0,"803279,5637","5826314,461",13.4690956,52.50242798,5649.0,30.0
210188,11,1,1200623.0,2021,1,20,2,3,6,4,2,1,0,1,0,0,0,0,"795801,1895","5829040,275",13.36166973,52.530968,4057.0,33.0
210187,11,3,3500936.0,2021,3,14,6,3,5,2,0,0,1,0,0,0,1,1,"802268,288","5831574,409",13.45902391,52.55013372,5463.0,26.0
210186,11,1,1200628.0,2021,3,17,7,3,5,2,0,1,1,0,0,0,0,1,"795727,5688","5828198,207",13.35983865,52.52345957,4055.0,30.0
210185,11,10,10200421.0,2021,3,12,2,3,2,6,0,0,1,0,0,0,0,0,"812101,6373","5830901,662",13.60295133,52.53856073,7660.0,31.0
210184,11,6,6400844.0,2021,1,15,5,2,0,2,0,0,1,0,0,0,1,1,"790387,9838","5820840,414",13.27494622,52.4603661,2737.0,30.0
210183,11,4,4501043.0,2021,1,14,1,3,6,7,0,0,1,1,0,0,0,0,"792911,7253","5824396,527",13.31510883,52.49089884,3346.0,28.0
210182,11,1,1100310.0,2021,2,20,2,3,5,2,2,0,1,0,0,0,0,0,"799245,9638","5828468,918",13.41178694,52.52396652,4755.0,4.0
210181,11,3,3100101.0,2021,3,16,2,3,0,1,0,0,0,0,0,0,1,0,"802024,907","5840382,05",13.46347499,52.62920996,5586.0,35.0
210180,11,6,6100209.0,2021,1,17,4,3,6,4,2,0,1,1,0,0,0,0,"794751,6041","5821238,764",13.3393384,52.461601,3737.0,26.0
210179,11,12,12500825.0,2021,2,14,3,3,5,3,0,0,1,0,0,0,0,2,"791643,4513","5834492,359",13.30534255,52.58208501,3172.0,31.0
210178,11,7,7400721.0,2021,2,17,5,3,4,6,0,1,0,0,0,0,0,0,"798744,4908","5823946,609",13.40035989,52.48370517,4643.0,30.0
210177,11,4,4501152.0,2021,1,18,3,3,6,2,2,0,1,1,0,0,0,1,"793977,4897","5824447,331",13.33080562,52.49078137,3546.0,24.0
210176,11,3,3601142.0,2021,3,9,4,3,0,1,0,1,0,0,0,0,0,0,"799181,3164","5831224,038",13.41331723,52.54869743,4862.0,22.0
210175,11,9,9100304.0,2021,1,3,6,3,2,7,2,0,1,0,0,0,0,0,"804296,1294","5821790,496",13.4798969,52.46131509,5737.0,31.0
210174,11,7,7400720.0,2021,1,17,5,3,2,6,2,0,1,0,1,0,0,1,"797303,0841","5822582,158",13.3779797,52.47226102,4240.0,33.0
210173,11,1,1300834.0,2021,1,17,4,3,2,6,2,0,1,1,0,0,0,1,"798428,4466","5830218,318",13.40134352,52.54009554,4660.0,23.0
210172,11,9,9401534.0,2021,2,14,2,3,0,6,0,0,1,0,1,0,0,0,"810818,0403","5820307,289",13.57420433,52.44435302,7132.0,24.0
210171,11,8,8100206.0,2021,3,19,3,3,2,7,2,1,1,0,0,0,0,0,"800704,4886","5823897,797",13.42909228,52.48219181,5043.0,24.0
210170,11,7,7501031.0,2021,3,15,4,3,1,5,0,1,1,0,0,0,0,0,"797933,5161","5820446,843",13.38532767,52.45277681,4334.0,22.0
210169,11,7,7501133.0,2021,2,17,3,3,2,6,2,0,1,0,0,0,1,1,"798171,1886","5819016,264",13.38753809,52.43982365,4431.0,31.0
210168,11,3,3601141.0,2021,3,7,3,2,5,2,0,1,1,0,0,0,0,0,"798816,199","5831461,976",13.40816272,52.55103059,4763.0,33.0
210167,11,11,11501340.0,2021,1,18,7,2,6,4,2,0,1,1,0,0,0,0,"807240,3908","5824292,701",13.52540115,52.48209304,6443.0,27.0
210166,11,2,2100101.0,2021,2,8,2,3,5,2,0,1,1,0,0,0,0,0,"797666,4985","5825846,145",13.38622927,52.50132108,4349.0,31.0
210165,11,9,9100203.0,2021,3,8,6,3,2,7,0,0,1,0,0,0,0,0,"804255,0672","5824135,165",13.48143281,52.48235261,5843.0,34.0
210164,11,5,5100208.0,2021,2,13,7,3,4,1,0,0,1,0,0,0,0,2,"781570,058","5829947,589",13.15321092,52.54664156,962.0,35.0
210163,11,7,7601544.0,2021,2,12,5,3,5,3,0,1,1,0,0,0,0,0,"799474,2837","5813160,221",13.4014125,52.38661951,4615.0,32.0
210162,11,1,1100310.0,2021,1,20,6,3,0,7,2,0,1,0,0,0,0,0,"799339,2721","5827653,452",13.41242433,52.51660588,4753.0,15.0
210161,11,1,1100313.0,2021,3,13,5,3,5,2,0,1,1,0,0,0,0,0,"799981,3937","5826939,188",13.4212151,52.50985085,4951.0,26.0
210160,11,2,2500835.0,2021,3,20,5,3,2,6,2,1,1,0,0,0,0,1,"802406,8572","5826148,662",13.45612725,52.50142627,5449.0,28.0
210159,11,4,4300623.0,2021,3,6,2,3,2,6,0,0,1,0,1,0,0,0,"792435,739","5826103,503",13.30961707,52.50645668,3250.0,18.0
210158,11,12,12100205.0,2021,2,18,6,3,2,6,2,0,1,0,0,0,0,0,"794457,3242","5832966,317",13.34539741,52.56688972,3768.0,33.0
210157,11,4,4300416.0,2021,1,13,6,3,5,2,0,1,1,0,0,0,0,1,"791711,0404","5826103,461",13.29896988,52.50684427,3150.0,16.0
210156,11,8,8100102.0,2021,3,12,3,3,5,2,0,1,1,0,0,0,0,0,"800175,464","5823650,664",13.42110297,52.48026771,4942.0,9.0
210155,11,10,10100101.0,2021,1,17,1,2,6,4,2,0,1,1,1,0,0,1,"809014,212","5834325,516",13.56076169,52.57100346,6969.0,33.0
210154,11,8,8200622.0,2021,2,5,4,3,1,5,2,0,1,0,0,0,0,1,"801240,8739","5821609,573",13.43490074,52.46138619,5137.0,25.0
210153,11,2,2300419.0,2021,3,15,3,3,5,3,0,1,0,0,0,0,0,0,"801733,3771","5825453,594",13.44560598,52.4955691,5247.0,34.0
210152,11,11,11300722.0,2021,2,17,2,3,0,1,2,0,0,0,1,0,0,2,"803424,4385","5828351,966",13.47308094,52.52060915,5654.0,32.0
210151,11,1,1100101.0,2021,2,11,6,2,6,7,0,0,1,1,0,0,0,0,"794972,8188","5825955,877",13.34675874,52.50376753,3849.0,21.0
210150,11,8,8100207.0,2021,1,15,2,3,5,3,0,1,0,0,0,0,1,0,"801306,9866","5823560,345",13.43763267,52.47883503,5142.0,24.0
210149,11,5,5100105.0,2021,3,9,5,3,5,2,0,0,1,0,0,0,1,1,"784590,6969","5831092,077",13.19861757,52.55533339,1664.0,24.0
210148,11,5,5200632.0,2021,1,11,7,3,8,1,0,0,1,0,0,0,0,2,"786150,561","5827273,218",13.21827418,52.52027713,1954.0,35.0
210147,11,10,10100205.0,2021,3,17,1,3,5,3,1,0,1,0,0,0,0,1,"807610,1316","5832363,226",13.53829056,52.55421293,6664.0,30.0
210146,11,4,4300518.0,2021,1,17,2,2,5,3,2,1,1,0,0,0,0,1,"792203,9849","5828107,489",13.30797214,52.5245461,3255.0,30.0
210145,11,2,2100102.0,2021,1,7,3,2,5,3,2,0,1,0,0,0,0,1,"798185,0387","5826507,304",13.39443787,52.50696443,4550.0,14.0
210144,11,4,4200310.0,2021,2,19,2,2,1,1,2,0,1,0,0,0,0,0,"789066,3025","5826974,662",13.2608685,52.51606264,2553.0,24.0
210143,11,7,7601544.0,2021,3,10,3,3,5,2,0,1,0,0,1,0,0,0,"799523,285","5813992,505",13.40287409,52.39405316,4617.0,31.0
210142,11,2,2500728.0,2021,3,15,4,3,6,4,0,1,0,1,0,0,0,0,"803018,5046","5828285,412",13.46705582,52.52023835,5654.0,32.0
210141,11,12,12200515.0,2021,1,14,4,3,3,2,0,0,1,0,0,0,1,0,"790430,8259","5835179,146",13.28809794,52.58889062,2974.0,33.0
210140,11,8,8100520.0,2021,2,14,2,3,3,2,0,0,1,0,0,0,0,1,"803195,9041","5822734,415",13.4646103,52.47038691,5540.0,27.0
210139,11,2,2300316.0,2021,3,16,2,3,0,3,0,0,1,0,1,0,0,0,"800734,127","5826517,945",13.43189253,52.50566069,5050.0,20.0
210138,11,4,4500936.0,2021,1,18,4,3,6,2,2,0,1,1,0,0,0,1,"792095,1637","5825783,309",13.3043325,52.50376865,3149.0,22.0
210137,11,2,2500831.0,2021,3,12,6,3,3,6,0,1,0,0,0,1,0,0,"803056,1059","5827005,973",13.46644308,52.50875005,5551.0,9.0
210136,11,7,7501031.0,2021,2,12,4,3,5,7,0,0,1,0,0,0,1,1,"798436,1997","5820499,195",13.39274993,52.45297187,4434.0,34.0
210135,11,5,5100105.0,2021,2,12,6,3,5,3,0,1,1,0,0,0,0,0,"785201,8584","5831871,845",13.20827786,52.56200495,1766.0,23.0
210134,11,5,5300840.0,2021,1,13,2,3,2,6,0,0,1,0,1,0,0,0,"788898,5766","5829301,395",13.26042523,52.53701137,2559.0,27.0
210133,11,1,1100103.0,2021,3,18,5,2,6,4,1,0,0,1,1,0,0,0,"795291,0125","5826135,607",13.35159241,52.50520657,3850.0,16.0
210132,11,3,3400721.0,2021,3,13,6,2,5,2,0,1,1,0,0,0,0,0,"797821,6798","5832997,427",13.39491627,52.5653385,4567.0,25.0
210131,11,11,11300722.0,2021,3,14,2,3,1,5,0,1,1,0,0,0,0,0,"803553,6948","5828340,911",13.47497003,52.52043813,5754.0,30.0
210130,11,4,4300414.0,2021,1,11,3,3,5,3,0,0,1,0,0,0,0,1,"791451,4375","5827212,862",13.29612736,52.51692869,3053.0,35.0
210129,11,1,1400938.0,2021,1,20,3,3,5,3,2,0,1,0,0,0,0,1,"794439,2248","5831463,457",13.34379774,52.5534275,3764.0,32.0
210128,11,9,9200511.0,2021,2,5,2,2,5,3,2,0,1,0,1,0,0,0,"807854,3774","5822054,697",13.5323487,52.46169008,6537.0,30.0
210127,11,3,3400620.0,2021,3,22,1,2,5,2,2,0,1,0,0,0,0,1,"796758,6104","5834009,81",13.38018445,52.57499382,4370.0,30.0
210126,11,11,11401033.0,2021,1,7,5,2,6,2,2,0,1,1,0,0,0,1,"806960,4446","5827802,346",13.52452603,52.51370453,6452.0,34.0
210125,11,9,9100202.0,2021,2,13,1,3,5,7,0,0,1,0,0,0,0,2,"803061,7211","5824413,842",13.46416719,52.48551397,5544.0,31.0
210124,11,10,10100104.0,2021,2,21,7,3,1,5,2,0,0,0,0,1,1,0,"810115,173","5834527,851",13.57714377,52.57219057,7269.0,35.0
210123,11,2,2100104.0,2021,1,6,4,3,5,3,2,1,1,0,0,0,0,1,"799327,382","5826236,786",13.41097559,52.50391409,4749.0,3.0
210122,11,7,7501029.0,2021,3,12,4,3,2,6,0,1,0,0,0,0,1,0,"797515,872","5820065,284",13.37885992,52.44958398,4234.0,31.0
210121,11,11,11100206.0,2021,2,5,3,3,5,2,2,0,1,0,0,0,0,1,"805090,3309","5834617,054",13.50331281,52.57582977,6170.0,32.0
210120,11,6,6200314.0,2021,1,12,4,3,0,5,0,0,1,0,1,0,0,0,"794830,7347","5817895,556",13.33754929,52.43158818,3628.0,32.0
210119,11,2,2100106.0,2021,1,13,5,3,0,1,0,1,0,0,0,0,0,2,"799581,6273","5825642,07",13.41417514,52.49844383,4848.0,7.0
210118,11,10,10400938.0,2021,3,12,6,3,5,3,0,0,1,0,0,0,0,0,"814189,4225","5830066,059",13.63284361,52.52987353,8057.0,35.0
210117,11,10,10100311.0,2021,2,13,2,3,5,2,0,0,1,0,0,0,0,0,"806333,4371","5830184,824",13.51750984,52.53540929,6359.0,19.0
210116,11,3,3300514.0,2021,3,10,2,3,5,3,0,0,1,0,0,0,0,0,"802500,3898","5836824,387",13.46722572,52.59705925,5677.0,35.0
210115,11,11,11300619.0,2021,3,13,5,3,5,3,0,1,1,0,0,0,0,0,"803669,8355","5828775,329",13.47707311,52.52426703,5755.0,29.0
210114,11,6,6400840.0,2021,2,13,5,3,0,1,0,1,1,0,0,0,0,1,"788698,5364","5819790,098",13.24924135,52.45184463,2334.0,32.0
210113,11,7,7601341.0,2021,3,21,3,3,2,6,2,0,1,0,0,0,0,0,"797565,6597","5815548,761",13.37557162,52.40907055,4222.0,31.0
210112,11,12,12500825.0,2021,1,15,5,3,2,6,1,0,1,0,0,0,0,1,"792345,481","5835048,24",13.31616463,52.58669147,3374.0,27.0
210111,11,1,1300733.0,2021,2,19,4,3,6,4,2,0,1,1,0,0,0,1,"797018,9363","5831531,013",13.38179564,52.55263241,4364.0,15.0
210110,11,12,12601133.0,2021,2,15,2,3,5,3,0,0,1,0,0,0,0,2,"795734,9294","5837043,604",13.36783077,52.60274579,4178.0,31.0
210109,11,12,12100205.0,2021,3,10,7,2,2,6,0,0,1,0,0,0,1,0,"795571,3371","5834537,849",13.36318633,52.58037326,4072.0,33.0
210108,11,4,4200311.0,2021,2,14,4,3,5,3,0,1,0,0,0,0,0,0,"790477,41","5825988,024",13.28074429,52.50646761,2850.0,20.0
210107,11,8,8100105.0,2021,1,13,1,2,9,7,0,0,1,1,0,0,1,1,"801009,1985","5822149,028",13.4319876,52.46634917,5038.0,23.0
210106,11,4,4501147.0,2021,3,21,5,3,6,4,2,0,1,1,0,0,0,1,"792873,9682","5824310,139",13.31447839,52.49014466,3345.0,25.0
210105,11,11,11100206.0,2021,3,17,1,3,5,3,0,1,1,0,0,0,0,1,"805545,892","5834234,687",13.50966221,52.57214734,6269.0,34.0
210104,11,9,9100101.0,2021,3,10,2,2,5,3,0,1,1,0,0,0,0,0,"802095,9045","5825008,851",13.45052654,52.49138231,5346.0,34.0
210103,11,2,2500831.0,2021,2,14,6,3,6,4,0,1,0,1,0,0,0,0,"803081,3368","5827445,99",13.46721438,52.51267984,5652.0,19.0
210102,11,1,1100104.0,2021,1,14,7,3,9,7,0,0,1,0,0,0,0,0,"796097,5784","5825570,205",13.3629383,52.49970112,4048.0,16.0
210101,11,8,8200726.0,2021,1,14,3,3,5,2,0,1,1,0,0,0,0,1,"802366,5237","5819912,36",13.44988181,52.44555219,5332.0,30.0
210100,11,3,3701555.0,2021,1,14,3,3,1,5,0,1,1,0,0,0,0,1,"799572,9647","5830088,323",13.41805169,52.53830235,4859.0,31.0
210099,11,5,5200528.0,2021,2,9,5,3,2,6,0,0,1,0,0,0,0,1,"783794,9286","5826305,689",13.1828244,52.5128332,1352.0,32.0
210098,11,11,11200411.0,2021,3,15,3,2,5,2,0,1,1,0,0,0,0,0,"805606,1936","5831603,563",13.50812633,52.54853271,6262.0,30.0
210097,11,1,1100206.0,2021,1,14,3,3,0,1,0,1,0,0,0,0,0,0,"797963,5368","5827080,911",13.39169744,52.51222713,4452.0,29.0
210096,11,4,4501148.0,2021,2,9,3,3,5,2,0,0,1,0,0,0,0,2,"792824,1357","5823228,314",13.31279614,52.48047312,3343.0,24.0
210095,11,1,1100308.0,2021,2,20,5,3,5,3,2,1,1,0,0,0,0,0,"797083,8086","5828186,314",13.37975939,52.52261569,4355.0,32.0
210094,11,5,5100313.0,2021,1,13,2,2,3,6,0,1,1,0,0,0,0,0,"785194,2052","5831098,867",13.207501,52.55507856,1764.0,32.0
210093,11,4,4501042.0,2021,3,14,4,3,1,5,0,0,0,0,1,0,1,0,"794423,124","5826078,216",13.33879181,52.50516113,3650.0,20.0