ObjectID,State,District,LOR_ab_2021,AccidentYear,AccidentMonth,AccidentHour,DayOfWeek,AccidentCategory,AccidentType,AccidentTypeDetail,LightingCondition,InvolvingBike,InvolvingCar,InvolvingPedestrian,InvolvingMotorcycle,InvolvingHGV,InvolvingOther,RoadCondition,GraphicCoord1,GraphicCoord2,LongitudeWGS84,LatitudeWGS84,quadrant,quadrant_rank
209915,11,12,12400720.0,2021,2,9,6,3,5,7,0,0,1,0,0,0,0,0,"790090,7795","5840098,831",13.2874061,52.63317639,2987.0,32.0
209914,11,9,9200715.0,2021,3,11,1,3,2,6,0,0,1,0,0,0,0,1,"807685,4364","5818114,884",13.52624212,52.42647586,6427.0,27.0
209913,11,4,4200308.0,2021,2,14,5,3,3,2,0,0,1,0,0,0,0,0,"790576,6992","5827337,965",13.2833818,52.51851702,2854.0,7.0
209912,11,12,12100204.0,2021,1,7,6,3,5,3,2,0,1,0,0,0,0,1,"795471,099","5832482,135",13.35987979,52.56200021,4066.0,24.0
209911,11,8,8401246.0,2021,3,15,3,3,5,2,0,1,0,0,1,0,0,0,"807005,1593","5817444,192",13.51565314,52.42084698,6325.0,35.0
209910,11,8,8100208.0,2021,1,17,2,3,2,6,2,0,0,0,0,0,1,1,"801593,958","5822840,268",13.44119424,52.47222244,5240.0,29.0
209909,11,1,1100308.0,2021,2,12,4,3,1,5,0,1,1,0,0,0,0,1,"797493,8255","5828806,548",13.3863397,52.52795179,4456.0,17.0
209908,11,3,3400724.0,2021,3,17,6,3,5,3,1,1,1,0,0,0,0,0,"800030,6468","5834667,931",13.42891958,52.57909878,5071.0,29.0
209907,11,3,3500934.0,2021,2,11,5,3,2,6,0,0,1,0,0,1,0,2,"801059,9122","5831419,745",13.4411162,52.54941664,5263.0,26.0
209906,11,9,9100409.0,2021,2,15,5,3,5,3,0,0,1,0,0,0,1,0,"807062,2563","5818317,923",13.51729212,52.42864564,6327.0,30.0
209905,11,1,1100207.0,2021,1,9,3,3,5,3,0,1,1,0,0,0,0,0,"798481,8171","5826666,263",13.39894011,52.50822701,4551.0,19.0
209904,11,1,1400942.0,2021,3,15,5,3,5,3,0,0,1,0,0,0,0,0,"794648,3517","5830521,459",13.34603745,52.54487012,3861.0,24.0
209903,11,10,10100104.0,2021,3,19,7,3,6,4,2,0,1,1,0,0,0,1,"810321,1266","5833581,103",13.57928735,52.56358904,7267.0,32.0
209902,11,7,7501029.0,2021,3,12,2,3,5,2,0,0,1,0,0,0,1,0,"797539,533","5819904,582",13.37906392,52.44813057,4233.0,29.0
209901,11,6,6400843.0,2021,1,18,3,3,6,4,2,0,1,1,0,0,0,1,"792010,5294","5820635,54",13.2985805,52.45766481,3036.0,32.0
209900,11,1,1400937.0,2021,1,14,4,3,5,2,0,0,1,0,0,0,0,0,"793963,9515","5832013,577",13.33729518,52.55861569,3665.0,30.0
209899,11,4,4400728.0,2021,2,10,2,3,5,2,0,1,1,0,0,0,0,0,"790684,5371","5822677,51",13.28089926,52.47667826,2841.0,29.0
209898,11,9,9200614.0,2021,3,19,2,3,5,3,2,1,1,0,0,0,0,1,"808381,0692","5820893,165",13.53900372,52.45098344,6634.0,30.0
209897,11,1,1100312.0,2021,3,12,5,3,1,5,0,1,1,0,0,0,0,1,"799264,1482","5826920,941",13.41066179,52.51008123,4751.0,30.0
209896,11,12,12200309.0,2021,1,5,4,3,1,5,2,1,1,0,0,0,0,1,"793008,9193","5832673,572",13.32383063,52.56504693,3467.0,28.0
209895,11,10,10200629.0,2021,2,13,7,3,5,3,0,0,1,0,0,0,0,1,"811123,3312","5828405,991",13.58623826,52.51675559,7353.0,29.0
209894,11,10,10200627.0,2021,2,14,7,2,6,4,0,0,1,1,0,0,0,0,"811178,3624","5829839,525",13.58838783,52.52957056,7457.0,29.0
209893,11,12,12500824.0,2021,1,17,4,3,1,5,2,0,1,0,0,1,0,1,"790634,4532","5835709,823",13.29156087,52.59353928,2976.0,27.0
209892,11,3,3400721.0,2021,3,15,4,3,6,7,0,0,1,1,0,0,0,0,"797998,3787","5832663,995",13.39721598,52.56225307,4566.0,33.0
209891,11,12,12200411.0,2021,2,20,3,3,5,3,2,0,1,0,0,0,0,1,"792897,799","5832158,918",13.32174163,52.56049311,3466.0,23.0
209890,11,12,12601235.0,2021,1,15,4,3,5,2,0,0,1,0,0,0,0,0,"795279,5599","5836363,276",13.36051968,52.59689484,4077.0,22.0
209889,11,4,4100101.0,2021,1,15,4,2,0,7,0,0,1,0,1,0,0,1,"790122,5964","5829360,124",13.2784727,52.53688762,2759.0,31.0
209888,11,12,12200309.0,2021,3,13,6,3,2,6,0,0,1,0,0,0,1,0,"792537,7334","5832838,495",13.31704441,52.56677878,3368.0,32.0
209887,11,9,9100306.0,2021,2,8,3,3,2,6,0,0,1,0,0,0,0,0,"804259,3534","5820137,122",13.4778509,52.44651673,5733.0,34.0
209886,11,1,1100310.0,2021,3,19,4,3,5,7,2,1,1,0,0,0,0,0,"798950,7953","5827814,98",13.40686153,52.51826683,4754.0,23.0
209885,11,11,11300722.0,2021,3,20,5,2,5,3,2,0,1,0,0,0,1,1,"803421,0518","5828617,527",13.47327343,52.52299119,5655.0,31.0
209884,11,3,3601450.0,2021,2,6,5,3,3,6,2,0,1,0,0,0,0,1,"801920,879","5829797,985",13.45230138,52.53440436,5358.0,32.0
209883,11,12,12200412.0,2021,3,15,3,3,6,2,0,0,1,1,0,0,0,0,"790717,5594","5834501,027",13.29172358,52.58265822,2972.0,31.0
209882,11,9,9501941.0,2021,1,12,6,3,2,2,0,0,1,0,0,0,0,1,"812063,2022","5821198,31",13.59329745,52.45162865,7434.0,30.0
209881,11,2,2500831.0,2021,2,18,3,3,5,2,2,0,1,0,1,0,0,1,"802857,7406","5827211,39",13.46371611,52.51070134,5551.0,9.0
209880,11,11,11400929.0,2021,3,18,7,3,5,3,1,0,1,0,0,0,0,0,"804591,784","5826374,121",13.48842259,52.50223181,5949.0,27.0
209879,11,11,11200515.0,2021,2,7,4,3,5,3,0,1,1,0,0,0,0,0,"806173,8157","5830411,628",13.5153728,52.53753165,6359.0,19.0
209878,11,4,4500936.0,2021,1,16,6,3,5,3,1,0,1,0,0,0,0,0,"792297,4459","5825381,09",13.30695113,52.50005452,3248.0,17.0
209877,11,8,8100104.0,2021,3,8,5,1,5,2,0,1,0,0,0,1,0,0,"800270,9511","5822151,402",13.42115515,52.46677666,4939.0,31.0
209876,11,8,8100314.0,2021,3,17,7,3,6,2,1,0,1,1,0,0,0,1,"800330,0662","5824358,379",13.42401022,52.48652625,4944.0,15.0
209875,11,3,3100101.0,2021,3,9,2,3,5,3,0,0,1,0,0,1,0,0,"800420,952","5841151,586",13.4405482,52.63699678,5288.0,33.0
209874,11,11,11100204.0,2021,2,14,7,3,6,4,0,0,1,1,0,0,0,0,"806299,855","5833624,487",13.52018914,52.56625493,6368.0,28.0
209873,11,10,10100312.0,2021,1,4,1,3,9,1,2,0,1,0,0,0,0,0,"807932,828","5829216,076",13.54011855,52.52582621,6656.0,32.0
209872,11,9,9100101.0,2021,1,17,3,3,5,2,2,1,0,0,0,0,1,1,"802345,114","5824755,558",13.45395608,52.48897407,5445.0,30.0
209871,11,6,6300633.0,2021,1,14,4,2,6,4,0,0,1,1,0,0,0,0,"793207,8349","5819560,008",13.31520713,52.4473819,3333.0,31.0
209870,11,2,2500833.0,2021,2,13,7,2,2,7,0,0,1,0,1,0,0,0,"802473,2408","5827070,801",13.45793999,52.50965458,5451.0,17.0
209869,11,1,1100415.0,2021,3,17,3,2,2,7,0,0,1,0,1,0,0,0,"798379,694","5829258,542",13.39976509,52.53151917,4657.0,7.0
209868,11,3,3500936.0,2021,1,13,3,1,6,4,0,0,0,1,0,0,1,0,"802767,0808","5831682,561",13.46645637,52.55082607,5563.0,27.0
209867,11,4,4500936.0,2021,2,18,4,3,3,6,2,0,1,0,0,0,0,2,"792150,8769","5825666,596",13.30504857,52.50269252,3149.0,22.0
209866,11,1,1200624.0,2021,2,19,5,3,5,2,2,1,1,0,0,0,0,0,"795668,661","5829732,691",13.36033767,52.53724679,4059.0,24.0
209865,11,7,7200410.0,2021,1,10,1,3,5,3,0,0,1,0,0,0,1,1,"795620,631","5823736,816",13.35430603,52.48352479,3943.0,32.0
209864,11,1,1300730.0,2021,3,8,4,2,6,2,0,0,1,1,0,0,0,0,"796162,943","5832263,235",13.36986082,52.55966213,4166.0,29.0
209863,11,1,1400939.0,2021,1,10,1,3,0,1,0,0,0,0,1,0,0,2,"794722,7823","5831522,679",13.34802049,52.55380502,3864.0,32.0
209862,11,3,3501038.0,2021,1,12,2,3,5,7,0,1,1,0,0,0,0,2,"803858,1195","5832990,423",13.48369523,52.56194038,5866.0,35.0
209861,11,4,4300621.0,2021,1,20,3,3,5,7,2,0,1,0,0,0,0,1,"792749,6039","5826895,31",13.31492469,52.51338665,3352.0,21.0
209860,11,2,2100106.0,2021,3,17,4,3,5,2,0,0,1,0,1,0,0,1,"799068,3744","5825601,886",13.40660088,52.49836514,4748.0,27.0
209859,11,5,5200420.0,2021,3,8,6,3,5,3,0,0,1,0,0,0,1,1,"782235,2861","5827622,682",13.16102047,52.52545125,1056.0,34.0
209858,11,2,2100106.0,2021,3,7,2,3,5,2,0,0,0,0,1,0,1,0,"799880,024","5825707,995",13.41861702,52.49887086,4848.0,7.0
209857,11,3,3300516.0,2021,2,14,7,3,5,3,0,0,1,0,0,0,0,0,"801107,4057","5834310,415",13.44443761,52.57529962,5270.0,34.0
209856,11,8,8100104.0,2021,1,19,2,3,5,7,2,1,1,0,0,0,0,1,"800259,9682","5822215,766",13.42105188,52.46735962,4939.0,31.0
209855,11,6,6100205.0,2021,1,10,2,3,6,7,0,0,1,1,0,0,0,0,"795527,0759","5819700,342",13.34935771,52.44739123,3833.0,31.0
209854,11,12,12601134.0,2021,2,22,4,3,8,1,2,0,1,0,0,0,0,1,"794727,2133","5836859,869",13.35283061,52.60164598,3978.0,35.0
209853,11,8,8300934.0,2021,3,15,3,3,2,6,0,0,1,0,0,0,1,0,"802740,99","5818148,804",13.45377749,52.42953805,5428.0,30.0
209852,11,5,5300840.0,2021,2,17,5,2,5,2,2,0,1,0,0,0,0,2,"789207,7954","5829280,507",13.26495342,52.53666009,2559.0,27.0
209851,11,9,9200510.0,2021,2,6,5,3,3,6,0,1,1,0,0,0,0,0,"806206,8358","5823250,693",13.50927226,52.47333472,6240.0,26.0
209850,11,2,2100102.0,2021,1,18,2,2,1,5,2,1,1,0,0,0,0,0,"797685,9538","5826425,97",13.38703343,52.50650792,4450.0,19.0
209849,11,2,2200213.0,2021,3,18,5,3,1,5,2,1,1,0,0,0,0,0,"799803,7392","5824995,849",13.41685571,52.49252947,4846.0,30.0
209848,11,3,3300411.0,2021,1,15,6,2,6,4,0,0,1,1,0,0,0,0,"803288,0449","5839660,621",13.48141843,52.62204038,5884.0,34.0
209847,11,7,7100102.0,2021,3,19,2,3,6,2,1,0,1,1,0,0,0,1,"794966,3087","5825196,659",13.34599065,52.49696518,3847.0,19.0
209846,11,6,6200422.0,2021,2,18,6,3,6,2,2,0,1,1,0,0,0,2,"794205,2732","5817193,386",13.32775832,52.42563022,3526.0,31.0
209845,11,6,6300633.0,2021,3,17,2,3,5,3,0,0,1,0,1,0,0,0,"793251,911","5818490,33",13.31491507,52.43776885,3330.0,34.0
209844,11,9,9100304.0,2021,1,21,2,3,5,3,2,1,1,0,0,0,0,1,"804874,4542","5822500,518",13.48903134,52.46735644,5939.0,17.0
209843,11,4,4501153.0,2021,1,11,4,3,6,4,0,0,1,1,0,0,0,1,"794209,2588","5823431,037",13.33331229,52.48154594,3643.0,34.0
209842,11,1,1300733.0,2021,2,17,2,3,5,2,0,1,1,0,0,0,0,0,"797706,2683","5831844,091",13.39218396,52.5550635,4464.0,20.0
209841,11,2,2500833.0,2021,3,18,3,3,6,7,2,1,0,1,0,0,0,0,"802522,335","5827286,117",13.45885688,52.51155722,5452.0,12.0
209840,11,2,2300417.0,2021,3,12,4,3,5,3,0,1,1,0,0,0,0,0,"800490,334","5825756,97",13.42762475,52.49897414,5048.0,18.0
209839,11,11,11100102.0,2021,1,7,5,2,2,7,2,0,1,0,0,0,0,1,"807352,7932","5834153,805",13.53616536,52.57040523,6669.0,34.0
209838,11,9,9200510.0,2021,2,16,2,3,6,4,1,1,0,1,0,0,0,1,"806234,7741","5823214,047",13.50964866,52.47299062,6240.0,26.0
209837,11,10,10400835.0,2021,2,8,7,3,1,5,0,0,1,0,0,0,0,0,"812003,9197","5829489,117",13.60018946,52.52595865,7556.0,34.0
209836,11,7,7100204.0,2021,1,16,3,3,6,4,2,0,0,1,0,0,1,0,"795240,4312","5824482,163",13.34938372,52.49041201,3845.0,26.0
209835,11,11,11300619.0,2021,3,9,4,3,2,6,0,0,1,0,0,0,0,0,"803834,4415","5828685,44",13.47940976,52.52336968,5755.0,29.0
209834,11,8,8100104.0,2021,2,17,3,2,2,6,2,1,0,0,0,0,1,1,"800761,506","5822757,347",13.42890084,52.47193816,5040.0,25.0
209833,11,11,11501340.0,2021,2,13,6,3,5,3,0,0,1,0,0,0,0,0,"807680,7844","5824546,055",13.53209958,52.48411567,6544.0,34.0
209832,11,12,12400722.0,2021,1,6,5,2,4,6,2,0,1,0,0,1,0,1,"790619,1055","5837357,064",13.29278098,52.60831468,3080.0,33.0
209831,11,2,2400623.0,2021,1,6,5,2,5,3,2,1,0,0,0,0,1,2,"800367,4148","5827193,34",13.42711531,52.51191648,5052.0,27.0
209830,11,1,1300834.0,2021,3,20,4,3,5,2,2,0,1,0,0,0,0,0,"797507,2937","5831024,317",13.38852324,52.547824,4462.0,31.0
209829,11,5,5100208.0,2021,2,7,2,3,0,1,0,0,0,0,1,0,0,1,"782015,3752","5830192,6",13.1599687,52.54860807,1062.0,34.0
209828,11,2,2100104.0,2021,3,11,4,3,5,2,0,1,1,0,0,0,0,0,"799222,3755","5825981,783",13.40920402,52.50168596,4749.0,3.0
209827,11,7,7400826.0,2021,3,15,5,3,5,3,0,0,1,0,1,0,0,0,"796693,1286","5820021,025",13.36674966,52.44963436,4134.0,32.0
209826,11,12,12400722.0,2021,2,7,5,2,1,5,0,0,1,0,0,0,0,1,"791140,4889","5838828,639",13.30175404,52.62122787,3184.0,35.0
209825,11,1,1100205.0,2021,3,20,3,3,5,2,2,1,1,0,0,0,0,0,"797250,1496","5827363,761",13.38146891,52.51515178,4353.0,25.0
209824,11,3,3500934.0,2021,1,17,5,3,5,3,2,0,1,0,0,0,0,1,"801068,9248","5831437,698",13.441265,52.54957257,5263.0,26.0
209823,11,2,2300419.0,2021,2,8,4,3,5,3,0,1,1,0,0,0,0,1,"801622,6327","5825918,286",13.44440045,52.49979542,5248.0,18.0
209822,11,2,2500835.0,2021,2,5,5,3,0,6,0,1,0,0,0,0,1,0,"803036,4957","5825809,281",13.46506593,52.49803515,5548.0,25.0
209821,11,8,8300934.0,2021,3,11,6,3,0,2,0,0,1,0,0,0,1,0,"802715,9069","5818129,956",13.45339263,52.42938299,5328.0,32.0
209820,11,4,4300619.0,2021,2,14,4,2,5,3,0,0,1,0,1,0,0,0,"792768,424","5827045,479",13.31533336,52.51472276,3353.0,23.0
209819,11,3,3400826.0,2021,1,11,6,3,5,3,0,1,1,0,0,0,0,0,"798673,4632","5832491,965",13.40699058,52.56034119,4766.0,32.0
209818,11,11,11501339.0,2021,3,17,6,3,1,5,0,1,1,0,0,0,0,0,"807176,7624","5824337,309",13.52450823,52.48252862,6443.0,27.0
209817,11,8,8100520.0,2021,3,20,7,2,5,2,2,0,1,0,0,0,0,1,"803188,623","5822721,162",13.46449139,52.47027217,5540.0,27.0
209816,11,3,3300517.0,2021,3,13,2,3,5,3,0,0,1,0,0,0,0,0,"802889,489","5833531,368",13.46994343,52.5673284,5668.0,35.0
209815,11,12,12100205.0,2021,2,16,7,3,0,7,0,0,1,0,1,0,0,0,"793558,2126","5832501,849",13.33175925,52.56321164,3567.0,8.0
209814,11,9,9100101.0,2021,1,7,5,3,5,3,0,1,1,0,0,0,0,1,"802352,1958","5824761,08",13.45406507,52.48901964,5445.0,30.0
209813,11,11,11100102.0,2021,1,11,1,3,5,2,0,1,1,0,0,0,0,0,"809245,205","5834482,632",13.56430568,52.57228028,7069.0,32.0
209812,11,12,12500825.0,2021,1,12,3,3,5,3,0,0,1,0,1,0,0,1,"791275,2142","5834931,873",13.30030949,52.58622238,3173.0,34.0
209811,11,10,10100104.0,2021,2,10,7,3,6,7,0,0,1,1,0,0,0,0,"810194,4194","5833731,028",13.57756423,52.56500477,7267.0,32.0
209810,11,7,7601442.0,2021,3,21,1,3,5,2,2,0,1,0,0,0,0,1,"799261,7874","5816265,807",13.40107379,52.41457355,4623.0,18.0
209809,11,8,8100520.0,2021,1,17,3,3,0,3,2,0,1,0,1,0,0,1,"803098,665","5822634,835",13.46309269,52.46954834,5539.0,28.0
209808,11,12,12500824.0,2021,2,11,2,3,8,1,0,0,1,0,0,0,0,2,"790188,7625","5835894,271",13.28516137,52.59543083,2876.0,30.0
209807,11,8,8100206.0,2021,2,17,6,3,1,5,0,1,1,0,0,0,0,0,"800353,7642","5824229,073",13.42424165,52.48535419,4944.0,15.0
209806,11,10,10300732.0,2021,1,3,1,3,1,5,2,0,1,0,0,1,0,1,"809783,9055","5827918,238",13.56610813,52.51314695,7052.0,34.0
209805,11,9,9501939.0,2021,3,15,4,3,5,2,0,1,1,0,0,0,0,0,"809638,3683","5821500,289",13.55800911,52.45571372,6935.0,31.0
209804,11,8,8100415.0,2021,1,6,6,3,6,2,2,0,1,1,0,0,0,0,"802030,332","5823470,808",13.44817013,52.47763295,5342.0,26.0
209803,11,8,8200726.0,2021,1,8,3,3,5,3,0,0,1,0,0,0,1,1,"801412,9292","5820221,245",13.43617234,52.44884732,5133.0,28.0
209802,11,1,1100103.0,2021,1,18,3,3,1,5,2,1,1,0,0,0,0,1,"795950,9984","5825626,761",13.36083553,52.50028761,4048.0,16.0
209801,11,3,3400620.0,2021,2,9,2,3,5,3,0,1,1,0,0,0,0,0,"796683,2119","5833998,241",13.37906475,52.57493122,4270.0,33.0
209800,11,4,4500936.0,2021,3,17,2,3,1,5,0,1,1,0,0,0,0,1,"792080,1076","5825523,956",13.30388381,52.50145166,3149.0,22.0
209799,11,6,6200423.0,2021,3,9,4,3,5,2,0,1,0,0,0,1,0,0,"793383,4496","5816240,135",13.31487066,52.41752579,3324.0,31.0
209798,11,3,3400721.0,2021,2,8,2,3,2,7,0,0,1,0,0,0,0,1,"798238,8635","5833057,416",13.4011068,52.56564785,4667.0,32.0
209797,11,12,12601133.0,2021,3,10,2,3,2,6,0,1,0,0,0,0,1,0,"795264,2936","5836954,449",13.36082215,52.60220239,4078.0,34.0
209796,11,4,4400835.0,2021,1,16,4,3,5,2,1,1,1,0,0,0,0,1,"792827,8783","5821866,143",13.31165516,52.46825958,3239.0,22.0
209795,11,8,8200727.0,2021,2,13,2,3,0,4,0,1,0,1,0,0,0,2,"802656,404","5819649,116",13.45389551,52.44303233,5432.0,35.0
209794,11,12,12100205.0,2021,2,13,7,3,3,5,0,0,1,0,0,1,0,2,"794539,3769","5833091,1",13.3467153,52.56796391,3868.0,23.0
209793,11,7,7300619.0,2021,1,15,5,3,6,7,0,1,0,1,0,0,0,0,"795861,706","5821238,199",13.35562965,52.46099603,3937.0,35.0
209792,11,5,5300737.0,2021,3,16,6,3,0,3,0,1,0,0,1,0,0,0,"787958,5016","5829368,943",13.24666181,52.53811452,2359.0,29.0
209791,11,12,12200309.0,2021,2,14,3,3,2,4,0,0,1,1,0,0,0,0,"793274,0572","5832569,638",13.32763917,52.56397246,3567.0,8.0
209790,11,8,8100105.0,2021,1,16,5,3,0,6,1,0,1,0,0,0,1,0,"800983,3279","5822152,235",13.43161082,52.46639217,5038.0,23.0
209789,11,8,8100311.0,2021,3,17,4,2,5,3,0,1,1,0,0,0,0,0,"800501,8017","5824565,035",13.4267181,52.4882841,5045.0,24.0
209788,11,1,1300733.0,2021,3,22,5,2,1,5,2,0,1,0,0,0,0,1,"797470,2648","5831863,767",13.38873085,52.55536883,4464.0,20.0
209787,11,1,7100101.0,2021,3,15,7,3,5,3,0,1,1,0,0,0,0,0,"794697,636","5826029,899",13.34278179,52.50457979,3750.0,15.0
209786,11,4,4100101.0,2021,2,18,1,3,5,2,2,0,1,0,0,0,0,0,"793352,5708","5829680,314",13.32624142,52.53802894,3559.0,17.0
209785,11,12,12601235.0,2021,3,15,3,2,4,3,0,0,1,0,0,0,0,1,"795466,66","5836393,137",13.3633006,52.59706089,4077.0,22.0
209784,11,4,4200308.0,2021,3,14,5,3,2,6,0,0,1,0,0,0,1,1,"788212,8887","5827804,684",13.24904592,52.52395582,2355.0,28.0
209783,11,3,3500933.0,2021,2,12,1,3,5,3,0,0,1,0,0,0,0,0,"802407,9844","5832561,754",13.4619773,52.55890561,5565.0,29.0
209782,11,1,1100310.0,2021,2,5,1,3,5,3,1,0,0,0,0,0,1,0,"799498,019","5828344,449",13.41537892,52.52271245,4855.0,6.0
209781,11,3,3501037.0,2021,1,10,3,3,5,3,0,1,1,0,0,0,0,1,"802447,6618","5832659,497",13.46264987,52.55975963,5566.0,32.0
209780,11,3,3400828.0,2021,3,7,5,3,0,3,0,1,1,0,0,0,0,0,"799708,7858","5832505,765",13.42223007,52.55989603,4966.0,29.0
209779,11,8,8301037.0,2021,2,15,3,3,2,6,0,0,1,0,0,0,1,0,"804160,0448","5817808,675",13.47427567,52.42570246,5727.0,29.0
209778,11,8,8200726.0,2021,2,19,6,3,2,6,2,0,1,0,0,0,0,1,"801548,5587","5820595,586",13.43849998,52.45212785,5134.0,22.0
209777,11,4,4300413.0,2021,1,17,5,3,5,3,2,1,1,0,0,0,0,0,"790897,3419","5826980,872",13.28778178,52.51514474,2953.0,33.0
209776,11,4,4501045.0,2021,3,12,6,3,2,6,0,0,1,0,0,0,0,0,"793777,9205","5824924,944",13.32829587,52.49517039,3547.0,16.0
209775,11,8,8200831.0,2021,2,11,3,3,6,7,0,0,0,1,0,0,1,0,"800433,7106","5816333,48",13.41831382,52.41453819,4823.0,35.0
209774,11,11,11400931.0,2021,3,17,3,3,3,6,0,0,1,0,0,0,0,0,"806636,2651","5827235,096",13.51924126,52.50880305,6351.0,31.0
209773,11,2,2200210.0,2021,3,12,5,3,2,7,0,0,1,0,0,0,0,1,"798902,1072","5825239,753",13.40383393,52.49521021,4647.0,23.0
209772,11,2,2500834.0,2021,2,12,4,3,5,2,0,0,1,0,0,0,0,1,"802289,696","5826856,145",13.45504881,52.50783235,5451.0,17.0
209771,11,5,5200629.0,2021,3,13,3,3,0,6,0,0,0,0,0,0,1,0,"784757,4011","5828665,334",13.19898931,52.53348818,1658.0,9.0
209770,11,2,2400623.0,2021,1,15,6,3,5,2,2,1,1,0,0,0,0,1,"800314,1951","5827616,993",13.42671579,52.51574313,5053.0,21.0
209769,11,7,7601442.0,2021,2,17,4,2,6,2,2,0,1,1,0,0,0,1,"798696,5244","5816020,967",13.39256885,52.41268757,4423.0,29.0
209768,11,4,4300623.0,2021,3,11,7,3,5,3,0,1,1,0,0,0,0,0,"792720,6783","5826271,546",13.31395105,52.50781032,3351.0,28.0
209767,11,1,1300836.0,2021,2,10,5,3,6,4,0,0,1,1,0,0,0,0,"796526,5736","5830338,701",13.37349047,52.5422129,4261.0,21.0
209766,11,10,10300731.0,2021,1,10,6,3,5,7,0,0,1,0,0,0,1,1,"809565,237","5829276,697",13.56416022,52.52544511,7056.0,35.0
209765,11,3,3601245.0,2021,3,10,5,3,5,3,0,0,1,0,0,0,0,0,"800769,4836","5831326,247",13.4367612,52.54873903,5162.0,26.0
209764,11,5,5300737.0,2021,3,17,2,3,2,6,0,0,1,0,0,0,0,1,"787488,3679","5829885,761",13.2401964,52.54299627,2261.0,29.0
209763,11,1,1100103.0,2021,2,15,6,3,2,2,0,0,1,0,0,0,0,1,"795415,4341","5825816,393",13.35313699,52.5022777,3949.0,25.0
209762,11,7,7100103.0,2021,1,3,1,3,9,1,2,0,1,0,0,0,0,0,"795847,3407","5825426,849",13.35913536,52.49855177,3948.0,27.0
209761,11,7,7501134.0,2021,1,13,2,3,5,2,0,1,1,0,0,0,0,1,"799028,2926","5818839,103",13.39995141,52.43776765,4630.0,34.0
209760,11,5,5100211.0,2021,2,15,6,3,5,2,0,1,1,0,0,0,0,0,"783239,0137","5830270,913",13.17803316,52.54867537,1362.0,27.0
209759,11,5,5200528.0,2021,3,6,1,3,6,2,0,0,1,1,0,0,0,0,"783363,9879","5826756,427",13.17687503,52.51709869,1253.0,30.0
209758,11,9,9200613.0,2021,1,13,3,3,0,7,0,0,0,0,0,1,0,0,"805733,9173","5821774,457",13.50097879,52.46036888,6137.0,27.0
209757,11,7,7601442.0,2021,2,19,4,3,6,2,2,0,1,1,0,0,0,2,"799248,8383","5816259,603",13.40087841,52.41452501,4623.0,18.0
209756,11,5,5100315.0,2021,2,10,5,3,6,7,0,0,0,1,0,0,1,0,"784710,2128","5830104,941",13.19952919,52.54642032,1662.0,31.0
209755,11,4,4300623.0,2021,1,11,3,3,0,4,0,0,1,1,0,0,0,0,"792147,3173","5826470,281",13.30570157,52.50989929,3251.0,32.0
209754,11,3,3601244.0,2021,3,6,4,3,0,3,0,0,1,0,0,0,0,0,"800106,2409","5831699,023",13.42734616,52.5524461,5064.0,18.0
209753,11,6,6400838.0,2021,1,12,7,3,2,6,0,0,1,0,0,0,0,2,"788736,1522","5820202,292",13.25014975,52.45552029,2335.0,34.0
209752,11,8,8100207.0,2021,1,16,3,3,0,2,1,1,1,0,0,0,0,1,"801456,9391","5823237,761",13.43954236,52.47586089,5141.0,32.0
209751,11,8,8200832.0,2021,1,7,4,3,6,2,2,0,0,1,0,0,1,1,"800300,305","5816744,015",13.41672659,52.41829126,4824.0,30.0
209750,11,7,7400720.0,2021,2,7,2,3,6,4,0,0,1,1,0,0,0,0,"797207,3519","5823662,118",13.37753693,52.48199386,4243.0,28.0
209749,11,1,1100103.0,2021,3,6,3,3,2,6,0,0,1,0,0,0,0,0,"795313,3411","5826122,174",13.35190851,52.50507406,3850.0,16.0
209748,11,1,1100103.0,2021,3,15,4,3,1,5,0,1,1,0,0,0,0,0,"795219,2462","5825877,864",13.35030959,52.50293492,3849.0,21.0
209747,11,4,4501045.0,2021,2,9,7,3,5,3,0,0,1,0,0,0,1,1,"793702,7567","5824889,362",13.32716053,52.49489186,3547.0,16.0
209746,11,6,6100204.0,2021,2,2,7,2,9,1,2,0,1,0,0,0,0,0,"795419,7009","5820401,443",13.3484025,52.45373419,3835.0,31.0
209745,11,12,12200309.0,2021,1,16,5,3,2,6,2,0,1,0,1,0,0,1,"793458,0242","5832438,935",13.33022982,52.56270166,3567.0,8.0
209744,11,2,2100101.0,2021,2,11,3,3,1,5,0,1,1,0,0,0,0,1,"797846,0156","5825728,998",13.38876132,52.50017305,4448.0,10.0
209743,11,3,3601450.0,2021,1,13,4,3,0,2,0,1,1,0,0,0,0,1,"802028,398","5829641,142",13.45373919,52.53293902,5458.0,31.0
209742,11,9,9300922.0,2021,3,8,5,2,5,3,0,0,1,0,0,0,0,0,"808183,3962","5815760,537",13.53137477,52.40509555,6520.0,32.0
209741,11,4,4300621.0,2021,3,16,7,2,0,7,0,1,0,0,0,0,0,0,"792749,817","5826948,245",13.31497439,52.51386107,3352.0,21.0
209740,11,11,11200513.0,2021,2,9,5,3,5,2,0,1,1,0,0,0,0,0,"804651,6174","5831122,254",13.49365064,52.54475366,5961.0,25.0