ObjectID,State,District,LOR_ab_2021,AccidentYear,AccidentMonth,AccidentHour,DayOfWeek,AccidentCategory,AccidentType,AccidentTypeDetail,LightingCondition,InvolvingBike,InvolvingCar,InvolvingPedestrian,InvolvingMotorcycle,InvolvingHGV,InvolvingOther,RoadCondition,GraphicCoord1,GraphicCoord2,LongitudeWGS84,LatitudeWGS84,quadrant,quadrant_rank
209386,11,11,11401136.0,2021,2,9,2,3,6,2,0,0,1,1,0,0,0,0,"806017,4071","5826406,179",13.50938931,52.50172152,6249.0,29.0
209385,11,4,4500939.0,2021,3,20,3,2,5,3,2,0,1,0,0,0,0,0,"792337,4519","5824069,948",13.30638825,52.48827898,3245.0,22.0
209384,11,3,3701555.0,2021,3,18,4,3,5,3,2,1,1,0,0,0,0,0,"799533,4963","5830089,503",13.41747256,52.53833462,4859.0,31.0
209383,11,1,1300836.0,2021,2,15,6,3,1,5,0,0,1,0,0,0,0,1,"796354,6662","5830762,343",13.37134098,52.54610394,4162.0,29.0
209382,11,7,7200409.0,2021,2,12,7,3,1,5,0,1,1,0,0,0,0,1,"795685,3775","5824073,732",13.35555558,52.48650992,3944.0,26.0
209381,11,6,6200312.0,2021,1,7,3,3,6,2,2,0,1,1,0,0,0,1,"794389,2917","5819078,428",13.33211671,52.44242987,3531.0,34.0
209380,11,7,7400928.0,2021,3,13,5,3,7,7,0,1,0,0,0,0,0,1,"800202,7065","5821536,331",13.41960032,52.46130098,4837.0,30.0
209379,11,5,5200631.0,2021,2,14,2,3,6,4,0,0,1,1,0,0,0,2,"784756,3897","5827316,794",13.19781947,52.52139768,1555.0,28.0
209378,11,2,2400623.0,2021,2,14,7,3,2,7,0,0,1,0,0,0,0,1,"800320,0825","5827624,179",13.42680877,52.5158043,5053.0,21.0
209377,11,7,7501030.0,2021,1,22,4,3,1,5,2,1,1,0,0,0,0,0,"797772,8985","5819924,579",13.38250542,52.44818277,4333.0,29.0
209376,11,11,11100102.0,2021,3,7,5,3,5,2,0,1,1,0,0,0,0,0,"808265,6068","5834028,399",13.54947476,52.56876523,6868.0,35.0
209375,11,7,7300619.0,2021,3,15,5,3,5,3,0,0,1,0,0,0,0,0,"795992,9886","5822770,335",13.35891546,52.47465935,3941.0,23.0
209374,11,1,1200517.0,2021,1,13,1,3,2,6,0,0,1,0,0,0,0,0,"793865,3481","5830045,811",13.33410341,52.54102913,3660.0,29.0
209373,11,1,1401044.0,2021,3,16,2,3,5,3,0,0,1,0,0,0,1,1,"796719,1566","5831362,46",13.37723652,52.55128492,4263.0,30.0
209372,11,8,8300934.0,2021,3,12,2,2,0,2,0,0,1,0,0,0,1,0,"802718,7917","5818132,123",13.45343689,52.42940082,5328.0,32.0
209371,11,2,2500832.0,2021,1,14,3,3,6,4,0,0,1,1,0,0,0,1,"803066,453","5826969,182",13.46656157,52.50841455,5551.0,9.0
209370,11,1,1100102.0,2021,1,14,4,3,2,6,0,0,1,0,0,0,0,1,"795044,9654","5827224,672",13.34894327,52.51510235,3853.0,21.0
209369,11,4,4501045.0,2021,2,8,2,3,2,6,0,0,1,0,1,0,0,0,"793936,3001","5825140,282",13.33081209,52.49701551,3547.0,16.0
209368,11,12,12601235.0,2021,3,6,3,2,2,7,0,0,0,0,0,0,1,1,"794489,9591","5836248,476",13.34879379,52.59629392,3876.0,24.0
209367,11,9,9200819.0,2021,3,20,3,2,0,1,2,0,0,0,1,0,0,0,"810056,9796","5820435,609",13.56316174,52.44593505,7032.0,29.0
209366,11,8,8200624.0,2021,1,15,4,3,5,3,0,0,1,0,0,0,0,0,"801183,529","5820607,313",13.43315515,52.4524342,5034.0,31.0
209365,11,8,8200623.0,2021,2,16,2,3,3,6,0,0,1,0,0,1,0,0,"801543,4261","5820658,709",13.43848167,52.45269648,5134.0,22.0
209364,11,9,9300920.0,2021,3,15,2,3,2,6,0,1,1,0,0,0,0,0,"808521,7884","5817331,893",13.53778151,52.4189877,6625.0,34.0
209363,11,8,8100102.0,2021,1,10,4,3,5,7,0,0,1,0,0,0,1,1,"800526,2147","5823440,529",13.42606284,52.47819129,4942.0,9.0
209362,11,4,4500938.0,2021,3,19,4,3,5,5,2,1,1,0,0,0,0,0,"791495,8461","5824900,426",13.29475513,52.49617419,3047.0,28.0
209361,11,9,9200715.0,2021,2,15,3,3,5,2,0,0,1,0,0,0,0,1,"807223,6345","5818286,459",13.51962929,52.42827306,6327.0,30.0
209360,11,1,1100207.0,2021,1,19,3,2,5,3,2,1,1,0,0,0,0,1,"797983,8751","5826889,512",13.39182489,52.51050036,4451.0,13.0
209359,11,11,11300722.0,2021,1,6,5,2,6,4,2,0,1,1,0,0,0,1,"804293,5443","5828442,64",13.48593363,52.52093755,5854.0,29.0
209358,11,2,2400521.0,2021,3,8,5,3,5,2,0,1,1,0,0,0,0,0,"800682,8882","5828487,432",13.43291953,52.52334196,5055.0,24.0
209357,11,6,6100209.0,2021,2,15,2,3,2,2,0,0,1,0,0,0,0,0,"794769,1185","5820994,868",13.33938007,52.45940515,3736.0,28.0
209356,11,3,3300411.0,2021,3,8,4,3,6,4,0,0,1,1,0,0,0,1,"803868,166","5839176,144",13.48951661,52.61737418,5983.0,31.0
209355,11,1,1200623.0,2021,3,16,5,3,0,6,0,0,1,0,0,0,1,0,"795446,6336","5829547,189",13.35690872,52.53570434,3959.0,22.0
209354,11,1,1100310.0,2021,2,18,3,3,5,2,2,0,1,0,0,0,0,1,"799238,9633","5828468,117",13.41168334,52.52396318,4755.0,4.0
209353,11,1,1100310.0,2021,3,7,3,3,2,2,0,1,1,0,0,0,0,0,"798528,335","5828078,634",13.40089058,52.52086154,4654.0,17.0
209352,11,8,8200727.0,2021,1,9,7,3,1,5,0,0,1,0,0,0,0,1,"801338,5003","5819439,844",13.43437571,52.44188439,5131.0,31.0
209351,11,5,5100104.0,2021,2,21,3,3,0,7,2,1,0,0,0,0,0,1,"785205,3093","5831802,689",13.20826918,52.56138311,1766.0,23.0
209350,11,1,1100308.0,2021,2,19,5,3,5,2,2,1,1,0,0,0,0,1,"797542,6441","5828718,717",13.38697861,52.52713785,4456.0,17.0
209349,11,8,8100521.0,2021,3,16,6,3,2,6,0,0,1,0,0,0,0,0,"802870,9076","5821930,538",13.4591108,52.46336204,5438.0,33.0
209348,11,9,9100407.0,2021,2,14,4,3,1,5,0,0,1,0,1,0,0,0,"806112,0441","5821091,182",13.50590041,52.45403339,6135.0,34.0
209347,11,3,3100103.0,2021,1,14,5,3,5,7,0,1,1,0,0,0,0,0,"804810,0787","5840646,304",13.50474158,52.63002257,6186.0,34.0
209346,11,11,11400930.0,2021,3,16,6,3,5,2,1,1,1,0,0,0,0,0,"806029,2174","5826603,799",13.50974437,52.50348603,6249.0,29.0
209345,11,3,3200308.0,2021,3,15,2,3,5,2,0,1,1,0,0,0,0,1,"799696,0289","5837333,227",13.42640747,52.60317282,4978.0,34.0
209344,11,2,2100104.0,2021,2,15,1,3,5,3,0,1,1,0,0,0,0,0,"799282,4992","5826219,381",13.41030067,52.50378271,4749.0,3.0
209343,11,2,2500832.0,2021,1,17,6,3,6,4,2,1,0,1,0,0,0,0,"803151,8596","5826876,085",13.46773135,52.50753269,5650.0,29.0
209342,11,11,11100205.0,2021,1,17,2,3,6,4,2,0,1,1,0,0,0,1,"805810,0038","5833785,739",13.51313326,52.56797547,6268.0,30.0
209341,11,12,12200309.0,2021,1,10,3,3,5,3,0,0,1,0,0,0,0,1,"792764,8637","5832768,001",13.32032365,52.56602474,3468.0,34.0
209340,11,6,6200423.0,2021,2,14,6,3,3,6,0,1,1,0,0,0,0,0,"794172,9268","5815151,764",13.3254894,52.40734512,3421.0,35.0
209339,11,1,1401043.0,2021,3,16,2,3,5,3,0,1,1,0,0,0,0,0,"795846,415","5831130,538",13.36419575,52.54968068,4063.0,32.0
209338,11,2,2300315.0,2021,1,10,3,3,6,2,0,0,1,1,0,0,0,1,"800787,8474","5825815,362",13.432047,52.49933363,5048.0,18.0
209337,11,2,2100101.0,2021,2,10,2,3,0,7,0,0,1,0,0,0,0,2,"797819,692","5825893,988",13.38852223,52.50166635,4449.0,27.0
209336,11,9,9501838.0,2021,2,16,5,2,5,3,1,1,1,0,0,0,0,0,"822194,1325","5819275,445",13.74001688,52.42852475,9627.0,35.0
209335,11,9,9200819.0,2021,1,17,3,3,2,6,2,0,1,0,1,0,0,2,"810508,7068","5820318,89",13.56967848,52.44463273,7132.0,24.0
209334,11,6,6400844.0,2021,3,11,4,3,5,3,0,0,1,0,0,0,0,0,"792707,8599","5821743,198",13.30978556,52.46722173,3239.0,22.0
209333,11,3,3601141.0,2021,1,5,6,3,3,2,2,1,0,0,0,0,1,0,"799205,7243","5831774,45",13.4141721,52.5536176,4864.0,13.0
209332,11,5,5200629.0,2021,1,13,3,2,6,2,0,0,1,1,0,0,0,2,"784356,0094","5828104,465",13.1926079,52.52866896,1557.0,25.0
209331,11,2,2200209.0,2021,1,8,3,3,6,2,0,0,0,1,0,0,1,1,"797752,4757","5824596,905",13.38637554,52.49007619,4445.0,25.0
209330,11,3,3200206.0,2021,2,13,1,3,0,1,0,0,0,0,1,0,0,0,"798402,6175","5834844,649",13.40512386,52.581578,4672.0,27.0
209329,11,12,12601134.0,2021,3,6,2,3,5,7,1,0,1,0,0,0,1,0,"793954,6318","5836633,084",13.34125465,52.60003127,3777.0,33.0
209328,11,2,2300316.0,2021,3,10,4,3,2,6,0,0,1,0,0,0,0,0,"800907,2584","5826424,508",13.43435121,52.50472774,5150.0,31.0
209327,11,4,4200308.0,2021,2,23,1,3,2,6,2,0,1,0,0,0,0,1,"788249,2906","5827804,86",13.24958113,52.52393816,2355.0,28.0
209326,11,3,3701556.0,2021,3,9,2,3,2,7,0,0,1,0,1,0,0,0,"799280,2916","5829357,529",13.41309125,52.53191272,4758.0,32.0
209325,11,7,7300619.0,2021,1,17,4,3,6,2,2,0,0,1,0,0,1,1,"795250,5038","5822269,373",13.34757214,52.47057041,3840.0,27.0
209324,11,11,11300617.0,2021,2,17,3,3,5,3,2,1,1,0,0,0,0,1,"802942,5965","5829203,477",13.46677677,52.52850899,5557.0,31.0
209323,11,2,2400521.0,2021,1,9,3,3,6,4,0,1,0,1,0,0,0,0,"800826,1309","5828073,287",13.43464991,52.51955088,5154.0,32.0
209322,11,9,9200512.0,2021,3,14,6,3,5,7,0,0,1,0,0,0,1,0,"808592,0688","5821647,686",13.54279602,52.45762639,6736.0,31.0
209321,11,11,11300617.0,2021,2,22,2,2,5,2,2,0,1,0,0,0,0,0,"803070,1284","5829533,16",13.4689515,52.53139298,5657.0,32.0
209320,11,2,2100106.0,2021,1,16,7,3,0,1,0,0,0,0,1,0,0,1,"799851,6006","5825697,04",13.4181897,52.49878829,4848.0,7.0
209319,11,1,1300834.0,2021,3,14,4,3,5,2,0,1,0,0,0,0,1,1,"797832,6121","5830457,566",13.39279849,52.54256607,4461.0,22.0
209318,11,9,9301025.0,2021,3,17,5,3,1,1,0,1,1,0,0,0,0,1,"810725,6271","5815558,791",13.56843887,52.40185096,7120.0,35.0
209317,11,1,1300730.0,2021,3,2,7,3,5,3,2,0,1,0,0,0,0,0,"796155,8054","5832265,798",13.36975812,52.55968899,4166.0,29.0
209316,11,6,6400844.0,2021,2,19,4,3,6,2,2,0,1,1,0,0,0,1,"790148,7877","5819783,721",13.27051726,52.4510196,2634.0,32.0
209315,11,5,5200629.0,2021,3,13,2,3,0,6,0,0,1,0,0,0,1,0,"784726,8036","5828634,275",13.19851284,52.53322568,1658.0,9.0
209314,11,1,1100308.0,2021,1,15,5,3,1,5,0,1,0,0,0,0,1,1,"796506,0983","5829236,046",13.37220557,52.53233991,4158.0,30.0
209313,11,9,9200511.0,2021,2,14,4,3,5,3,0,0,1,0,0,0,0,1,"807853,1108","5822055,482",13.53233084,52.46169783,6537.0,30.0
209312,11,8,8100207.0,2021,3,18,6,2,9,1,2,0,1,0,0,0,0,0,"801110,0287","5823523,769",13.4347083,52.47861582,5142.0,24.0
209311,11,1,1300732.0,2021,2,17,4,3,0,7,0,1,0,1,0,0,0,0,"797213,7475","5832052,082",13.38512699,52.55719688,4365.0,7.0
209310,11,3,3200308.0,2021,1,16,2,3,6,7,1,0,1,1,0,0,0,0,"799573,8748","5837422,673",13.4246901,52.60404187,4979.0,34.0
209309,11,3,3701660.0,2021,3,8,6,2,0,3,0,0,1,0,1,0,0,1,"800672,0893","5829604,888",13.43377137,52.53336393,5158.0,30.0
209308,11,9,9200511.0,2021,3,16,6,3,2,1,0,0,1,0,0,0,0,0,"807201,9303","5822183,509",13.52289421,52.46321168,6437.0,33.0
209307,11,1,1100312.0,2021,2,13,2,3,5,3,0,1,1,0,0,0,0,0,"799457,4638","5827067,389",13.41363352,52.51128783,4852.0,22.0
209306,11,5,5200528.0,2021,3,14,4,3,5,2,0,0,1,0,0,0,0,1,"783904,3307","5826604,715",13.18468733,52.51545739,1453.0,28.0
209305,11,5,5300841.0,2021,3,16,6,3,6,4,0,1,0,1,0,0,0,0,"789396,6938","5829303,71",13.26775092,52.53676783,2659.0,26.0
209304,11,1,1200517.0,2021,2,18,3,3,2,6,2,0,1,0,0,0,0,1,"793400,5348","5829557,561",13.32683819,52.53690269,3559.0,17.0
209303,11,1,1100102.0,2021,3,8,3,3,2,6,0,0,1,0,0,1,0,0,"795011,057","5827227,59",13.34844761,52.51514685,3853.0,21.0
209302,11,4,4501147.0,2021,1,14,6,3,2,6,0,0,1,0,0,0,0,0,"793270,2357","5823951,133",13.31998207,52.48671356,3444.0,17.0
209301,11,1,1100207.0,2021,2,10,5,2,5,3,0,1,1,0,0,0,0,1,"798022,5414","5826590,177",13.39212494,52.50779607,4451.0,13.0
209300,11,4,4300624.0,2021,2,18,5,3,5,3,2,1,1,0,0,0,0,1,"793280,8442","5826149,486",13.32207343,52.50641525,3450.0,28.0
209299,11,2,2300314.0,2021,3,18,1,3,5,7,2,0,1,0,0,0,0,0,"799884,8676","5825911,568",13.41887146,52.50069291,4848.0,7.0
209298,11,11,10100205.0,2021,2,15,4,3,5,3,0,1,0,0,0,0,1,0,"807359,3683","5833144,43",13.53532694,52.56135559,6666.0,34.0
209297,11,3,3601244.0,2021,1,10,7,3,5,3,0,1,0,0,0,0,1,1,"800217,1095","5831589,858",13.42887775,52.55140653,5063.0,21.0
209296,11,8,8200832.0,2021,3,9,5,3,6,4,0,0,1,1,0,0,0,0,"801572,9972","5817392,279",13.43596848,52.42340213,5126.0,28.0
209295,11,12,12500930.0,2021,3,15,2,3,2,6,0,0,1,0,0,0,1,1,"792854,4544","5835149,231",13.32374509,52.58732304,3474.0,26.0
209294,11,1,1200517.0,2021,3,19,2,3,5,2,2,0,1,0,0,0,0,0,"793534,2359","5829127,78",13.32842421,52.53297794,3558.0,28.0
209293,11,7,7200413.0,2021,2,8,5,3,2,6,0,0,1,0,0,0,0,0,"796402,9085","5823371,292",13.36546723,52.47982411,4042.0,30.0
209292,11,7,7400824.0,2021,1,22,7,3,6,2,2,0,0,1,0,0,1,1,"797362,6538","5821915,334",13.3782598,52.4662512,4238.0,24.0
209291,11,4,4200311.0,2021,1,15,2,3,5,2,0,1,1,0,0,0,0,1,"790166,9872","5825424,324",13.27569218,52.50157915,2749.0,29.0
209290,11,2,2300418.0,2021,2,14,6,3,1,5,0,0,1,0,0,0,0,0,"801104,4111","5825221,08",13.43615913,52.49383237,5146.0,24.0
209289,11,4,4501045.0,2021,3,16,2,3,2,2,0,0,1,0,0,0,0,0,"793469,7269","5824747,253",13.32361271,52.49374326,3446.0,17.0
209288,11,4,4400830.0,2021,1,11,4,3,6,4,0,0,1,1,0,0,0,0,"791197,1352","5822734,938",13.28847547,52.47692004,2941.0,29.0
209287,11,1,1100102.0,2021,2,14,4,3,2,6,0,0,1,0,0,0,0,1,"795253,8682","5827307,946",13.35208673,52.51573579,3853.0,21.0
209286,11,4,4300622.0,2021,2,8,6,3,2,6,0,0,1,0,0,0,0,1,"793147,5861","5826900,908",13.32077749,52.51322308,3452.0,20.0
209285,11,2,2400623.0,2021,1,23,1,3,5,3,2,0,1,0,0,0,1,1,"800141,1183","5827349,677",13.42393174,52.51344236,4952.0,31.0
209284,11,8,8100209.0,2021,3,16,4,3,5,2,0,1,1,0,0,0,0,0,"801810,2526","5821967,604",13.44357959,52.46428113,5238.0,21.0
209283,11,8,8200833.0,2021,1,13,2,3,1,5,0,1,1,0,0,0,0,1,"802372,9878","5817403,923",13.44770798,52.42306505,5326.0,35.0
209282,11,4,4300416.0,2021,1,20,3,3,6,2,2,0,1,1,0,0,0,1,"791936,7535","5826095,589",13.30227914,52.50665297,3150.0,16.0
209281,11,11,11100204.0,2021,2,11,1,3,0,6,0,0,1,0,0,0,1,0,"806159,3503","5833822,321",13.51830525,52.56810697,6368.0,28.0
209280,11,5,5100315.0,2021,3,16,3,3,2,2,0,0,1,0,0,0,0,0,"784415,8022","5829932,991",13.19505199,52.54503239,1561.0,32.0
209279,11,6,6200312.0,2021,3,9,4,2,0,1,0,0,0,0,1,0,0,0,"794646,3726","5819198,816",13.33599421,52.44337063,3632.0,32.0
209278,11,12,12200515.0,2021,2,17,6,3,2,6,1,0,1,0,0,0,0,1,"790282,382","5834517,93",13.28533362,52.58304212,2873.0,33.0
209277,11,4,4501043.0,2021,3,0,2,3,6,4,2,0,1,1,0,0,0,0,"792326,4168","5825322,174",13.30732498,52.49951083,3248.0,17.0
209276,11,9,9200818.0,2021,1,15,6,3,2,6,0,0,1,0,0,0,0,1,"809784,3929","5820546,994",13.55926711,52.44708776,6933.0,31.0
209275,11,9,9401534.0,2021,2,18,3,3,6,2,2,0,1,1,0,0,0,1,"811358,9558","5820172,312",13.58201142,52.4428357,7332.0,33.0
209274,11,11,11300722.0,2021,1,7,5,3,5,3,2,1,1,0,0,0,0,1,"804309,4241","5828168,384",13.48591607,52.51847064,5854.0,29.0
209273,11,6,6100103.0,2021,3,14,5,2,6,7,0,0,0,1,0,0,1,0,"793912,4381","5821467,061",13.32722354,52.46409958,3538.0,21.0
209272,11,9,9200511.0,2021,3,15,1,3,6,4,0,0,1,1,0,0,0,0,"806758,2809","5822288,513",13.51648099,52.46440199,6338.0,34.0
209271,11,6,6300634.0,2021,2,12,4,3,6,7,0,0,0,1,0,0,1,0,"791890,2937","5818966,704",13.29535754,52.44276795,3032.0,24.0
209270,11,7,7501029.0,2021,1,14,7,3,0,6,0,0,1,0,1,0,0,1,"797373,8153","5819874,669",13.37660606,52.44795259,4233.0,29.0
209269,11,7,7400720.0,2021,3,16,4,3,3,6,0,0,1,0,0,0,0,1,"797186,9624","5823737,792",13.37730503,52.48268329,4243.0,28.0
209268,11,11,11200512.0,2021,3,15,6,3,5,2,0,0,1,0,0,0,1,0,"802920,9017","5831082,631",13.46817084,52.54536351,5662.0,28.0
209267,11,1,1200522.0,2021,3,16,1,2,6,4,0,0,1,1,0,0,0,0,"793724,5833","5827917,753",13.3301534,52.52202816,3555.0,17.0
209266,11,8,8100419.0,2021,2,13,5,3,6,2,0,0,1,1,0,0,0,0,"802385,4876","5824033,102",13.45389349,52.48247631,5443.0,30.0
209265,11,12,12500825.0,2021,1,22,7,2,0,3,2,0,1,0,0,0,0,0,"792542,279","5835162,836",13.31916235,52.58761297,3474.0,26.0
209264,11,7,7601340.0,2021,3,14,3,3,5,2,0,1,1,0,0,0,0,0,"796460,3402","5815899,352",13.35968001,52.41281298,4023.0,15.0
209263,11,8,8100417.0,2021,1,11,2,2,6,2,0,0,1,1,0,0,0,1,"802546,4085","5822994,509",13.45531369,52.47307824,5440.0,32.0
209262,11,6,6200316.0,2021,2,6,4,3,2,6,2,0,1,0,0,0,0,1,"796020,5414","5817677,42",13.35480584,52.4289902,3927.0,29.0
209261,11,1,1100309.0,2021,3,19,6,3,1,5,2,1,1,0,0,0,0,0,"798202,5891","5828999,499",13.39692959,52.52929411,4557.0,26.0
209260,11,4,4500939.0,2021,2,18,2,3,5,2,2,0,1,0,0,0,0,2,"792440,9697","5824104,655",13.30793894,52.48853468,3245.0,22.0
209259,11,9,9501939.0,2021,2,8,6,3,1,5,1,1,1,0,0,0,0,1,"810696,8163","5821848,968",13.57386055,52.45823785,7136.0,34.0
209258,11,4,4100101.0,2021,1,14,2,3,5,3,0,0,1,0,0,0,0,0,"790515,5001","5829777,109",13.28461389,52.54041658,2860.0,34.0
209257,11,10,10400939.0,2021,3,18,5,3,5,3,2,0,1,0,0,0,0,0,"813006,615","5827610,884",13.61315429,52.50855311,7751.0,32.0
209256,11,6,6100205.0,2021,3,10,7,3,0,2,0,0,1,0,1,0,0,1,"795893,4942","5819895,709",13.35490654,52.44894437,3933.0,29.0
209255,11,3,3701660.0,2021,2,12,6,3,5,2,0,1,0,0,0,0,1,0,"800746,4297","5829153,61",13.43445577,52.52927801,5157.0,33.0
209254,11,3,3500934.0,2021,3,13,2,2,5,3,0,0,1,0,0,0,0,0,"800677,654","5831577,962",13.43563893,52.55104589,5163.0,27.0
209253,11,1,1100308.0,2021,1,17,3,3,6,2,2,0,1,1,0,0,0,1,"797572,1292","5828596,148",13.38730226,52.52602308,4456.0,17.0
209252,11,5,5300736.0,2021,1,13,4,3,5,3,0,0,1,0,0,0,0,0,"786142,4785","5829359,682",13.21995128,52.53898811,1960.0,34.0
209251,11,6,6300634.0,2021,2,17,2,3,0,1,2,0,0,0,1,0,0,0,"792287,7147","5818592,16",13.30086038,52.4391979,3130.0,32.0
209250,11,4,4300416.0,2021,3,22,2,2,5,3,2,0,1,0,0,0,0,0,"791924,255","5826239,278",13.30222152,52.5079478,3151.0,24.0
209249,11,10,10200629.0,2021,1,6,4,3,5,3,2,0,1,0,0,0,1,1,"810931,5541","5828228,97",13.58325571,52.5152786,7353.0,29.0
209248,11,5,5200524.0,2021,2,12,2,3,1,7,0,0,1,0,0,0,0,0,"780184,5551","5827867,351",13.13107826,52.52870297,657.0,35.0
209247,11,1,1300731.0,2021,2,19,1,3,5,3,2,0,1,0,0,0,0,0,"797496,3851","5832915,439",13.39005775,52.56478144,4467.0,26.0
209246,11,9,9100304.0,2021,1,21,4,3,0,6,2,0,1,0,0,0,1,1,"804879,4239","5822489,53",13.48909423,52.46725519,5939.0,17.0
209245,11,11,11300618.0,2021,3,7,4,3,0,1,0,0,0,0,1,0,0,2,"802435,8625","5828901,892",13.45905546,52.52608725,5456.0,27.0
209244,11,6,6200421.0,2021,1,18,1,3,4,3,2,0,1,0,1,0,0,2,"793329,053","5816986,282",13.31472725,52.42424401,3326.0,34.0
209243,11,6,6100204.0,2021,2,19,6,3,5,3,2,1,1,0,0,0,0,2,"795396,574","5820130,494",13.34782349,52.4513178,3834.0,26.0
209242,11,10,10100312.0,2021,1,12,5,3,0,3,0,0,1,0,0,0,1,0,"808579,0946","5830116,809",13.55045039,52.53353302,6858.0,32.0
209241,11,10,10100313.0,2021,1,7,5,2,6,4,0,0,0,1,0,0,1,1,"809395,719","5831060,695",13.56333003,52.54152885,7060.0,34.0
209240,11,9,9200510.0,2021,2,16,3,3,5,3,0,1,1,0,0,0,0,0,"806411,1472","5822970,435",13.51201345,52.47070838,6240.0,26.0
209234,11,4,4400834.0,2021,1,10,2,3,5,3,0,1,1,0,0,0,0,1,"792746,9398","5823119,583",13.31156721,52.47953977,3242.0,25.0
209225,11,4,4501045.0,2021,1,14,2,3,5,3,0,0,1,0,0,0,0,0,"793965,8567","5824962,066",13.33108895,52.49540198,3547.0,16.0
209197,11,2,2500726.0,2021,1,19,7,2,5,3,2,1,0,0,0,0,1,0,"801972,1869","5828241,904",13.45164233,52.52042879,5354.0,28.0
209169,11,4,4501149.0,2021,1,23,2,3,5,3,2,0,1,0,1,0,0,1,"793443,0877","5824199,107",13.32273871,52.48884367,3445.0,28.0
209138,11,4,4501045.0,2021,1,18,1,3,5,7,0,0,1,0,0,0,0,1,"793917,457","5825315,053",13.33068955,52.4985924,3548.0,26.0
209111,11,1,1100310.0,2021,1,17,6,3,0,1,2,1,0,0,0,0,0,1,"799634,0555","5828547,551",13.41756095,52.5244582,4855.0,6.0
209057,11,7,7400721.0,2021,1,18,2,3,1,7,2,0,1,0,0,0,0,1,"797546,3336","5823049,369",13.38196712,52.47631662,4341.0,30.0
209031,11,4,4501149.0,2021,1,8,2,3,6,4,1,0,1,1,0,0,0,1,"793477,6376","5824497,912",13.32350926,52.49150376,3446.0,17.0
209005,11,9,9100101.0,2021,1,20,2,3,6,2,2,0,1,1,0,0,0,1,"802326,8162","5825310,216",13.45419066,52.49395562,5446.0,13.0
208955,11,7,7100101.0,2021,1,17,7,2,6,2,2,0,1,1,0,0,0,0,"794962,4953","5824924,375",13.34569355,52.4945264,3747.0,30.0
208917,11,1,1100101.0,2021,1,17,7,3,5,3,2,0,1,0,0,0,0,0,"795324,9179","5826261,255",13.35220195,52.50631455,3850.0,16.0
208904,11,10,10300734.0,2021,1,12,7,3,2,6,0,0,1,0,0,0,0,1,"810017,365","5827161,418",13.56883249,52.50623202,7150.0,30.0
208875,11,9,9501838.0,2021,1,21,7,1,8,1,2,0,1,0,0,0,0,1,"820448,5872","5819536,522",13.71468176,52.43188902,9228.0,35.0
208836,11,4,4501041.0,2021,1,10,2,3,0,7,0,0,0,0,0,1,0,1,"792967,5428","5825869,311",13.31722401,52.50407191,3349.0,17.0
208821,11,1,1300836.0,2021,1,9,1,3,8,1,0,0,1,0,0,0,0,2,"797247,064","5831130,741",13.38479208,52.54892002,4363.0,11.0
208783,11,1,1200522.0,2021,1,11,2,3,5,7,0,1,1,0,0,0,0,1,"793822,7262","5828155,65",13.33180593,52.5241079,3555.0,17.0
208734,11,7,7200409.0,2021,1,12,2,3,5,2,0,0,1,0,1,0,0,1,"795219,248","5824365,114",13.34896894,52.48937421,3845.0,26.0
208679,11,5,5100211.0,2021,1,16,1,3,5,2,2,0,1,0,0,0,0,2,"781908,5137","5829573,923",13.15787177,52.54311606,1061.0,28.0
208651,11,12,12200310.0,2021,1,23,7,3,0,7,2,0,0,0,1,0,0,1,"791716,2523","5833715,242",13.3057301,52.57507937,3270.0,34.0
208639,11,12,12200411.0,2021,1,13,2,3,2,6,0,0,1,0,0,0,0,1,"792947,8206","5832179,836",13.32249588,52.56065372,3466.0,23.0
208623,11,4,4501043.0,2021,1,13,7,3,2,2,0,1,1,0,0,0,0,0,"792329,2377","5825256,603",13.30730887,52.4989215,3248.0,17.0
208597,11,1,1200520.0,2021,1,18,2,3,6,2,2,0,1,1,0,0,0,1,"794063,7798","5828469,151",13.33562594,52.52678829,3656.0,27.0
208581,11,11,11200411.0,2021,1,12,6,3,0,1,0,1,0,0,0,0,0,1,"805048,1006","5831501,247",13.4998273,52.5479285,6062.0,28.0
208547,11,12,12500928.0,2021,1,23,6,3,8,1,2,0,1,0,0,0,0,1,"792102,5724","5837669,144",13.31490159,52.61031719,3381.0,33.0
208510,11,5,5300839.0,2021,1,15,7,3,5,2,0,0,1,0,0,0,0,0,"789018,1024","5829783,079",13.26260159,52.5412664,2560.0,32.0
208496,11,9,9200717.0,2021,1,10,7,3,0,1,0,1,0,0,0,0,0,1,"809148,4988","5819519,491",13.54898983,52.43823926,6830.0,30.0
208457,11,1,1200628.0,2021,1,12,7,3,2,6,0,0,1,0,0,0,0,0,"795713,819","5828192,436",13.35963144,52.52341529,4055.0,30.0
208414,11,12,12100204.0,2021,1,16,1,3,6,4,2,0,0,1,0,0,1,1,"795471,5648","5832479,532",13.35988432,52.56197662,4066.0,24.0
208376,11,2,2500727.0,2021,1,19,2,3,5,2,2,1,1,0,0,0,0,1,"802638,4829","5827920,207",13.46113983,52.51717609,5553.0,25.0