ObjectID,State,District,LOR_ab_2021,AccidentYear,AccidentMonth,AccidentHour,DayOfWeek,AccidentCategory,AccidentType,AccidentTypeDetail,LightingCondition,InvolvingBike,InvolvingCar,InvolvingPedestrian,InvolvingMotorcycle,InvolvingHGV,InvolvingOther,RoadCondition,GraphicCoord1,GraphicCoord2,LongitudeWGS84,LatitudeWGS84,quadrant,quadrant_rank
208366,11,4,4300621.0,2021,1,23,2,3,5,3,2,0,1,0,0,0,1,0,"792066,0492","5826858,009",13.30484777,52.51341871,3152.0,15.0
208361,11,9,9200819.0,2021,1,1,1,3,6,4,2,0,1,1,0,0,0,0,"810203,5192","5819613,968",13.56454829,52.43848861,7030.0,26.0
208322,11,11,11100204.0,2021,1,7,2,2,6,4,2,0,1,1,0,0,0,1,"806555,4587","5833551,868",13.52388131,52.56546025,6467.0,32.0
208271,11,2,2200210.0,2021,1,20,1,3,5,2,2,1,1,0,0,0,0,1,"798311,4541","5825329,351",13.39523971,52.49633648,4547.0,20.0
208232,11,1,1400939.0,2021,1,16,7,3,0,7,1,0,1,0,1,0,0,1,"795110,9338","5831544,666",13.35374844,52.55379194,3964.0,27.0
208214,11,5,5400942.0,2021,1,0,7,3,9,1,2,0,1,0,0,0,0,1,"783785,2905","5822558,789",13.1794905,52.47924257,1342.0,35.0
208187,11,11,11200411.0,2021,1,0,1,3,0,2,2,0,1,0,0,0,0,1,"805705,3331","5831358,701",13.50935847,52.54628256,6262.0,30.0
208137,11,4,4300414.0,2021,1,11,1,3,5,2,0,0,1,0,0,0,0,1,"790974,116","5826670,181",13.2886383,52.51231845,2952.0,30.0
208122,11,8,8401243.0,2021,1,4,6,3,9,1,2,0,0,0,0,0,1,1,"805036,2885","5817845,666",13.48715633,52.42554623,5826.0,29.0
208100,11,4,4500936.0,2021,1,16,7,3,5,2,1,0,1,0,0,0,0,0,"792089,6582","5825771,812",13.30424153,52.50366853,3149.0,22.0
115644,11,12,12400723.0,2021,6,17,4,2,5,2,1,1,1,0,0,0,0,0,"791883,4019","5839013,549",13.31286042,52.6224869,3384.0,29.0
115642,11,7,4501153.0,2021,9,5,1,2,9,1,2,0,1,0,0,0,0,0,"794221,233","5823025,56",13.3331303,52.47790459,3642.0,24.0
115641,11,7,4501153.0,2021,11,15,4,3,2,6,0,0,1,0,0,0,0,0,"794429,1214","5823089,821",13.33623919,52.47836863,3642.0,24.0
115640,11,4,4300414.0,2021,8,14,1,3,5,2,0,0,1,0,0,0,0,1,"791570,1382","5826545,567",13.29728701,52.51088303,3051.0,16.0
115637,11,2,2400521.0,2021,7,7,2,3,5,2,0,0,1,0,0,0,0,0,"800372,9887","5827974,204",13.42790211,52.51891254,5054.0,24.0
115636,11,4,4300414.0,2021,10,10,3,3,2,2,0,1,1,0,0,0,0,1,"791845,7789","5826592,029",13.30137783,52.51115215,3152.0,15.0
115635,11,12,12100205.0,2021,12,15,4,3,2,6,1,0,1,0,0,0,0,1,"794557,8625","5833881,034",13.34768887,52.57503504,3870.0,26.0
115634,11,4,4100101.0,2021,5,7,6,3,2,6,0,0,1,0,0,0,1,0,"791140,028","5829419,906",13.29348356,52.53688097,3059.0,30.0
115631,11,7,7300619.0,2021,1,10,4,3,3,2,0,0,1,0,0,0,0,1,"795638,2603","5823236,336",13.35412109,52.47902882,3942.0,28.0
115627,11,1,1100205.0,2021,6,14,2,3,1,5,0,0,1,0,0,0,0,0,"797128,4722","5826745,826",13.37912936,52.50967897,4251.0,5.0
115624,11,7,7200308.0,2021,12,16,6,3,6,2,2,0,1,1,0,0,0,1,"795242,8346","5823529,518",13.34857516,52.48187091,3843.0,17.0
115623,11,1,1100102.0,2021,8,12,2,3,3,6,0,0,1,0,1,0,0,0,"795987,4142","5827312,315",13.36286917,52.51537736,4053.0,35.0
115621,11,12,12400721.0,2021,9,14,1,3,1,5,0,1,1,0,0,0,0,0,"791015,6182","5841218,821",13.30201962,52.64272191,3190.0,32.0
115619,11,9,9100202.0,2021,3,21,1,3,5,5,2,1,1,0,0,0,0,1,"802930,858","5824726,478",13.46253005,52.48838873,5545.0,31.0
115616,11,7,7400721.0,2021,6,10,1,3,2,6,0,0,1,0,0,0,0,0,"797828,3069","5822743,214",13.38583315,52.4734186,4340.0,22.0
115614,11,9,9100305.0,2021,9,10,3,2,0,1,0,1,0,0,0,0,0,0,"804509,4389","5823189,906",13.48430389,52.47373877,5841.0,34.0
115613,11,10,10300734.0,2021,11,17,2,3,2,6,2,0,1,0,0,0,0,0,"810336,6929","5827083,145",13.5734493,52.50534904,7150.0,30.0
115612,11,4,4400830.0,2021,8,17,3,3,2,6,0,0,1,0,1,0,0,0,"792043,5808","5823877,203",13.30190364,52.48670834,3144.0,28.0
115607,11,7,7400824.0,2021,10,17,7,3,1,5,0,1,1,0,0,0,0,0,"797834,9232","5822252,26",13.38549196,52.46901413,4339.0,15.0
115606,11,1,1100310.0,2021,12,16,3,3,5,3,2,0,1,0,0,0,1,1,"799107,1095","5827693,697",13.40904932,52.517094,4753.0,15.0
115603,11,6,6400737.0,2021,2,19,2,3,2,6,2,0,1,0,0,0,1,0,"785280,4223","5816277,423",13.19608087,52.42214409,1525.0,32.0
115599,11,7,7501133.0,2021,6,17,3,3,5,5,0,0,1,0,1,0,0,0,"798203,6175","5818848,994",13.38786452,52.43830658,4430.0,26.0
115595,11,7,7601442.0,2021,5,6,4,3,5,7,0,1,1,0,0,0,0,0,"799683,6742","5815208,742",13.40631217,52.40486749,4620.0,32.0
115594,11,1,1100310.0,2021,8,8,5,3,3,6,0,0,1,0,0,0,1,0,"799003,5737","5828205,284",13.40798787,52.5217364,4755.0,4.0
115587,11,1,1100311.0,2021,7,8,3,3,0,7,0,1,0,0,0,0,0,0,"800072,1154","5828070,788",13.42356832,52.5199439,4954.0,32.0
115585,11,12,12400723.0,2021,10,16,2,3,5,2,0,1,1,0,0,0,0,0,"791888,6087","5838992,367",13.31291842,52.62229421,3384.0,29.0
115584,11,3,3400828.0,2021,11,16,2,3,5,3,1,0,1,0,0,0,0,0,"800173,8223","5832247,771",13.42883612,52.55732743,5065.0,28.0
115583,11,8,8200622.0,2021,9,15,6,3,2,6,0,0,1,0,0,0,0,0,"802062,5448","5821856,877",13.44718175,52.46314925,5337.0,34.0
115580,11,4,4200310.0,2021,4,14,4,3,0,1,0,1,0,0,0,0,0,0,"789832,9371","5826243,802",13.27149815,52.50910347,2651.0,24.0
115577,11,7,7501030.0,2021,3,15,2,3,5,7,0,0,1,0,0,0,0,1,"797918,5341","5820156,317",13.3848487,52.45018072,4334.0,22.0
115576,11,9,9100202.0,2021,10,7,6,3,3,6,1,0,1,0,1,0,0,0,"802877,3198","5824778,627",13.46179136,52.48888584,5545.0,31.0
115575,11,3,3400620.0,2021,12,11,4,3,3,6,0,0,1,0,0,0,1,0,"798043,6606","5833922,031",13.39901236,52.5735048,4570.0,29.0
115574,11,9,9100409.0,2021,9,21,4,2,3,6,2,0,1,0,0,0,0,1,"806567,8035","5818308,095",13.51003355,52.42883483,6227.0,33.0
115572,11,3,3701660.0,2021,2,21,4,3,6,4,2,0,0,1,0,0,1,2,"800052,675","5829007,804",13.42412807,52.5283534,4957.0,25.0
115568,11,6,6300526.0,2021,6,10,2,3,5,2,0,1,1,0,0,0,0,0,"789579,6468","5817961,003",13.26058598,52.43498,2529.0,27.0
115564,11,6,6400735.0,2021,5,1,4,3,0,1,2,0,1,0,0,0,0,0,"778573,4275","5814897,649",13.09655865,52.41322702,23.0,34.0
115563,11,7,7400824.0,2021,8,13,7,3,0,7,0,0,1,0,0,0,0,0,"797349,1362","5822327,457",13.37842867,52.46995282,4239.0,24.0
115559,11,12,12100204.0,2021,7,14,5,3,1,5,0,1,1,0,0,0,0,0,"795759,3724","5832649,126",13.3642689,52.56334061,4067.0,17.0
115557,11,4,4400830.0,2021,10,16,2,3,2,6,0,0,1,0,0,0,0,0,"792209,2353","5823676,429",13.30416029,52.48481979,3144.0,28.0
115556,11,1,1100310.0,2021,11,7,4,3,6,2,2,0,1,1,0,0,0,1,"799791,6383","5828611,657",13.41993451,52.52494619,4856.0,13.0
115552,11,12,12601032.0,2021,1,7,6,3,3,6,0,0,1,0,0,1,0,1,"792727,4817","5837424,981",13.32388811,52.60779221,3480.0,27.0
115549,11,1,1300836.0,2021,4,10,2,3,2,6,0,0,1,0,0,0,0,0,"796213,7884","5830220,113",13.36878603,52.54132001,4160.0,7.0
115548,11,12,12400723.0,2021,6,2,1,3,9,1,2,0,1,0,0,0,0,0,"791813,508","5839299,6",13.31208333,52.62508876,3285.0,33.0
115546,11,4,4300621.0,2021,11,14,6,3,5,3,0,0,1,0,0,0,1,0,"792257,905","5826682,827",13.30751306,52.51174548,3252.0,20.0
115544,11,3,3601142.0,2021,5,8,7,2,5,2,0,0,1,0,0,0,0,0,"799141,8061","5830374,505",13.4119712,52.54110438,4760.0,17.0
115543,11,7,7400824.0,2021,8,5,1,3,5,2,0,0,1,0,0,0,0,0,"797848,5281","5822307,39",13.38574086,52.46950089,4339.0,15.0
115542,11,11,11300722.0,2021,9,12,5,3,3,6,0,0,1,0,0,0,1,0,"803795,9588","5827579,12",13.47783405,52.51347552,5752.0,17.0
115538,11,1,1100311.0,2021,2,16,1,3,5,2,0,1,0,0,0,0,0,0,"800165,8512","5828031,697",13.4249104,52.51954193,4954.0,32.0
115535,11,7,7300619.0,2021,7,8,5,3,2,6,0,0,1,0,0,0,1,1,"796273,0844","5822709,04",13.36297283,52.47395803,4041.0,26.0
115533,11,9,9100202.0,2021,9,17,6,3,2,3,0,1,0,0,0,0,1,0,"803092,5922","5824569,821",13.46476227,52.48689486,5544.0,31.0
115532,11,3,3400721.0,2021,11,13,2,3,5,2,0,1,1,0,0,0,0,1,"798082,9611","5833574,57",13.39927825,52.57036878,4569.0,26.0
115531,11,10,10400940.0,2021,8,14,7,2,0,7,0,1,0,0,0,0,0,0,"812196,1132","5827147,555",13.60081637,52.50486553,7550.0,31.0
115526,11,7,7400720.0,2021,7,13,1,3,3,6,0,0,1,0,1,0,0,0,"797823,7106","5822488,031",13.38553785,52.47113368,4340.0,22.0
115525,11,3,3100101.0,2021,10,14,5,3,2,6,0,0,1,0,0,0,0,1,"800210,2312","5839286,126",13.43574933,52.62039314,5183.0,35.0
115524,11,7,7501133.0,2021,12,17,2,3,0,3,2,0,0,0,1,0,1,0,"797550,6852","5818306,766",13.37780491,52.43380165,4229.0,30.0
115523,11,2,2500727.0,2021,5,12,2,3,0,6,0,1,0,0,0,0,0,0,"802146,2533","5827747,788",13.45375122,52.51590362,5453.0,1.0
115522,11,2,2500727.0,2021,5,16,7,3,2,6,0,0,1,0,0,0,0,0,"802561,7282","5827688,7",13.45980161,52.5151437,5453.0,1.0
115519,11,3,3601142.0,2021,2,16,3,3,6,7,2,0,1,1,0,0,0,1,"799165,5228","5830386,212",13.4123304,52.54119629,4760.0,17.0
115515,11,1,1100310.0,2021,6,10,6,3,2,6,0,0,1,0,0,0,0,0,"799692,5916","5828505,978",13.41838371,52.5240534,4855.0,6.0
115511,11,7,7601547.0,2021,5,8,6,2,0,7,0,0,1,0,0,0,0,0,"800466,1569","5812468,585",13.41532357,52.37987693,4813.0,33.0
115510,11,7,7400823.0,2021,8,15,5,3,2,6,0,0,1,0,0,0,1,0,"796847,61","5822389,496",13.37112233,52.47078169,4140.0,22.0
115508,11,8,8200624.0,2021,9,13,7,3,0,7,0,0,0,0,0,0,1,0,"801016,5404","5821648,578",13.43164398,52.46185942,5037.0,34.0
115507,11,9,9100101.0,2021,3,10,6,3,5,2,0,1,0,0,0,0,1,1,"802709,6029","5825270,788",13.4597759,52.49339007,5446.0,13.0
115503,11,4,4200310.0,2021,7,6,5,2,2,6,0,0,1,0,0,0,0,0,"789168,5385","5826160,711",13.26166366,52.50871113,2551.0,28.0
115501,11,4,4100101.0,2021,9,17,5,3,3,6,0,0,1,0,1,0,0,0,"791145,8558","5829378,013",13.29353253,52.5365023,3059.0,30.0
115500,11,10,10100311.0,2021,11,13,2,3,6,7,0,1,0,1,0,0,0,0,"808048,9874","5827445,904",13.54018635,52.50989646,6651.0,32.0
115499,11,4,4300414.0,2021,8,8,3,3,0,2,0,1,1,0,0,0,0,1,"791564,8657","5826544,665",13.29720875,52.51087776,3051.0,16.0
115496,11,6,6400736.0,2021,4,18,5,2,9,1,0,0,0,0,1,0,0,0,"785095,8953","5815956,227",13.19310092,52.41936035,1525.0,32.0
115493,11,4,4300622.0,2021,3,15,6,3,5,2,0,0,0,0,0,1,1,0,"793302,3784","5826822,804",13.32298312,52.51243969,3452.0,20.0
115492,11,1,1300836.0,2021,10,8,4,3,5,2,0,1,1,0,0,0,0,1,"796319,2263","5830073,464",13.3702054,52.53994813,4160.0,7.0
115491,11,7,7400823.0,2021,12,19,5,3,2,6,0,0,1,0,0,0,0,0,"796854,4466","5822387,822",13.37122119,52.47076297,4140.0,22.0
115490,11,3,3601449.0,2021,9,21,6,2,5,2,2,0,1,0,0,0,1,0,"801348,9709","5831003,534",13.44498869,52.54552629,5262.0,19.0
115488,11,7,7400720.0,2021,2,16,6,3,2,6,0,0,1,0,0,0,0,0,"797777,269","5823509,976",13.38576861,52.48031959,4342.0,32.0
115484,11,6,6300527.0,2021,6,16,7,2,1,7,0,0,1,0,0,0,0,0,"790726,328","5818643,664",13.27799992,52.44049192,2731.0,33.0
115480,11,1,1100310.0,2021,5,8,5,3,3,6,0,0,1,0,1,0,0,0,"799187,0703","5828390,667",13.41085107,52.52329743,4755.0,4.0
115479,11,4,4300621.0,2021,5,20,7,3,5,3,0,0,1,0,0,0,1,0,"792384,1254","5826703,72",13.30938603,52.51186514,3252.0,20.0
115478,11,7,7200410.0,2021,8,11,5,3,3,6,0,1,0,0,0,1,1,0,"795560,3455","5823888,428",13.35355527,52.48491652,3944.0,26.0
115474,11,4,4400830.0,2021,7,16,2,3,8,1,0,0,1,0,0,0,0,0,"792063,3455","5823862,24",13.30218077,52.48656362,3144.0,28.0
115470,11,11,11300722.0,2021,7,15,3,3,2,6,0,1,1,0,0,0,0,0,"803778,7922","5827580,785",13.47758338,52.5135,5752.0,17.0
115468,11,7,7501133.0,2021,10,13,7,3,1,5,0,0,1,0,0,0,1,0,"798324,1365","5818500,906",13.38932158,52.43512062,4429.0,30.0
115467,11,3,3601449.0,2021,11,19,1,3,1,5,2,1,1,0,0,0,0,1,"801011,3286","5830594,723",13.43965417,52.54204871,5161.0,33.0
115466,11,3,3500933.0,2021,9,14,6,3,0,2,0,0,1,0,0,0,1,0,"802791,2609","5832257,26",13.46733603,52.55596353,5665.0,35.0
115463,11,12,12200414.0,2021,4,0,7,3,8,1,2,0,1,0,0,0,0,0,"791862,911","5831369,927",13.3058249,52.55397574,3264.0,32.0
115460,11,3,3200204.0,2021,4,14,6,3,2,6,0,0,1,0,1,0,0,0,"797848,3408","5837673,667",13.39951188,52.60723973,4580.0,35.0
115459,11,4,4400727.0,2021,10,7,5,3,2,6,0,0,1,0,0,0,0,0,"791655,2298","5824286,441",13.29655873,52.49058472,3045.0,31.0
115458,11,1,1100310.0,2021,12,19,3,3,3,2,2,1,1,0,0,0,0,0,"799571,012","5828269,929",13.41638443,52.5220044,4855.0,6.0
115457,11,12,12200515.0,2021,5,16,3,3,2,6,0,0,1,0,1,0,0,0,"790764,4607","5834742,757",13.29262594,52.58480023,3073.0,35.0
115456,11,9,9100203.0,2021,7,14,7,3,2,7,0,0,1,0,0,0,0,0,"804168,368","5823519,231",13.47959819,52.47688046,5741.0,33.0
115453,11,9,9100305.0,2021,2,20,2,3,5,3,2,1,1,0,0,0,0,0,"805147,852","5822568,757",13.49310587,52.46781541,5939.0,17.0
115450,11,3,3601452.0,2021,6,18,3,3,5,2,0,1,1,0,0,0,0,0,"801433,9662","5829173,243",13.44457808,52.52907426,5257.0,31.0
115447,11,2,2100101.0,2021,10,10,5,3,5,2,0,0,1,0,0,0,0,1,"797866,1764","5825500,474",13.38885306,52.49811359,4448.0,10.0
115446,11,2,2200208.0,2021,12,19,2,3,2,6,2,0,1,0,0,0,0,1,"797844,8639","5825011,23",13.38810259,52.49373973,4446.0,18.0
115444,11,4,4300415.0,2021,1,15,3,3,2,6,0,0,1,0,0,0,1,1,"790740,9749","5826291,537",13.28488172,52.50904822,2851.0,16.0
115440,11,7,7501135.0,2021,6,19,7,3,5,2,0,0,1,0,0,0,0,0,"798881,5821","5817221,652",13.39635394,52.42334931,4526.0,31.0
115436,11,1,2400520.0,2021,5,20,4,3,2,6,1,0,1,0,0,0,0,0,"799793,4001","5828679,678",13.42002172,52.52555492,4956.0,24.0
115435,11,1,1200624.0,2021,5,15,6,3,0,6,0,0,1,0,1,0,0,1,"796025,9101","5829345,138",13.36524435,52.53357882,4058.0,33.0
115434,11,4,4200310.0,2021,8,17,5,3,5,3,0,1,1,0,0,0,0,0,"790254,6687","5826331,512",13.27777122,52.50966557,2751.0,23.0
115427,11,4,4300621.0,2021,7,20,3,2,0,2,1,1,0,0,0,0,0,0,"792384,0242","5826703,703",13.30938453,52.51186504,3252.0,20.0
115425,11,2,2500835.0,2021,10,20,2,3,4,7,2,0,1,0,0,0,0,0,"802141,9085","5826113,124",13.45220365,52.5012545,5349.0,27.0
115424,11,3,3601451.0,2021,11,5,3,3,5,3,2,1,1,0,0,0,0,1,"801005,9477","5829623,609",13.43869542,52.53334746,5158.0,30.0
115423,11,4,4100102.0,2021,9,17,6,3,2,6,0,0,1,0,0,0,0,0,"791527,8389","5829160,647",13.29895775,52.53434945,3158.0,35.0
115420,11,12,12100103.0,2021,4,10,2,3,3,6,0,0,0,0,0,1,1,0,"795380,9528","5833692,027",13.35963117,52.57289466,4070.0,35.0
115417,11,4,4300414.0,2021,3,16,3,3,5,2,0,1,1,0,0,0,0,0,"791855,8875","5826593,765",13.30152788,52.5111623,3152.0,15.0
115416,11,7,7400720.0,2021,10,8,2,3,2,6,0,0,1,0,0,0,0,0,"797823,5764","5822490,992",13.38553853,52.47116029,4340.0,22.0
115415,11,4,4400725.0,2021,12,14,5,3,2,6,1,0,1,0,0,0,1,1,"790560,872","5825136,001",13.28122703,52.49878471,2848.0,19.0
115414,11,3,3701657.0,2021,6,8,3,3,2,6,0,0,1,0,0,0,0,0,"800003,5034","5830309,363",13.42458022,52.54004677,4960.0,24.0
115413,11,4,4200311.0,2021,9,20,4,3,3,6,2,0,1,0,0,1,0,1,"790510,2106","5825528,154",13.28082494,52.50232738,2849.0,26.0
115411,11,6,4200207.0,2021,2,14,1,2,2,6,0,0,1,0,1,0,0,0,"787885,2271","5821881,625",13.23911015,52.47102545,2240.0,34.0
115408,11,4,4501148.0,2021,6,18,7,3,8,1,0,0,1,0,0,0,0,0,"792627,744","5823353,668",13.31002254,52.48170218,3243.0,30.0
115405,11,7,7300619.0,2021,5,18,1,3,2,6,0,0,1,0,0,0,1,1,"795753,515","5823099,571",13.35569191,52.47774042,3942.0,28.0
115404,11,3,3601139.0,2021,8,19,1,3,0,1,0,1,0,0,0,0,0,0,"799225,8742","5832014,452",13.41468474,52.55575777,4865.0,27.0
115400,11,3,3601142.0,2021,7,2,4,3,2,6,2,1,0,0,0,0,0,1,"799163,0268","5830607,422",13.41249291,52.54318047,4761.0,25.0
115398,11,11,11401032.0,2021,10,12,4,3,5,3,0,0,1,0,0,0,1,0,"805652,0666","5827389,905",13.50492697,52.51074281,6151.0,22.0
115397,11,8,8200622.0,2021,11,14,7,3,2,6,0,0,1,0,0,0,0,1,"802090,1096","5821851,669",13.44758153,52.46308734,5337.0,34.0
115396,11,4,4400726.0,2021,5,15,2,3,2,6,0,0,1,0,1,0,0,0,"790872,2053","5824707,557",13.28542625,52.49477785,2947.0,14.0
115394,11,7,7501135.0,2021,4,10,6,3,6,7,0,0,1,1,0,0,0,0,"798846,8789","5817304,102",13.39591876,52.42410734,4526.0,31.0
115391,11,12,12100101.0,2021,1,1,2,3,5,7,2,0,1,0,0,0,0,1,"795828,037","5832343,686",13.36500662,52.56056534,4066.0,24.0
115388,11,4,4400830.0,2021,4,17,5,3,2,6,0,0,1,0,0,0,0,0,"792306,1337","5823564,494",13.30548504,52.48376444,3143.0,34.0
115387,11,3,3400620.0,2021,6,9,4,3,6,4,0,1,0,1,0,0,0,0,"798013,3179","5833719,831",13.39838424,52.57170897,4569.0,26.0
115385,11,1,1100207.0,2021,12,11,5,3,2,6,0,0,1,0,0,0,0,1,"798638,483","5827034,88",13.40157234,52.51144542,4652.0,19.0
115384,11,7,7601236.0,2021,5,8,4,3,2,2,0,0,1,0,0,0,0,0,"796602,3502","5816010,29",13.36186011,52.41373054,4023.0,15.0
115383,11,10,10100312.0,2021,8,15,4,3,2,6,0,0,1,0,0,0,0,0,"807669,2504","5829970,436",13.53694371,52.53273555,6658.0,28.0
115382,11,3,3601451.0,2021,9,12,5,3,5,2,0,1,1,0,0,0,0,0,"800767,345","5829819,755",13.4353659,52.53523727,5159.0,27.0
115379,11,7,7501030.0,2021,3,10,2,3,2,6,0,0,1,0,0,1,0,0,"797952,8931","5819962,462",13.38517987,52.44842429,4333.0,29.0
115376,11,2,2200208.0,2021,6,9,3,2,5,2,0,1,0,0,0,1,0,0,"797897,8275","5825434,918",13.3892593,52.49750869,4448.0,10.0
115374,11,5,5200528.0,2021,9,11,4,3,5,2,0,0,1,0,0,0,0,0,"783515,2877","5826712,876",13.17906168,52.51662957,1353.0,28.0
115373,11,1,1100310.0,2021,10,14,1,3,0,2,0,1,1,0,0,0,0,0,"799792,4349","5828612,935",13.41994737,52.5249572,4956.0,24.0
115372,11,2,2400521.0,2021,8,22,1,3,8,1,2,0,1,0,0,0,0,0,"800970,3627","5827852,244",13.43656921,52.51749004,5153.0,32.0
115367,11,4,4200206.0,2021,7,12,7,3,1,5,0,1,1,0,0,0,0,0,"787877,4353","5825954,276",13.24251411,52.50754321,2250.0,29.0
115366,11,7,7300619.0,2021,10,19,5,3,2,6,1,0,1,0,0,0,0,1,"795220,9047","5822902,26",13.34769781,52.47625983,3841.0,30.0
115365,11,10,10300733.0,2021,12,18,2,3,5,3,2,1,1,0,0,0,0,0,"809660,1683","5827317,94",13.5637321,52.50783755,7051.0,30.0
115364,11,6,6400737.0,2021,5,17,1,3,2,6,0,0,1,0,0,0,1,0,"784957,2324","5817376,116",13.19227713,52.43216362,1528.0,35.0
115361,11,3,3601348.0,2021,2,14,3,3,0,2,0,1,0,0,0,0,1,1,"799688,867","5830258,074",13.41990858,52.53976017,4860.0,25.0
115357,11,3,3701657.0,2021,6,14,6,3,2,6,0,0,1,0,0,0,0,0,"800310,2512","5830043,229",13.42884905,52.53749237,5059.0,21.0
115353,11,3,3200205.0,2021,5,13,2,2,5,2,0,1,0,0,0,1,0,0,"798116,7335","5835781,042",13.40175954,52.59012808,4675.0,32.0
115352,11,1,1100104.0,2021,8,22,7,3,2,6,2,0,1,0,0,0,0,0,"796218,6357","5825862,704",13.36497662,52.50225741,4049.0,28.0
115350,11,4,4200206.0,2021,9,10,4,3,3,6,0,0,1,0,0,1,0,0,"787521,2722","5825897,186",13.23723155,52.5072192,2150.0,35.0
115348,11,1,1100310.0,2021,3,19,2,2,6,4,2,0,1,1,0,0,0,1,"799785,9017","5828602,456",13.41984191,52.52486687,4856.0,13.0
115344,11,12,12400723.0,2021,7,13,2,3,2,6,0,0,1,0,0,0,0,0,"791885,3908","5839005,453",13.31288257,52.62241325,3384.0,29.0
115342,11,9,9200613.0,2021,9,12,3,3,6,2,0,0,1,1,0,0,0,0,"805458,105","5822258,8",13.49737515,52.46486404,6038.0,33.0
115341,11,3,3501037.0,2021,11,7,3,2,0,1,0,1,0,0,0,0,0,1,"802770,575","5832785,415",13.46751364,52.56070876,5666.0,33.0
115340,11,2,2200208.0,2021,8,12,5,3,5,2,0,1,1,0,0,0,0,0,"797898,3349","5825432,554",13.38926464,52.49748722,4448.0,10.0
115337,11,3,3400826.0,2021,4,16,5,3,3,6,0,0,1,0,0,0,0,0,"799142,3576","5832305,623",13.41371895,52.55841353,4865.0,27.0
115334,11,6,6300526.0,2021,3,14,2,3,5,2,0,1,1,0,0,0,0,1,"789579,0102","5817961,181",13.26057679,52.43498193,2529.0,27.0
115333,11,7,7501030.0,2021,10,12,4,3,5,3,0,0,1,0,1,0,0,1,"798039,5547","5819470,87",13.38601273,52.44397046,4332.0,25.0
115332,11,1,1400940.0,2021,12,16,3,3,5,3,1,0,1,0,0,0,0,1,"795878,6791","5832059,299",13.36549796,52.55798859,4065.0,5.0
115331,11,10,10300733.0,2021,9,7,5,3,5,3,0,0,1,0,0,0,0,1,"808930,197","5827407,125",13.55309359,52.50905064,6851.0,28.0
115329,11,11,11300725.0,2021,2,12,1,3,3,6,0,0,1,0,0,0,1,2,"805162,9532","5827444,262",13.49779205,52.51150381,6052.0,29.0
115325,11,2,2500729.0,2021,6,13,7,3,2,6,0,0,1,0,0,0,0,0,"803526,8071","5827605,271",13.47390386,52.51385974,5752.0,17.0
115320,11,6,6300527.0,2021,5,7,4,3,1,1,0,1,1,0,0,0,0,0,"790364,8435","5818432,059",13.27251295,52.43878689,2730.0,35.0
115319,11,2,2500729.0,2021,8,14,2,3,6,4,0,1,0,1,0,0,0,0,"803474,3464","5827595,52",13.47312427,52.51380154,5652.0,19.0
115315,11,4,4501153.0,2021,7,16,2,3,3,6,0,0,1,0,0,1,0,0,"794188,0209","5823021,413",13.33263904,52.47788531,3642.0,24.0
115312,11,3,3100101.0,2021,7,6,6,2,2,6,0,0,1,0,0,1,0,1,"799532,2184","5840731,893",13.427074,52.63372596,5087.0,35.0
115310,11,2,2100101.0,2021,10,18,7,3,5,3,0,0,1,0,0,0,1,0,"797886,146","5825492,833",13.38913953,52.49803421,4448.0,10.0
115309,11,11,11300722.0,2021,11,11,2,3,5,2,0,0,1,0,0,0,1,0,"803759,7974","5827566,547",13.47729134,52.51338297,5752.0,17.0
115308,11,2,2200208.0,2021,5,8,2,3,5,2,0,1,1,0,0,0,0,0,"797898,3349","5825432,554",13.38926464,52.49748722,4448.0,10.0
115306,11,7,7300619.0,2021,9,11,7,3,3,6,0,0,1,0,0,0,1,0,"795218,0814","5822882,283",13.34763867,52.47608227,3841.0,30.0
115303,11,7,7400927.0,2021,4,6,3,3,2,6,0,0,1,0,0,0,0,0,"799411,0331","5821538,273",13.40798451,52.46175272,4737.0,33.0
115300,11,7,7100205.0,2021,4,17,6,3,2,6,0,0,1,0,0,0,0,0,"796071,2918","5825473,918",13.3624666,52.49885225,4048.0,16.0
115299,11,12,12100101.0,2021,7,15,2,3,5,2,0,1,1,0,0,0,0,0,"795828,3672","5832341,796",13.36500979,52.56054822,4066.0,24.0
115297,11,4,4200308.0,2021,10,12,7,3,2,6,0,0,1,0,0,0,0,0,"790416,4396","5827768,394",13.2814024,52.52246121,2855.0,28.0
115296,11,4,4100101.0,2021,12,11,3,3,2,6,0,0,1,0,0,0,0,0,"791127,1042","5829357,44",13.29323882,52.53632788,3059.0,30.0
115295,11,6,6300527.0,2021,5,16,3,3,2,6,0,0,1,0,0,0,0,0,"790620,5746","5818559,769",13.27637553,52.43979599,2731.0,33.0
115294,11,3,3601245.0,2021,8,18,3,3,0,7,0,1,0,0,0,0,0,0,"800203,3069","5831120,398",13.42825039,52.54720625,5062.0,28.0
115291,11,7,7501133.0,2021,3,8,4,3,5,2,0,1,1,0,0,0,0,0,"798225,9006","5818769,853",13.38812075,52.43758502,4430.0,26.0
115288,11,4,4400726.0,2021,6,23,1,3,8,1,2,0,1,0,0,0,0,0,"790872,0386","5824707,697",13.28542393,52.49477919,2947.0,14.0