ObjectID,State,District,LOR_ab_2021,AccidentYear,AccidentMonth,AccidentHour,DayOfWeek,AccidentCategory,AccidentType,AccidentTypeDetail,LightingCondition,InvolvingBike,InvolvingCar,InvolvingPedestrian,InvolvingMotorcycle,InvolvingHGV,InvolvingOther,RoadCondition,GraphicCoord1,GraphicCoord2,LongitudeWGS84,LatitudeWGS84,quadrant,quadrant_rank
114891,11,12,12200310.0,2021,6,8,2,3,2,6,0,0,1,0,0,0,0,0,"791741,6038","5833077,575",13.30554214,52.5693493,3169.0,30.0
114887,11,10,10400837.0,2021,5,8,5,3,5,3,0,1,0,0,0,0,1,0,"811084,3173","5827097,28",13.58444201,52.50504998,7350.0,32.0
114886,11,1,1300836.0,2021,8,10,3,3,0,2,0,1,0,0,0,1,0,0,"796286,0491","5830278,212",13.36990023,52.54180152,4160.0,7.0
114882,11,9,9200613.0,2021,7,9,3,3,5,3,0,0,1,0,0,0,1,0,"806538,2471","5821214,5",13.51226611,52.45489978,6235.0,29.0
114880,11,1,1300836.0,2021,10,8,3,3,5,2,0,0,1,0,0,0,1,1,"796274,416","5830256,427",13.36970977,52.54161257,4160.0,7.0
114879,11,2,2500729.0,2021,11,14,5,3,6,7,0,0,1,1,0,0,0,0,"803555,0623","5827586,414",13.47430175,52.513675,5752.0,17.0
114875,11,4,4300414.0,2021,1,8,3,3,6,4,0,0,1,1,0,0,0,1,"791773,1822","5826579,66",13.30030029,52.5110801,3151.0,24.0
114872,11,12,12200414.0,2021,4,17,3,3,2,6,2,0,1,0,0,0,1,0,"792169,5774","5832050,689",13.31093445,52.55991411,3266.0,35.0
114871,11,2,2500727.0,2021,6,9,2,3,5,2,0,1,1,0,0,0,0,0,"802387,7966","5827706,31",13.45726227,52.51539799,5453.0,1.0
114868,11,9,9100101.0,2021,5,11,6,3,5,3,0,1,1,0,0,0,0,1,"802772,724","5825329,042",13.46075573,52.49387719,5546.0,32.0
114867,11,9,9100101.0,2021,8,15,2,2,0,7,0,0,0,0,0,0,1,0,"802672,2399","5825218,814",13.45918003,52.49294495,5446.0,13.0
114866,11,1,1100206.0,2021,9,6,3,3,6,4,0,1,0,1,0,0,0,0,"798305,4845","5827700,1",13.39727641,52.51759045,4553.0,27.0
114862,11,3,3701660.0,2021,2,15,6,3,6,2,0,0,1,1,0,0,0,0,"800023,02","5828998,995",13.42368429,52.52829076,4957.0,25.0
114859,11,6,6400737.0,2021,6,18,4,3,1,5,0,0,1,0,0,0,0,1,"786890,9569","5817120,606",13.22042326,52.42886201,1927.0,35.0
114857,11,3,3500934.0,2021,9,9,3,3,2,2,0,1,1,0,0,0,0,0,"800250,5445","5831907,336",13.42965649,52.55423373,5064.0,18.0
114856,11,4,4300621.0,2021,11,18,2,3,6,4,2,0,0,1,0,0,1,1,"791920,7592","5826625,879",13.30250924,52.51141548,3152.0,15.0
114855,11,4,4300414.0,2021,8,13,3,3,2,6,0,0,1,0,0,0,0,0,"791562,0838","5826544,189",13.29716746,52.51087498,3051.0,16.0
114850,11,6,6100209.0,2021,7,16,2,2,7,7,0,0,0,0,1,0,0,0,"794278,3712","5821475,068",13.33260146,52.4639744,3638.0,25.0
114849,11,11,11401032.0,2021,10,16,6,3,2,6,0,0,1,0,0,0,0,1,"805749,8756","5827385,935",13.50636006,52.51065242,6151.0,22.0
114848,11,6,6300629.0,2021,12,17,2,3,6,4,1,1,0,1,0,0,0,1,"792421,0573","5819725,655",13.30380847,52.4492883,3133.0,31.0
114847,11,9,9100305.0,2021,5,16,2,3,2,6,0,0,1,0,0,0,0,0,"805168,0336","5822571,393",13.49340445,52.46782777,5939.0,17.0
114844,11,3,3601451.0,2021,1,13,5,3,2,6,0,0,1,0,0,0,0,0,"800601,44","5829929,833",13.43302685,52.53631544,5059.0,21.0
114840,11,4,4400726.0,2021,6,15,3,3,2,6,0,0,1,0,0,0,0,0,"790994,9416","5824661,752",13.28718902,52.49430178,2947.0,14.0
114836,11,7,7400822.0,2021,7,19,5,2,2,6,0,0,1,0,1,0,0,0,"796458,6616","5822585,13",13.36558693,52.4727466,4040.0,31.0
114834,11,4,4100101.0,2021,10,17,5,3,3,6,0,0,1,0,0,0,0,0,"790681,3573","5828841,751",13.2862344,52.53194268,2958.0,29.0
114833,11,4,4200207.0,2021,11,19,4,3,3,6,2,0,1,0,0,1,0,1,"789367,6605","5824209,209",13.26289375,52.49110977,2546.0,33.0
114829,11,1,1100310.0,2021,4,14,4,3,0,3,0,1,0,0,0,0,1,0,"798818,3293","5828032,37",13.40511038,52.52028802,4654.0,17.0
114826,11,7,7400824.0,2021,3,15,1,3,3,6,0,0,1,0,0,0,0,0,"797858,7504","5822104,431",13.38570972,52.46767602,4339.0,15.0
114825,11,10,10100208.0,2021,6,13,3,2,6,4,0,0,1,1,0,0,0,0,"808318,2972","5832056,016",13.54841738,52.55105938,6863.0,28.0
114823,11,4,4200206.0,2021,11,7,4,3,5,3,0,0,1,0,1,0,0,0,"786933,7013","5825809,887",13.22852285,52.50674585,2050.0,29.0
114822,11,10,10100206.0,2021,12,21,4,3,6,2,2,0,1,1,0,0,0,1,"808677,308","5832818,436",13.55440433,52.55768865,6865.0,33.0
114821,11,6,6300527.0,2021,8,18,2,3,1,5,0,0,1,0,0,0,0,0,"790030,2756","5818149,149",13.26735937,52.43642803,2630.0,25.0
114820,11,4,4200206.0,2021,9,16,5,3,2,6,0,0,1,0,0,0,0,0,"788340,3835","5826029,238",13.24938124,52.50797079,2351.0,30.0
114816,11,2,2500729.0,2021,2,15,3,3,3,6,0,0,1,0,0,0,0,0,"803551,0649","5827586,876",13.47424345,52.51368137,5752.0,17.0
114813,11,2,2100101.0,2021,6,14,7,3,6,4,0,1,0,1,0,0,0,0,"797787,4748","5825526,523",13.38772043,52.49839005,4448.0,10.0
114811,11,2,2100101.0,2021,9,10,5,3,5,3,0,0,1,0,0,0,1,0,"797860,7189","5825502,098",13.38877436,52.49813113,4448.0,10.0
114810,11,6,6300629.0,2021,11,17,5,3,5,3,2,0,1,0,1,0,0,1,"792251,8685","5819610,576",13.30122531,52.44834709,3133.0,31.0
114809,11,3,3500936.0,2021,8,10,3,3,0,2,0,0,1,0,0,0,1,0,"801542,2371","5831167,045",13.44797853,52.54688491,5362.0,25.0
114804,11,9,9100101.0,2021,7,18,6,3,5,3,0,0,1,0,0,0,1,0,"802584,4364","5825069,436",13.45775505,52.49165476,5446.0,13.0
114803,11,6,6300526.0,2021,10,15,5,3,2,2,0,1,1,0,0,0,0,1,"789557,7507","5817980,864",13.26028199,52.43516965,2529.0,27.0
114802,11,6,6300629.0,2021,12,15,3,3,5,7,1,0,1,0,1,0,0,0,"792703,9045","5819922,664",13.30813125,52.45090309,3234.0,29.0
114801,11,2,2200209.0,2021,5,7,2,3,2,6,0,0,1,0,0,0,0,0,"797754,1854","5824448,284",13.38626785,52.48874304,4345.0,28.0
114798,11,3,3701657.0,2021,1,17,4,3,5,2,2,0,1,0,0,0,0,1,"799994,3727","5830221,017",13.42436622,52.53925992,4960.0,24.0
114794,11,3,3601449.0,2021,6,19,7,2,2,2,1,0,1,0,0,0,1,0,"801333,2991","5830989,816",13.44474583,52.545412,5262.0,19.0
114790,11,2,2500728.0,2021,5,14,6,3,5,2,0,1,1,0,0,0,0,0,"803085,262","5827634,511",13.46744374,52.51436734,5652.0,19.0
114789,11,9,9100202.0,2021,8,17,6,3,6,7,0,1,0,1,0,0,0,0,"802824,4645","5824831,924",13.46106373,52.48939286,5545.0,31.0
114787,11,10,10300733.0,2021,9,15,3,3,2,6,0,0,1,0,0,0,0,0,"808614,9263","5827444,589",13.5484977,52.50956482,6851.0,28.0
114786,11,7,7300619.0,2021,3,15,5,3,2,6,0,0,1,0,0,0,0,0,"795881,0713","5822666,384",13.35718028,52.47378815,3941.0,23.0
114783,11,2,2400625.0,2021,7,20,6,3,2,6,0,1,0,0,0,0,0,0,"801873,2655","5826523,108",13.44862972,52.5050779,5350.0,29.0
114781,11,1,1100102.0,2021,9,8,3,3,2,6,0,0,1,0,0,0,0,0,"796798,1095","5826697,063",13.37423236,52.50942171,4251.0,5.0
114780,11,4,4300414.0,2021,11,9,2,3,2,6,0,0,1,0,0,0,0,1,"791849,98","5826614,083",13.3014589,52.51134761,3152.0,15.0
114779,11,2,2500727.0,2021,8,18,5,3,2,2,1,0,1,0,0,0,0,1,"802594,7332","5827701,248",13.46029792,52.51523785,5453.0,1.0
114776,11,7,7601442.0,2021,4,17,3,3,3,6,0,0,1,0,1,0,0,0,"799288,1347","5816185,395",13.40138812,52.41383834,4623.0,18.0
114773,11,1,1100102.0,2021,3,9,2,3,5,2,0,0,1,0,0,0,1,0,"796458,4454","5827391,52",13.36986084,52.51583152,4153.0,29.0
114772,11,4,4300414.0,2021,10,15,2,3,2,6,0,0,1,0,0,0,0,0,"791658,1734","5826581,715",13.29861222,52.51116003,3052.0,28.0
114771,11,7,7200308.0,2021,12,12,2,3,0,2,0,0,1,0,0,0,1,1,"795229,2524","5823514,341",13.34836229,52.48174221,3843.0,17.0
114769,11,7,7400825.0,2021,1,15,6,3,2,3,0,0,1,0,0,0,0,0,"797820,1991","5820722,81",13.38391116,52.4553123,4335.0,21.0
114765,11,2,2200208.0,2021,6,13,5,3,0,5,0,0,1,0,0,0,1,0,"797917,8706","5825341,503",13.38947012,52.49666039,4447.0,23.0
114761,11,7,7501030.0,2021,5,18,3,3,2,2,0,1,1,0,0,0,0,1,"798038,6941","5819475,769",13.38600448,52.44401485,4332.0,25.0
114760,11,4,4300414.0,2021,8,9,4,3,5,2,0,1,1,0,0,0,0,0,"791564,8657","5826544,665",13.29720875,52.51087776,3051.0,16.0
114756,11,3,3601142.0,2021,7,21,5,3,0,1,1,1,0,0,0,0,0,0,"799188,471","5831261,268",13.41345597,52.54902721,4863.0,23.0
114752,11,11,11300722.0,2021,7,14,6,2,0,1,0,0,0,0,1,0,0,0,"804048,8843","5827537,474",13.48151164,52.51296134,5852.0,24.0
114750,11,2,2100101.0,2021,10,17,6,3,5,2,0,1,0,0,0,0,1,0,"797031,8648","5825874,481",13.37693265,52.50192091,4249.0,25.0
114749,11,3,3601347.0,2021,6,23,7,3,5,2,2,1,1,0,0,0,0,0,"799299,78","5830335,843",13.41425877,52.54067109,4860.0,25.0
114748,11,9,9100101.0,2021,11,21,2,3,5,3,2,1,1,0,0,0,0,0,"802589,9781","5825080,892",13.45784682,52.49175437,5446.0,13.0
114747,11,12,12200414.0,2021,9,16,4,3,2,6,0,0,1,0,0,0,0,0,"791627,4089","5830861,499",13.30191463,52.54954395,3163.0,32.0
114744,11,12,12100205.0,2021,4,14,1,3,6,4,0,0,1,1,0,0,0,0,"795156,2342","5833728,58",13.35635743,52.57334424,3970.0,26.0
114741,11,7,7501133.0,2021,3,18,3,3,0,2,0,1,1,0,0,0,0,0,"797575,5266","5818415,817",13.3782663,52.43476567,4229.0,30.0
114740,11,7,7501133.0,2021,10,20,3,2,0,7,2,0,1,0,0,0,1,0,"798144,3905","5819050,944",13.38717596,52.44014913,4431.0,31.0
114739,11,3,3200205.0,2021,12,6,6,2,8,1,2,0,1,0,0,0,0,1,"798174,2031","5835375,21",13.40224013,52.58645891,4674.0,32.0
114738,11,7,7400824.0,2021,7,10,7,2,5,2,0,0,1,0,0,0,0,0,"797829,1526","5822372,329",13.38551444,52.47009357,4339.0,15.0
114735,11,6,6100101.0,2021,3,8,3,3,5,3,0,1,1,0,0,0,0,0,"793110,7444","5820191,153",13.3143365,52.45309204,3335.0,31.0
114732,11,7,7400927.0,2021,6,17,2,3,2,6,0,0,1,0,0,0,0,0,"799290,9865","5821556,346",13.40623904,52.46198049,4637.0,33.0
114729,11,12,12200414.0,2021,5,15,2,3,2,6,0,0,1,0,0,0,0,0,"792019,5729","5831684,62",13.30840586,52.55671288,3265.0,26.0
114728,11,4,4300622.0,2021,8,22,1,3,3,2,2,0,1,0,1,0,0,0,"793303,5729","5826824,656",13.3230023,52.51245565,3452.0,20.0
114724,11,4,4400726.0,2021,7,17,4,2,0,6,0,0,1,0,1,0,0,0,"790873,3111","5824706,626",13.28544168,52.49476891,2947.0,14.0
114722,11,1,1300836.0,2021,10,18,1,3,5,3,1,0,1,0,0,0,0,0,"796193,6839","5830186,949",13.36846088,52.54103366,4160.0,7.0
114721,11,1,1100102.0,2021,11,21,2,3,5,3,2,0,1,0,0,0,0,1,"796443,4918","5826336,924",13.36870178,52.50638623,4150.0,17.0
114719,11,3,3601142.0,2021,4,15,6,3,5,3,0,1,1,0,0,0,0,0,"799165,6751","5830374,118",13.41232175,52.5410878,4760.0,17.0
114716,11,1,1100310.0,2021,1,9,4,3,2,6,0,0,1,0,1,0,0,1,"799780,8588","5828594,368",13.41976051,52.52479715,4855.0,6.0
114713,11,3,3601141.0,2021,4,18,6,2,3,6,0,1,0,0,0,0,0,0,"799215,4479","5831748,757",13.41429194,52.55338197,4864.0,13.0
114712,11,11,11300722.0,2021,6,12,2,3,2,6,0,0,1,0,0,0,0,0,"803655,2459","5827591,9",13.47577853,52.51366842,5752.0,17.0
114708,11,2,2500729.0,2021,6,14,3,3,2,6,0,0,1,0,0,0,0,0,"803515,5973","5827606,592",13.47374038,52.51387782,5652.0,19.0
114707,11,11,11300724.0,2021,8,14,3,3,5,2,0,1,1,0,0,0,0,0,"804514,2218","5827504,755",13.48831766,52.51240851,5952.0,22.0
114705,11,7,7200410.0,2021,9,15,7,3,1,5,0,1,1,0,0,0,1,0,"795328,4526","5823630,714",13.34992191,52.48273177,3843.0,17.0
114703,11,1,1300836.0,2021,3,9,6,3,5,2,0,0,1,0,0,0,1,0,"796340,095","5830081,258",13.37051915,52.54000665,4160.0,7.0
114700,11,3,3601142.0,2021,7,14,6,3,1,5,0,1,1,0,0,0,0,0,"799184,5342","5830908,997",13.41308074,52.54587181,4762.0,23.0
114698,11,6,6300526.0,2021,9,0,5,3,0,7,2,0,0,0,1,0,0,1,"789614,4888","5817969,043",13.26110403,52.43503363,2529.0,27.0
114697,11,3,3601452.0,2021,11,23,3,3,5,3,2,1,1,0,0,0,0,1,"801284,4452","5829412,978",13.44259788,52.53130568,5257.0,31.0
114696,11,2,2200208.0,2021,8,18,6,3,5,2,0,1,1,0,0,0,0,0,"797878,2611","5825435,087",13.38897208,52.49752088,4448.0,10.0
114691,11,3,3100101.0,2021,7,6,7,3,0,1,0,0,1,0,0,0,0,0,"800599,552","5840951,741",13.44299765,52.63510675,5288.0,33.0
114690,11,1,1400940.0,2021,10,11,3,3,5,3,0,0,1,0,0,0,0,1,"795878,8171","5832058,558",13.36549933,52.55798187,4065.0,5.0
114689,11,1,1400940.0,2021,12,6,4,3,5,3,1,0,1,0,0,0,0,1,"795861,7659","5832068,941",13.3652578,52.5580842,4065.0,5.0
114686,11,10,10100208.0,2021,1,14,6,3,2,6,0,0,1,0,0,0,0,0,"808317,5755","5832054,332",13.5484052,52.5510447,6863.0,28.0
114682,11,7,7601544.0,2021,6,11,6,3,5,3,0,1,1,0,0,0,0,0,"799808,518","5813822,952",13.40690177,52.39237729,4717.0,20.0
114678,11,5,5400943.0,2021,5,7,6,2,5,2,0,1,1,0,0,0,0,0,"780162,797","5822269,082",13.1260475,52.47851538,542.0,32.0
114677,11,2,2500727.0,2021,8,16,4,3,5,2,0,1,1,0,0,0,0,0,"802581,5528","5827686,71",13.46009105,52.51511486,5453.0,1.0
114674,11,4,4300622.0,2021,3,16,5,3,2,6,0,0,1,0,1,0,0,0,"793299,6589","5826826,243",13.32294619,52.51247199,3452.0,20.0
114670,11,2,2500833.0,2021,7,10,6,3,3,6,0,1,0,0,0,0,1,0,"802073,2724","5827199,758",13.45218153,52.51103204,5351.0,17.0
114668,11,10,10400940.0,2021,9,12,5,2,3,6,0,0,1,0,1,0,0,0,"812990,7675","5827202,408",13.61253753,52.50490183,7750.0,30.0
114667,11,3,3500936.0,2021,11,12,7,3,1,5,0,1,1,0,0,0,0,0,"802076,5619","5831490,923",13.45612894,52.5494918,5463.0,26.0
114666,11,4,4200308.0,2021,8,12,1,3,2,6,0,0,1,0,0,0,0,0,"790423,9234","5827787,585",13.28152915,52.52262927,2855.0,28.0
114663,11,3,3701657.0,2021,4,18,2,3,5,7,1,0,1,0,1,0,0,0,"800137,9985","5830124,853",13.42639071,52.53831889,4959.0,29.0
114660,11,7,7501133.0,2021,3,14,4,3,3,6,0,0,0,0,1,1,0,0,"797675,1718","5818698,452",13.37997942,52.43724499,4330.0,27.0
114659,11,9,9200613.0,2021,10,7,4,3,2,6,0,0,1,0,1,0,0,1,"806984,4911","5820775,054",13.51840876,52.4507109,6334.0,34.0
114658,11,2,2500726.0,2021,12,18,7,3,6,4,2,0,1,1,0,0,0,0,"802035,9399","5828093,342",13.4524442,52.51906192,5354.0,28.0
114657,11,12,12601031.0,2021,9,15,7,3,2,6,0,0,1,0,1,0,0,0,"793182,2725","5836773,894",13.33000827,52.60171055,3578.0,32.0
114655,11,4,4100101.0,2021,2,19,5,3,9,1,2,0,1,0,0,0,0,1,"791280,5253","5829957,653",13.29602059,52.54162672,3060.0,29.0
114651,11,10,10100208.0,2021,6,19,6,3,6,4,0,0,1,1,0,0,0,0,"808330,0701","5832043,728",13.54857905,52.5509426,6863.0,28.0
114646,11,1,1100310.0,2021,5,11,4,3,2,6,0,0,1,0,0,0,0,0,"799285,4163","5827908,14",13.41186213,52.51891833,4754.0,23.0
114645,11,3,3601141.0,2021,8,8,2,3,5,2,0,1,1,0,0,0,0,0,"799196,0062","5831430,226",13.413719,52.55053751,4863.0,23.0
114641,11,4,4200207.0,2021,7,14,6,2,0,1,0,0,0,0,0,0,1,0,"789384,3868","5824233,67",13.26316067,52.4913202,2546.0,33.0
114638,11,1,1100310.0,2021,7,23,7,2,2,1,2,0,1,0,0,0,0,0,"798831,9162","5828045,053",13.40532143,52.52039426,4654.0,17.0
114636,11,10,10400941.0,2021,10,21,1,3,5,3,2,1,1,0,0,0,0,0,"813261,6996","5827202,528",13.61651629,52.50474743,7850.0,33.0
114635,11,9,9200613.0,2021,11,22,3,3,2,6,2,0,1,0,0,0,0,1,"806502,2897","5821231,746",13.51175443,52.45507451,6235.0,29.0
114632,11,7,7200411.0,2021,5,11,7,2,3,2,0,0,1,0,1,0,0,1,"795790,711","5824118,235",13.3571418,52.4868518,3944.0,26.0
114631,11,1,1300836.0,2021,6,8,4,3,0,6,0,0,1,0,0,0,1,0,"796268,2425","5830250,866",13.36961405,52.54156608,4160.0,7.0
114630,11,12,12100205.0,2021,8,12,2,3,2,2,0,0,1,0,0,0,0,0,"795327,869","5833731,594",13.35888539,52.57327815,3970.0,26.0
114628,11,4,4300415.0,2021,9,11,3,3,2,6,0,0,1,0,0,1,0,0,"790701,012","5826175,435",13.28419315,52.50802866,2851.0,16.0
114627,11,4,4200310.0,2021,3,18,7,3,1,1,2,0,1,0,0,0,0,0,"790085,6519","5826302,443",13.27526246,52.50949487,2751.0,23.0
114623,11,2,2500726.0,2021,7,7,3,3,5,2,0,1,0,0,0,0,1,0,"801681,565","5828880,61",13.44795141,52.52631441,5356.0,18.0
114621,11,3,3701660.0,2021,9,21,1,2,2,6,2,0,1,0,0,0,1,0,"800065,809","5829069,022",13.42437635,52.52889489,4957.0,25.0
114620,11,6,6300527.0,2021,11,13,7,3,3,6,0,0,1,0,0,0,0,0,"791057,5839","5818838,75",13.28302944,52.44206469,2831.0,33.0
114619,11,1,1400940.0,2021,8,22,5,3,5,3,2,0,1,0,0,0,0,1,"795861,7014","5832069,301",13.36525717,52.55808746,4065.0,5.0
114616,11,7,7501133.0,2021,4,16,6,3,5,2,0,1,1,0,0,0,0,0,"798429,7185","5818245,503",13.39064211,52.43277363,4429.0,30.0
114613,11,4,4400725.0,2021,3,16,3,3,2,6,1,0,1,0,0,0,0,0,"790564,53","5825129,311",13.28127493,52.49872279,2848.0,19.0
114612,11,1,1300836.0,2021,10,8,4,3,0,2,0,1,1,0,0,0,0,1,"796214,5447","5830190,187",13.36877047,52.54105135,4160.0,7.0
114611,11,10,10100312.0,2021,12,19,6,3,6,7,2,0,1,1,0,0,0,0,"807674,6785","5829810,528",13.53687548,52.5312994,6657.0,33.0
114610,11,1,1300836.0,2021,5,12,3,2,3,6,0,0,1,0,1,0,0,0,"796229,4622","5830154,685",13.36895813,52.540725,4160.0,7.0
114609,11,7,7501133.0,2021,9,8,5,3,0,2,0,0,1,0,0,0,1,1,"798586,3306","5817930,761",13.39265786,52.42986686,4428.0,27.0
114607,11,1,1200624.0,2021,2,14,4,3,2,2,0,0,1,0,0,0,0,1,"795870,5687","5829585,954",13.36317526,52.53582185,4059.0,24.0
114603,11,4,4200308.0,2021,6,9,4,3,2,6,0,0,1,0,0,0,0,0,"790556,0167","5827379,187",13.28311385,52.5188976,2854.0,7.0
114599,11,3,3200206.0,2021,5,14,6,3,6,4,0,0,1,1,0,0,0,1,"798194,0097","5834723,243",13.40194498,52.58060413,4672.0,27.0
114598,11,2,2500727.0,2021,8,23,4,2,5,2,2,1,1,0,0,0,0,0,"802144,9397","5827752,819",13.45373649,52.51594944,5453.0,1.0
114594,11,2,2500727.0,2021,7,20,1,2,5,3,0,0,1,0,0,0,0,1,"802145,4376","5827751,031",13.45374218,52.51593314,5453.0,1.0
114590,11,10,10100206.0,2021,7,2,2,3,0,1,2,0,1,0,0,0,0,0,"808899,1005","5833402,273",13.55820894,52.56279503,6967.0,31.0
114588,11,12,12100204.0,2021,10,17,2,2,5,3,1,1,1,0,0,0,0,0,"795752,3034","5832687,459",13.36419909,52.56368807,4067.0,17.0
114587,11,7,7200411.0,2021,6,14,7,3,0,4,0,0,0,1,0,0,1,0,"795903,5585","5824352,486",13.35900686,52.48889052,3945.0,19.0
114586,11,2,2400625.0,2021,11,18,3,3,0,6,2,0,1,0,1,0,0,1,"801807,3062","5826344,738",13.4474992,52.50351565,5349.0,27.0
114585,11,3,3601142.0,2021,9,17,7,3,2,6,0,0,1,0,0,0,0,0,"799141,4549","5830395,352",13.4119848,52.54129143,4760.0,17.0
114582,11,3,3400620.0,2021,4,16,7,3,2,6,0,0,1,0,0,0,0,0,"798004,5131","5833676,111",13.39821542,52.5713219,4569.0,26.0
114579,11,1,1300836.0,2021,3,17,3,2,5,7,0,0,1,0,1,0,0,0,"796261,1184","5829996,103",13.36928214,52.53928626,4160.0,7.0
114577,11,11,11100101.0,2021,10,7,6,3,4,6,0,1,0,0,0,0,0,0,"803733,6402","5834633,501",13.48336913,52.57673602,5871.0,31.0
114576,11,12,12200411.0,2021,6,19,7,3,2,6,0,0,1,0,1,0,0,0,"792901,0795","5832247,685",13.32186823,52.56128709,3466.0,23.0
114575,11,4,4200206.0,2021,12,9,4,2,5,2,0,1,1,0,0,0,0,0,"788359,2322","5826032,314",13.24966086,52.5079884,2351.0,30.0
114574,11,1,1100207.0,2021,8,11,1,2,0,1,0,1,0,0,0,0,0,0,"798712,9066","5827082,899",13.40270884,52.51183509,4652.0,19.0
114571,11,9,9100101.0,2021,3,10,2,3,2,7,0,0,1,0,0,0,0,0,"802693,0402","5825216,304",13.45948319,52.49291092,5446.0,13.0
114568,11,3,3400723.0,2021,6,11,3,2,0,1,0,1,0,0,0,0,0,0,"798358,865","5833479,847",13.40325192,52.56936857,4669.0,30.0
114565,11,1,1100310.0,2021,8,7,4,3,2,2,0,1,1,0,0,0,0,0,"799791,0796","5828610,761",13.41992549,52.52493847,4856.0,13.0
114561,11,4,4501153.0,2021,7,23,4,2,9,1,2,0,1,0,0,0,0,0,"793896,0657","5823008,732",13.32834144,52.47792883,3542.0,20.0
114559,11,4,4200308.0,2021,10,8,3,3,2,6,0,0,1,0,0,0,0,1,"790424,2474","5827735,909",13.28148878,52.52216582,2855.0,28.0
114558,11,1,1300836.0,2021,11,13,6,3,5,3,0,0,1,0,1,0,0,0,"796239,0371","5830242,946",13.3691776,52.54151096,4160.0,7.0
114556,11,2,2500728.0,2021,5,11,3,3,5,7,0,1,0,0,0,0,1,0,"802697,6636","5827690,345",13.46180021,52.51508302,5553.0,25.0
114553,11,4,4501148.0,2021,1,17,4,3,2,6,2,0,1,0,0,0,0,1,"792519,1155","5823412,519",13.30847914,52.48228796,3243.0,30.0
114550,11,1,1100310.0,2021,4,15,1,3,2,6,0,1,1,0,0,0,0,0,"799545,4847","5828285,659",13.41602348,52.52215941,4855.0,6.0
114549,11,12,12200414.0,2021,6,11,4,2,3,6,0,0,1,0,0,1,0,0,"791952,4753","5831579,303",13.30732632,52.55580472,3265.0,26.0
114545,11,4,4300414.0,2021,5,9,3,3,5,2,0,1,1,0,0,0,0,0,"791029,033","5826477,351",13.28927662,52.51056044,2951.0,28.0
114544,11,4,4400726.0,2021,8,8,5,3,2,6,0,0,1,0,0,0,0,0,"790771,3472","5824852,308",13.28407117,52.49612928,2847.0,24.0
114542,11,1,1100310.0,2021,9,8,4,3,6,4,0,0,0,1,0,0,1,0,"799191,1804","5828395,469",13.41091579,52.52333822,4755.0,4.0
114540,11,4,4300621.0,2021,3,16,4,3,5,3,0,0,1,0,0,0,0,0,"792263,3986","5826683,609",13.30759447,52.51174954,3252.0,20.0
114537,11,7,7400720.0,2021,7,18,5,3,2,6,0,0,1,0,0,0,0,1,"797774,8496","5823871,884",13.38605634,52.48356501,4343.0,26.0
114535,11,4,4200311.0,2021,9,8,2,3,3,6,0,0,1,0,0,0,0,0,"790582,264","5827302,849",13.28343291,52.51819924,2854.0,7.0
114534,11,7,7501029.0,2021,11,7,3,3,0,1,0,0,1,0,1,0,0,1,"797722,573","5818813,81",13.38077742,52.43825326,4330.0,27.0
114533,11,3,3400830.0,2021,8,14,6,3,2,6,0,0,1,0,0,0,0,0,"800043,5541","5833524,06",13.42807446,52.5688389,5068.0,31.0
114529,11,2,2100101.0,2021,7,21,6,2,5,2,2,0,1,0,1,0,0,0,"797032,0013","5825874,264",13.37693446,52.50191888,4249.0,25.0
114528,11,12,12200310.0,2021,10,12,7,3,0,7,0,0,1,0,0,0,0,0,"791780,1384","5832973,133",13.30601721,52.56839236,3268.0,27.0
114527,11,11,11300722.0,2021,12,10,5,3,5,2,0,1,1,0,0,0,0,0,"803764,0574","5827566,118",13.47735353,52.51337675,5752.0,17.0
114524,11,4,4100101.0,2021,1,8,1,2,0,6,0,0,1,0,0,0,1,0,"791605,9792","5830589,921",13.301361,52.54712079,3162.0,28.0
114520,11,3,3701660.0,2021,6,23,1,3,0,3,2,1,1,0,0,0,0,0,"800409,0061","5829577,022",13.42987932,52.53325921,5058.0,27.0
114516,11,6,6300629.0,2021,5,11,2,3,1,5,0,1,0,0,0,1,0,0,"791822,347","5819313,096",13.29466325,52.44590962,3032.0,24.0
114515,11,4,4100102.0,2021,8,19,5,2,2,6,1,0,1,0,0,0,0,0,"791132,9522","5829063,492",13.2930673,52.53368955,3058.0,12.0
114509,11,2,2500727.0,2021,7,15,2,2,3,6,0,1,0,0,0,0,0,0,"802179,4672","5827722,14",13.45421591,52.51565533,5453.0,1.0
114507,11,11,11300722.0,2021,10,13,7,3,2,6,0,1,0,0,0,0,0,0,"804021,2118","5827555,202",13.48112131,52.51313565,5852.0,24.0
114506,11,2,2500834.0,2021,11,3,1,2,0,1,2,1,0,0,0,0,0,0,"802033,1517","5827015,247",13.45142471,52.50940048,5351.0,17.0
114505,11,3,3601139.0,2021,9,17,6,3,5,2,0,1,1,0,0,0,0,0,"799204,9633","5832154,894",13.41450382,52.5570281,4865.0,27.0
114503,11,3,3400721.0,2021,6,16,7,3,3,6,0,1,0,0,0,0,1,0,"798169,3159","5833507,932",13.40048873,52.56972417,4669.0,30.0