ObjectID,State,District,LOR_ab_2021,AccidentYear,AccidentMonth,AccidentHour,DayOfWeek,AccidentCategory,AccidentType,AccidentTypeDetail,LightingCondition,InvolvingBike,InvolvingCar,InvolvingPedestrian,InvolvingMotorcycle,InvolvingHGV,InvolvingOther,RoadCondition,GraphicCoord1,GraphicCoord2,LongitudeWGS84,LatitudeWGS84,quadrant,quadrant_rank
114109,11,7,7400824.0,2021,3,8,5,3,3,2,0,0,1,0,0,1,0,0,"797846,189","5822368,397",13.38576099,52.47004903,4339.0,15.0
114105,11,4,4200311.0,2021,7,16,3,3,2,6,0,0,1,0,0,0,1,0,"790744,536","5826801,608",13.28537966,52.51361912,2852.0,28.0
114103,11,1,1100310.0,2021,9,21,5,3,3,6,2,0,1,0,1,0,0,0,"799796,2906","5828619,161",13.42000964,52.5250109,4956.0,24.0
114102,11,5,5200528.0,2021,11,8,6,3,2,6,0,0,1,0,0,0,0,1,"783549,8541","5826706,215",13.17956405,52.51655187,1353.0,28.0
114101,11,12,12100205.0,2021,8,7,3,3,5,2,1,1,1,0,0,0,0,1,"794457,8183","5834355,345",13.34663812,52.57934099,3871.0,28.0
114098,11,3,3100101.0,2021,4,14,4,3,5,3,0,0,1,0,0,0,0,0,"800757,9748","5838764,996",13.44334217,52.61541936,5282.0,33.0
114095,11,1,1100310.0,2021,3,16,3,3,2,6,0,1,0,0,0,0,0,0,"799108,1246","5827695,346",13.40906572,52.51710822,4753.0,15.0
114094,11,6,6400737.0,2021,10,19,2,3,3,6,2,1,1,0,0,0,0,0,"786334,8734","5816871,75",13.21205373,52.4269221,1827.0,30.0
114093,11,7,7300619.0,2021,12,16,7,3,2,6,1,0,1,0,0,1,0,0,"795743,994","5822620,596",13.3551274,52.47345193,3940.0,35.0
114092,11,8,8200622.0,2021,9,16,4,3,2,6,1,0,1,0,0,0,0,1,"801996,4458","5821849,519",13.44620511,52.46311984,5237.0,31.0
114090,11,3,3601451.0,2021,2,16,3,2,5,3,1,1,1,0,0,0,0,1,"800646,0201","5830008,301",13.43375313,52.53699418,5159.0,27.0
114086,11,4,4300622.0,2021,6,12,7,3,0,1,0,0,0,0,1,0,0,0,"793106,246","5826825,611",13.32010373,52.51257028,3452.0,20.0
114082,11,7,7400927.0,2021,5,18,5,3,0,6,0,0,1,0,1,0,0,1,"798497,4319","5822081,5",13.39506321,52.4671219,4539.0,30.0
114081,11,1,1400940.0,2021,8,17,4,3,0,7,0,1,0,0,0,0,0,1,"795877,1958","5832068,7",13.36548452,52.55807366,4065.0,5.0
114077,11,3,3400620.0,2021,7,8,5,3,0,1,0,1,0,0,0,0,0,0,"798004,5499","5833676,293",13.39821612,52.57132352,4569.0,26.0
114073,11,4,4200206.0,2021,7,10,3,3,2,6,0,0,1,0,1,0,0,0,"787821,9793","5825945,488",13.24169168,52.50749368,2250.0,29.0
114071,11,7,7200308.0,2021,10,13,3,3,2,6,0,0,1,0,1,0,0,1,"795367,4291","5823426,495",13.35031327,52.48088001,3843.0,17.0
114070,11,4,4200310.0,2021,11,12,3,3,0,7,0,1,0,0,0,0,0,1,"789690,4819","5826244,969",13.26940603,52.50918961,2651.0,24.0
114069,11,4,4300414.0,2021,9,12,6,3,0,5,0,0,1,0,0,0,1,0,"791634,8238","5826577,767",13.29826568,52.51113712,3052.0,28.0
114066,11,3,3400723.0,2021,4,18,6,3,5,2,0,1,1,0,0,0,0,0,"798361,6636","5833480,658",13.40329382,52.5693743,4669.0,30.0
114063,11,3,3200206.0,2021,4,14,6,3,0,1,0,1,0,0,0,0,0,0,"798002,8085","5834181,702",13.39864471,52.57585475,4570.0,29.0
114062,11,3,3701660.0,2021,10,8,4,3,5,3,0,1,0,0,0,0,0,0,"800027,5199","5829006,359",13.42375707,52.52835429,4957.0,25.0
114061,11,12,12100204.0,2021,12,13,5,3,1,7,0,0,1,0,0,0,0,0,"795697,559","5832844,843",13.36353408,52.56512859,4067.0,17.0
114060,11,7,7501133.0,2021,8,13,3,3,2,6,0,0,1,0,0,0,0,0,"797432,0564","5817775,13",13.37559218,52.42910055,4228.0,29.0
114057,11,4,4300415.0,2021,3,9,2,3,2,6,0,0,1,0,0,0,0,0,"790551,2371","5825597,787",13.28148841,52.5029298,2849.0,26.0
114054,11,4,4300621.0,2021,6,8,3,3,3,6,0,0,1,0,0,0,0,0,"792512,77","5826703,773",13.31127631,52.51179663,3252.0,20.0
114051,11,3,3601142.0,2021,4,18,6,3,6,4,0,1,0,1,0,0,0,0,"799162,9757","5830611,732",13.41249604,52.54321913,4761.0,25.0
114050,11,7,7501135.0,2021,8,10,7,2,3,6,0,0,1,0,1,0,0,0,"799010,0756","5816852,425",13.39790797,52.41996944,4525.0,33.0
114046,11,10,10300734.0,2021,7,8,3,3,5,7,0,0,1,0,0,1,0,0,"810503,8368","5827075,443",13.57589679,52.50518493,7250.0,32.0
114044,11,3,3601451.0,2021,10,9,4,3,5,2,0,1,1,0,0,0,0,0,"800755,0079","5829828,332",13.43519232,52.53532094,5159.0,27.0
114043,11,1,1300836.0,2021,11,17,2,3,6,2,2,0,1,1,0,0,0,1,"796214,3678","5830202,34",13.3687787,52.54116038,4160.0,7.0
114041,11,7,7400928.0,2021,5,7,5,3,2,6,0,0,1,0,0,0,0,0,"800141,2174","5821496,035",13.41866176,52.46097357,4837.0,30.0
114038,11,1,1100205.0,2021,1,6,2,3,5,2,2,0,1,0,0,0,0,1,"796965,19","5826726,507",13.37671327,52.50959471,4251.0,5.0
114035,11,7,7501133.0,2021,4,21,7,2,0,1,2,1,0,0,0,0,0,0,"797898,1713","5818968,495",13.38349088,52.43954424,4331.0,30.0
114034,11,1,1300836.0,2021,6,18,4,3,2,6,0,0,1,0,0,0,1,0,"796314,9073","5830051,414",13.37012224,52.53975283,4160.0,7.0
114030,11,3,3701657.0,2021,5,20,3,3,2,2,1,1,1,0,0,0,0,0,"800291,5733","5830052,321",13.42858271,52.53758416,5059.0,21.0
114029,11,7,7400825.0,2021,8,18,7,3,2,6,0,0,1,0,0,0,0,0,"797864,7074","5820540,312",13.38440145,52.45365215,4335.0,21.0
114027,11,1,1100206.0,2021,9,13,7,3,0,1,0,0,0,0,0,0,1,0,"797948,2725","5827620,088",13.39195597,52.51706851,4453.0,15.0
114025,11,4,4200311.0,2021,3,15,3,3,2,6,0,0,1,0,0,0,0,0,"790074,3009","5825154,425",13.27409546,52.49920874,2748.0,30.0
114022,11,1,1100310.0,2021,7,23,6,2,5,2,2,0,0,0,0,0,1,0,"798800,863","5828016,067",13.40483908,52.52015145,4654.0,17.0
114020,11,3,3601141.0,2021,9,16,5,2,3,6,0,1,0,0,0,0,0,0,"799223,1241","5831496,419",13.4141774,52.55111594,4863.0,23.0
114019,11,10,10100210.0,2021,11,14,3,3,5,3,0,0,1,0,1,0,0,0,"807967,8797","5831215,417",13.54248611,52.54372428,6761.0,35.0
114018,11,4,4200310.0,2021,10,8,6,3,5,3,0,0,1,0,0,1,0,0,"789831,6334","5826245,582",13.27148054,52.50912012,2651.0,24.0
114017,11,4,4200207.0,2021,12,16,4,3,2,6,2,0,1,0,0,0,0,0,"788203,5789","5822414,704",13.24424453,52.47563694,2241.0,34.0
114016,11,1,1401044.0,2021,9,15,6,3,2,6,0,0,1,0,0,0,0,0,"796153,5397","5831090,75",13.36867653,52.54915714,4163.0,27.0
114014,11,2,2500728.0,2021,2,13,5,3,5,3,0,1,1,0,0,0,0,0,"803071,3577","5827636,097",13.46724092,52.51438928,5652.0,19.0
114011,11,2,2100101.0,2021,6,10,3,3,3,6,0,1,1,0,0,0,0,0,"797059,2059","5825830,913",13.37729539,52.50151548,4249.0,25.0
114008,11,11,11100101.0,2021,5,8,3,3,2,2,0,0,1,0,0,0,0,0,"803731,253","5834700,159",13.48339508,52.57733478,5871.0,31.0
114007,11,4,4400830.0,2021,8,12,2,3,2,6,0,0,1,0,0,0,1,0,"791992,056","5823912,883",13.30117824,52.48705576,3144.0,28.0
114003,11,6,6100209.0,2021,7,13,6,3,2,6,0,0,1,0,0,0,0,0,"793984,815","5821052,217",13.32792044,52.46034174,3537.0,32.0
114001,11,12,12200412.0,2021,10,10,7,2,2,6,0,0,1,0,1,0,0,0,"791185,8896","5833970,635",13.29815023,52.57765295,3071.0,21.0
114000,11,2,2200209.0,2021,11,16,6,3,2,7,1,1,1,0,0,0,0,0,"797758,5546","5824138,759",13.38605548,52.48596612,4344.0,26.0
113996,11,7,7300619.0,2021,1,15,4,3,5,3,0,0,1,0,0,0,0,1,"795638,5547","5823236,005",13.35412511,52.47902569,3942.0,28.0
113993,11,7,7300619.0,2021,4,16,6,3,2,6,0,0,1,0,0,0,0,0,"795908,1169","5822676,427",13.35758621,52.47386353,3941.0,23.0
113992,11,7,7501133.0,2021,6,17,3,3,0,7,0,1,0,0,0,0,0,0,"798468,3001","5818214,425",13.39118019,52.432474,4428.0,27.0
113990,11,1,1401049.0,2021,12,13,4,3,2,6,0,0,1,0,0,0,0,1,"795898,712","5831864,742",13.36561915,52.55623369,4065.0,5.0
113989,11,7,7400822.0,2021,5,13,1,3,8,1,0,0,1,0,0,0,0,1,"796819,6064","5822396,353",13.37071737,52.47085837,4140.0,22.0
113988,11,2,2200207.0,2021,6,12,3,3,5,3,0,1,1,0,0,0,0,0,"796880,074","5825924,074",13.37474723,52.50244806,4249.0,25.0
113987,11,7,7200308.0,2021,8,7,3,3,0,2,0,1,1,0,0,0,0,0,"795223,509","5823525,402",13.34828776,52.48184447,3843.0,17.0
113986,11,7,7501030.0,2021,9,10,6,3,2,6,0,0,1,0,0,0,0,0,"797894,5354","5820291,053",13.38461677,52.45140156,4334.0,22.0
113982,11,1,1300836.0,2021,3,18,2,3,0,2,1,1,1,0,0,0,0,0,"796286,3508","5830279,083",13.36990544,52.54180916,4160.0,7.0
113979,11,4,4100101.0,2021,6,7,4,3,3,6,0,0,1,0,1,0,0,1,"790790,0959","5828951,088",13.28792857,52.53286488,2958.0,29.0
113977,11,4,4100101.0,2021,9,20,7,3,3,6,2,0,1,0,0,1,0,0,"791390,0598","5830286,942",13.29791999,52.54452017,3061.0,33.0
113976,11,7,7601236.0,2021,11,6,3,2,6,4,2,0,1,1,0,0,0,1,"796864,5905","5816371,394",13.36602477,52.41682539,4024.0,31.0
113975,11,2,2200208.0,2021,8,20,4,3,5,2,2,1,1,0,0,0,0,1,"797898,6042","5825431,298",13.38926747,52.49747582,4448.0,10.0
113970,11,1,1100206.0,2021,7,19,4,3,0,3,0,1,0,0,1,0,0,0,"798077,0348","5827649,72",13.39387449,52.51726376,4553.0,27.0
113969,11,11,11100101.0,2021,10,5,5,3,2,1,2,0,1,0,0,1,0,1,"803730,166","5834704,546",13.48338311,52.5773747,5871.0,31.0
113968,11,4,4100101.0,2021,12,7,7,3,3,6,0,0,1,0,0,0,0,1,"793009,8355","5829568,052",13.32110354,52.53720694,3459.0,34.0
113967,11,7,7400928.0,2021,5,16,7,3,3,6,2,0,1,0,0,0,0,0,"800192,3764","5821503,612",13.4194193,52.46101338,4837.0,30.0
113964,11,11,11300722.0,2021,1,11,4,3,2,2,0,1,1,0,0,0,0,1,"803770,9264","5827581,548",13.47746852,52.51351122,5752.0,17.0
113960,11,11,11401034.0,2021,6,15,5,3,5,3,0,1,1,0,0,0,0,0,"806949,0073","5827385,896",13.52397394,52.50997868,6451.0,29.0
113956,11,4,4200310.0,2021,5,9,2,3,2,6,0,0,1,0,0,0,0,0,"789169,0585","5826160,795",13.26167137,52.50871161,2551.0,28.0
113955,11,4,4300414.0,2021,6,23,5,3,3,6,2,0,1,0,0,0,0,0,"791443,2704","5826545,38",13.29542272,52.51094915,3051.0,16.0
113954,11,7,7400824.0,2021,8,6,3,3,5,2,0,0,1,0,0,0,0,0,"797848,7788","5822303,258",13.38574085,52.46946372,4339.0,15.0
113952,11,4,4400725.0,2021,9,15,2,2,2,6,0,0,1,0,1,0,0,0,"790561,4015","5825135,032",13.28123397,52.49877575,2848.0,19.0
113950,11,7,7501133.0,2021,3,10,5,3,3,6,0,0,1,0,0,1,1,0,"797651,0787","5818639,003",13.37957311,52.4367252,4230.0,25.0
113946,11,4,4200206.0,2021,7,14,6,3,4,6,0,0,1,0,0,0,0,0,"786492,8785","5825919,251",13.22213978,52.50795806,1951.0,27.0
113944,11,2,2500727.0,2021,9,17,5,3,5,2,1,1,1,0,0,0,0,1,"802149,1216","5827727,676",13.4537751,52.51572177,5453.0,1.0
113943,11,2,2500830.0,2021,11,3,1,3,3,6,2,0,1,0,1,0,0,0,"802147,3445","5827709,236",13.45373225,52.51555747,5453.0,1.0
113942,11,12,12100205.0,2021,8,15,1,2,5,3,0,0,1,0,0,0,0,0,"794559,281","5833816,192",13.34765214,52.57445301,3870.0,26.0
113939,11,1,1300836.0,2021,4,9,5,3,5,2,0,1,0,0,0,0,1,0,"796200,0953","5830207,73",13.36857367,52.54121646,4160.0,7.0
113936,11,9,9100409.0,2021,3,11,5,3,2,6,0,0,0,0,0,1,0,0,"806191,8609","5818482,45",13.50468112,52.43060801,6128.0,34.0
113935,11,1,1100205.0,2021,10,21,3,2,5,2,2,1,1,0,0,0,0,1,"797684,645","5826838,373",13.38738301,52.51020533,4451.0,13.0
113934,11,3,3601449.0,2021,12,10,2,3,1,5,0,1,1,0,0,0,0,1,"801366,7673","5831048,943",13.44529153,52.54592345,5262.0,19.0
113933,11,3,3601451.0,2021,9,17,6,3,5,2,0,1,1,0,0,0,0,0,"800625,5134","5829918,005",13.43337001,52.53619615,5059.0,21.0
113931,11,2,2400520.0,2021,2,16,7,3,0,2,2,0,1,0,0,0,1,1,"799899,8128","5828781,247",13.42167715,52.5264068,4956.0,24.0
113927,11,9,9200613.0,2021,6,13,7,3,2,3,0,1,1,0,0,0,0,0,"805515,8262","5822201,62",13.49816981,52.4643193,6038.0,33.0
113922,11,4,4200308.0,2021,5,15,2,3,0,1,0,0,0,0,1,0,0,0,"790423,8487","5827787,905",13.28152833,52.52263218,2855.0,28.0
113921,11,4,4400725.0,2021,5,19,1,3,2,6,0,0,1,0,0,0,0,0,"790507,1058","5825234,131",13.28052282,52.49969308,2848.0,19.0
113920,11,9,9100101.0,2021,8,3,1,3,5,3,2,0,1,0,0,0,1,0,"802588,7243","5825065,31",13.45781426,52.49161541,5446.0,13.0
113916,11,1,1100205.0,2021,7,17,4,3,2,6,0,0,1,0,0,0,0,0,"797358,9895","5826784,894",13.38255087,52.50990357,4351.0,27.0
113913,11,1,1100102.0,2021,7,22,7,3,5,3,2,0,1,0,1,0,0,0,"796685,1806","5826205,673",13.37213533,52.50507831,4150.0,17.0
113911,11,9,9100306.0,2021,10,22,2,3,3,6,2,0,1,0,0,0,0,0,"802958,3056","5821204,852",13.45973473,52.45680927,5436.0,33.0
113910,11,3,3100101.0,2021,11,18,5,3,5,3,2,0,1,0,0,1,0,1,"800023,6129","5841267,32",13.43479936,52.63825378,5189.0,35.0
113908,11,12,12500930.0,2021,9,19,7,3,6,4,1,0,1,1,0,0,0,0,"794259,2418","5834719,723",13.34403949,52.58271477,3772.0,33.0
113905,11,7,7400822.0,2021,4,17,2,3,2,6,0,0,1,0,0,0,1,0,"796543,9048","5822546,582",13.36680398,52.47235478,4140.0,22.0
113902,11,3,3601245.0,2021,3,20,3,3,3,6,2,0,1,0,1,0,0,0,"800285,5053","5831424,6",13.42973401,52.54988759,5063.0,21.0
113901,11,3,3701657.0,2021,7,18,5,3,0,2,0,0,1,0,1,0,0,0,"800130,5574","5830128,415",13.42628454,52.53835491,4959.0,29.0
113899,11,7,7501133.0,2021,10,15,7,3,2,6,0,0,1,0,0,0,0,0,"797658,2914","5818656,799",13.37969474,52.43688081,4330.0,27.0
113898,11,10,10400940.0,2021,12,15,1,3,5,2,1,0,1,0,0,0,0,2,"812051,6407","5827139,845",13.59868752,52.50487908,7550.0,31.0
113897,11,10,10100208.0,2021,8,16,5,3,2,6,0,0,1,0,0,0,0,0,"808355,7135","5832139,592",13.54904507,52.55178719,6863.0,28.0
113894,11,7,7200410.0,2021,2,14,7,3,3,6,0,0,1,0,0,0,1,0,"795670,8793","5823984,931",13.35526391,52.48572175,3944.0,26.0
113891,11,7,7501029.0,2021,6,14,3,2,5,2,0,1,0,0,0,1,0,0,"797711,4212","5818773,865",13.38057827,52.43790126,4330.0,27.0
113889,11,2,2500727.0,2021,9,8,6,3,6,4,0,1,0,1,0,0,0,0,"802078,422","5827981,262",13.45296662,52.51803382,5354.0,28.0
113888,11,4,4200207.0,2021,5,12,3,3,3,6,0,0,1,0,0,1,0,0,"789358,7249","5824196,141",13.26275116,52.49099735,2546.0,33.0
113887,11,3,3601142.0,2021,8,17,3,3,6,4,0,0,1,1,0,0,0,0,"799141,8645","5830371,034",13.41196893,52.54107324,4760.0,17.0
113883,11,4,4200310.0,2021,7,13,1,2,5,2,0,0,1,0,1,0,0,0,"789058,2875","5826144,211",13.26002937,52.50862164,2551.0,28.0
113881,11,2,2500729.0,2021,10,19,4,3,2,6,1,0,1,0,0,0,0,0,"803530,8843","5827589,209",13.4739491,52.51371351,5752.0,17.0
113880,11,2,2400522.0,2021,11,16,4,3,2,6,1,0,1,0,0,0,1,1,"801989,1203","5827747,748",13.45144259,52.51599028,5353.0,29.0
113878,11,11,11100101.0,2021,5,10,7,2,0,2,0,1,1,0,0,0,0,0,"803673,7617","5835110,014",13.48292472,52.5810402,5872.0,35.0
113875,11,12,12100103.0,2021,1,17,4,3,2,6,2,0,1,0,0,0,0,1,"795361,3438","5833732,089",13.35937835,52.57326443,3970.0,26.0
113871,11,3,3601452.0,2021,4,23,1,3,5,2,2,1,1,0,0,0,0,0,"801258,7816","5829405,19",13.44221364,52.53125006,5257.0,31.0
113870,11,3,3701660.0,2021,6,13,4,3,3,6,0,1,1,0,0,0,0,0,"800023,9197","5829000,467",13.42369884,52.52830346,4957.0,25.0
113867,11,7,7400823.0,2021,12,20,2,3,3,6,2,0,1,0,0,0,0,1,"797007,2192","5822367,511",13.37344559,52.47049787,4240.0,33.0
113866,11,3,3701660.0,2021,5,6,6,1,5,2,0,1,0,0,0,1,0,1,"800024,7394","5829001,809",13.4237121,52.52831503,4957.0,25.0
113865,11,6,6400735.0,2021,8,17,6,3,3,6,0,1,1,0,0,0,0,0,"782559,5473","5815789,371",13.15576321,52.41917968,925.0,32.0
113863,11,1,1100310.0,2021,9,10,4,3,3,6,0,0,1,0,1,0,0,0,"799317,7318","5827925,227",13.41235235,52.51905376,4754.0,23.0
113861,11,5,5200528.0,2021,3,18,6,3,1,6,1,0,1,0,1,0,1,0,"783371,7942","5826550,245",13.17681416,52.51524595,1253.0,30.0
113858,11,11,11300722.0,2021,6,14,2,3,2,6,0,1,0,0,0,0,1,0,"803756,026","5827566,926",13.47723628,52.51338847,5752.0,17.0
113856,11,3,3601348.0,2021,9,0,3,3,1,7,2,0,0,0,0,0,1,0,"799757,3223","5830266,534",13.42092254,52.53979834,4960.0,24.0
113855,11,9,9100305.0,2021,11,9,2,3,5,2,0,1,1,0,0,0,0,1,"805143,3845","5822573,107",13.49304428,52.46785689,5939.0,17.0
113854,11,5,5400943.0,2021,8,13,7,3,2,6,0,0,1,0,0,0,0,0,"780324,4931","5822427,415",13.12855526,52.47985216,542.0,32.0
113850,11,4,4300622.0,2021,7,17,5,3,3,6,0,1,1,0,0,0,0,0,"793297,948","5826819,812",13.32291539,52.51241525,3452.0,20.0
113849,11,1,1100102.0,2021,10,3,1,3,1,5,2,0,1,0,0,0,1,0,"794670,5496","5827091,519",13.34332373,52.51411115,3752.0,30.0
113848,11,7,7300619.0,2021,12,13,5,3,0,1,0,0,1,0,0,0,0,0,"795226,2555","5822482,944",13.34740521,52.47249805,3840.0,27.0
113845,11,10,10400941.0,2021,1,16,3,3,3,6,1,0,1,0,0,0,0,1,"813108,7796","5827194,449",13.61426306,52.50476281,7750.0,30.0
113841,11,3,3601449.0,2021,6,7,2,2,5,2,0,1,1,0,0,0,0,0,"801349,9014","5831004,321",13.44500308,52.54553283,5262.0,19.0
113837,11,4,4400830.0,2021,5,5,2,3,3,1,0,0,1,0,1,0,0,1,"792233,3624","5823671,011",13.30450984,52.4847583,3144.0,28.0
113836,11,6,6100209.0,2021,6,12,6,3,5,3,0,0,1,0,1,0,0,0,"793980,3893","5821079,647",13.32787965,52.46059003,3537.0,32.0
113835,11,7,7400822.0,2021,8,13,4,3,2,6,0,0,1,0,0,0,0,0,"796410,0071","5822617,175",13.36490119,52.47306026,4040.0,31.0
113828,11,6,6400737.0,2021,7,14,2,3,2,6,0,0,1,0,0,0,0,1,"785110,6664","5817825,075",13.19491077,52.43610912,1530.0,35.0
113826,11,12,12500930.0,2021,10,7,7,3,2,6,0,0,1,0,0,0,0,0,"794062,5","5835083,432",13.34146688,52.58608152,3773.0,33.0
113825,11,3,3100103.0,2021,11,16,3,3,8,1,2,0,1,0,0,0,0,0,"804018,9002","5839791,332",13.49230175,52.62280342,5984.0,29.0
113824,11,3,3601142.0,2021,9,19,1,3,6,7,2,0,0,1,0,0,1,0,"799165,5195","5830386,469",13.41233059,52.5411986,4760.0,17.0
113821,11,1,1400940.0,2021,4,15,3,3,5,3,0,0,1,0,0,0,0,0,"795878,7165","5832059,099",13.36549833,52.55798677,4065.0,5.0
113818,11,2,2500727.0,2021,3,11,7,3,5,3,0,0,1,0,0,0,0,0,"802179,496","5827736,933",13.45422977,52.51578791,5453.0,1.0
113817,11,2,2200208.0,2021,10,18,6,3,0,6,1,0,1,0,1,0,0,1,"797902,6958","5825412,229",13.38931051,52.49730265,4447.0,23.0
113816,11,3,3701657.0,2021,12,20,5,3,6,4,2,0,1,1,0,0,0,0,"800308,328","5830044,185",13.42882165,52.537502,5059.0,21.0
113815,11,7,7400824.0,2021,9,4,3,3,5,2,2,0,1,0,1,0,0,0,"797846,2167","5822366,008",13.38575927,52.47002761,4339.0,15.0
113814,11,9,9100101.0,2021,8,15,2,2,5,3,0,1,1,0,0,0,0,0,"802590,1085","5825063,979",13.45783338,52.4916027,5446.0,13.0
113809,11,3,3500936.0,2021,7,11,5,3,6,7,0,0,0,1,0,0,1,0,"801734,4907","5831347,181",13.45096878,52.54839302,5362.0,25.0
113808,11,3,3400831.0,2021,10,11,3,3,3,6,0,0,1,0,0,0,0,1,"800089,0887","5834010,184",13.42918414,52.57317104,5070.0,34.0
113807,11,11,11401034.0,2021,12,16,2,3,6,4,1,0,1,1,0,0,0,0,"807032,8251","5827407,475",13.52522501,52.51012491,6451.0,29.0
113804,11,7,7601236.0,2021,1,17,2,3,0,4,2,0,1,1,0,0,0,0,"796598,5349","5816001,83",13.36179668,52.41365677,4023.0,15.0
113800,11,4,4200206.0,2021,6,8,2,3,2,6,0,0,1,0,0,0,1,0,"786900,7981","5825814,415",13.2280433,52.50680375,2050.0,29.0
113796,11,3,3701660.0,2021,5,14,6,3,2,6,0,0,1,0,1,0,0,0,"800236,1166","5829300,887",13.42708873,52.5308794,5057.0,33.0
113795,11,4,4100101.0,2021,6,13,6,3,8,1,0,0,0,0,0,1,0,0,"791342,981","5830116,809",13.2970785,52.54302014,3061.0,33.0
113794,11,10,10400837.0,2021,8,15,4,3,3,6,0,0,1,0,1,0,0,0,"810835,1682","5827085,102",13.58077169,52.50508284,7250.0,32.0
113788,11,12,12200414.0,2021,7,11,7,2,2,6,0,0,1,0,0,0,0,0,"792008,3427","5831662,671",13.30822137,52.55652214,3265.0,26.0
113786,11,10,10300733.0,2021,10,14,6,3,5,2,0,1,0,0,0,0,1,0,"808919,3608","5827408,194",13.55293543,52.50906635,6851.0,28.0
113785,11,2,2200208.0,2021,11,11,1,3,3,6,0,0,1,0,0,0,0,0,"797845,912","5825453,267",13.38851321,52.4977015,4448.0,10.0
113784,11,1,1400940.0,2021,8,16,5,3,5,3,0,0,0,0,1,0,1,0,"795861,8624","5832068,404",13.36525874,52.55807933,4065.0,5.0
113781,11,4,4200310.0,2021,4,15,7,3,6,7,0,0,1,1,0,0,0,0,"790093,9188","5826324,644",13.27540327,52.5096895,2751.0,23.0
113778,11,4,4400725.0,2021,3,15,5,2,0,1,0,0,0,0,1,0,0,0,"790654,8988","5825005,97",13.28249478,52.49756891,2848.0,19.0
113777,11,4,4400830.0,2021,10,16,4,3,2,6,0,0,1,0,0,0,0,0,"792086,4517","5823811,362",13.3024755,52.48609514,3144.0,28.0
113776,11,7,7200308.0,2021,12,16,5,3,2,6,1,0,1,0,0,0,1,1,"795442,4543","5823380,505",13.35137406,52.48042716,3843.0,17.0
113775,11,3,3400826.0,2021,9,20,2,2,1,7,2,0,1,0,0,0,0,0,"799013,0198","5832469,23",13.41196419,52.55995105,4766.0,32.0
113773,11,7,7400825.0,2021,2,10,4,3,1,5,0,0,0,0,0,0,1,1,"797803,4882","5820887,344",13.3838127,52.45679628,4336.0,30.0
113769,11,9,9100407.0,2021,6,9,3,3,2,6,0,0,1,0,0,0,0,0,"805528,8572","5818954,379",13.49539089,52.43520839,6029.0,32.0
113764,11,6,6300526.0,2021,5,11,2,3,5,3,0,0,1,0,0,0,1,0,"788347,6989","5817736,879",13.24232108,52.43362144,2229.0,33.0
113763,11,3,3601449.0,2021,8,7,4,3,3,6,0,1,0,0,0,0,0,0,"800923,2181","5830455,722",13.43823296,52.5408515,5160.0,30.0
113759,11,3,3500936.0,2021,7,21,1,3,0,1,2,0,0,0,1,0,0,1,"802331,4924","5831590,578",13.45996794,52.55024357,5463.0,26.0
113756,11,1,1100102.0,2021,7,11,2,2,6,4,0,0,1,1,0,0,0,0,"796420,8567","5826329,908",13.36836301,52.50633564,4150.0,17.0
113754,11,2,2200209.0,2021,10,19,2,2,1,1,2,0,1,0,0,0,0,0,"797753,426","5824432,172",13.3862423,52.48859903,4345.0,28.0
113753,11,1,1100102.0,2021,11,13,7,2,6,4,0,1,0,1,0,0,0,0,"796313,2512","5827367,509",13.36770602,52.51569519,4153.0,29.0
113751,11,4,4300621.0,2021,9,16,6,3,0,5,0,0,1,0,0,0,1,0,"791917,5986","5826625,352",13.30246233,52.51141245,3152.0,15.0
113748,11,3,3500936.0,2021,4,8,6,3,5,7,0,0,1,0,0,0,1,0,"802496,4263","5831674,059",13.46246906,52.55090024,5563.0,27.0
113745,11,7,7601236.0,2021,3,16,3,3,2,6,0,0,1,0,0,1,0,0,"796665,6382","5816009,466",13.36278717,52.41368886,4023.0,15.0
113744,11,1,1401044.0,2021,7,14,3,3,2,6,0,0,1,0,0,0,1,0,"796162,1273","5831070,949",13.36878515,52.54897497,4163.0,27.0
113742,11,7,7501133.0,2021,10,18,6,2,5,2,2,1,1,0,0,0,0,1,"798585,6138","5817932,488",13.39264889,52.42988274,4428.0,27.0
113741,11,11,11401032.0,2021,12,9,7,3,2,6,0,0,1,0,0,0,0,2,"805671,3256","5827389,123",13.50520915,52.51072501,6151.0,22.0
113740,11,3,3200204.0,2021,5,19,2,1,9,7,0,0,0,0,1,0,0,0,"797451,1856","5838512,052",13.39441799,52.61497212,4582.0,35.0
113739,11,12,12100204.0,2021,8,14,1,3,5,2,0,0,1,0,0,0,1,0,"795683,5255","5832880,435",13.36335937,52.56545526,4067.0,17.0
113738,11,2,2500727.0,2021,9,18,5,3,0,1,0,1,0,0,0,0,0,0,"802178,3702","5827742,285",13.45421809,52.51583651,5453.0,1.0
113735,11,11,11300722.0,2021,3,8,4,3,5,2,0,1,1,0,0,0,0,0,"803770,06","5827581,632",13.47745587,52.51351245,5752.0,17.0
113732,11,2,2400625.0,2021,6,15,4,2,5,7,0,0,1,0,1,0,0,1,"801820,575","5826375,311",13.4477218,52.50378233,5349.0,27.0