ObjectID,State,District,LOR_ab_2021,AccidentYear,AccidentMonth,AccidentHour,DayOfWeek,AccidentCategory,AccidentType,AccidentTypeDetail,LightingCondition,InvolvingBike,InvolvingCar,InvolvingPedestrian,InvolvingMotorcycle,InvolvingHGV,InvolvingOther,RoadCondition,GraphicCoord1,GraphicCoord2,LongitudeWGS84,LatitudeWGS84,quadrant,quadrant_rank
112551,11,3,3701660.0,2021,3,16,3,3,5,2,0,0,0,0,1,0,1,0,"800387,267","5829541,732",13.4295279,52.53295488,5058.0,27.0
112547,11,12,12601032.0,2021,7,15,6,3,2,1,0,0,1,0,0,0,0,1,"792716,916","5837436,284",13.32374253,52.60789923,3480.0,27.0
112545,11,4,4300414.0,2021,9,10,3,3,0,1,0,0,0,0,1,0,0,1,"791106,4925","5826471,428",13.29040958,52.510466,2951.0,28.0
112544,11,9,9200613.0,2021,11,17,4,3,4,6,2,1,0,0,0,0,0,0,"805798,5606","5821947,198",13.50208552,52.46188089,6137.0,27.0
112543,11,4,4400725.0,2021,8,16,6,3,2,6,0,0,1,0,0,0,0,0,"790556,3766","5825144,222",13.28116817,52.49886081,2848.0,19.0
112540,11,10,10300733.0,2021,4,12,4,3,2,6,0,0,1,0,0,0,0,0,"808764,7052","5827439,37",13.5506928,52.5094333,6851.0,28.0
112537,11,6,6400737.0,2021,3,14,4,3,3,6,0,0,1,0,0,0,1,0,"785371,281","5818205,199",13.19905864,52.43938145,1631.0,32.0
112536,11,3,3601451.0,2021,10,18,4,3,5,2,2,1,0,0,0,0,1,0,"800625,2075","5829918,216",13.4333657,52.53619821,5059.0,21.0
112535,11,1,1100102.0,2021,12,20,7,3,2,2,2,0,1,0,0,0,0,0,"796453,881","5827390,807",13.36979314,52.51582761,4153.0,29.0
112534,11,7,7501030.0,2021,9,21,6,3,0,6,2,0,1,0,0,0,1,0,"797998,7117","5819702,13",13.38561985,52.44606572,4332.0,25.0
112532,11,7,7400927.0,2021,2,9,4,3,2,6,0,0,1,0,0,0,0,1,"797956,9584","5822358,203",13.38737777,52.46989725,4439.0,34.0
112528,11,6,6300527.0,2021,6,8,5,3,5,2,0,0,1,0,0,1,0,0,"790161,884","5818290,612",13.26941275,52.43762649,2630.0,25.0
112524,11,2,2400522.0,2021,5,17,1,3,2,6,0,0,1,0,0,0,0,1,"801774,0773","5827769,851",13.44830319,52.51630742,5353.0,29.0
112523,11,11,11300722.0,2021,5,15,6,3,5,3,0,1,1,0,0,0,0,1,"804226,0691","5827519,655",13.48409826,52.51270284,5852.0,24.0
112522,11,4,4200310.0,2021,8,7,6,3,2,6,0,1,0,0,0,0,0,0,"789142,7925","5826156,533",13.26128174,52.50868732,2551.0,28.0
112518,11,12,12100204.0,2021,7,15,3,3,1,5,0,0,1,0,0,0,0,0,"795723,5254","5832812,135",13.3638869,52.5648213,4067.0,17.0
112514,11,3,3601139.0,2021,7,17,7,3,0,1,0,1,0,0,0,0,0,0,"799221,2353","5832044,62",13.41464372,52.55603072,4865.0,27.0
112512,11,7,7601547.0,2021,10,7,2,3,6,4,0,0,1,1,0,0,0,0,"800578,4055","5812245,727",13.41676802,52.37781775,4813.0,33.0
112511,11,7,7400824.0,2021,11,19,2,3,0,6,2,0,1,0,0,0,1,0,"797865,9118","5821680,913",13.3854368,52.46387574,4338.0,28.0
112509,11,11,11300722.0,2021,9,16,6,3,5,2,0,0,1,0,1,0,0,0,"803742,834","5827568,253",13.47704369,52.5134077,5752.0,17.0
112506,11,3,3701657.0,2021,4,11,2,3,2,2,0,0,1,0,0,0,0,0,"799983,8276","5830224,046",13.42421394,52.53929287,4960.0,24.0
112503,11,4,4300621.0,2021,3,11,3,3,5,3,0,1,1,0,0,0,0,0,"792257,4631","5826682,764",13.30750651,52.51174515,3252.0,20.0
112502,11,4,4400727.0,2021,7,14,5,3,6,7,0,0,1,0,0,0,1,0,"791707,0025","5824214,818",13.2972564,52.48991496,3045.0,31.0
112500,11,6,6400735.0,2021,10,14,7,3,6,7,0,1,0,1,0,0,0,0,"781746,2191","5815593,037",13.14366982,52.41783854,724.0,33.0
112499,11,6,6300629.0,2021,12,19,7,3,0,6,2,0,1,0,1,0,0,2,"792365,8035","5819715,234",13.30298862,52.44922442,3133.0,31.0
112498,11,1,1100310.0,2021,8,19,4,3,2,6,0,1,1,0,0,0,0,0,"799318,6624","5827926,333",13.41236702,52.51906316,4754.0,23.0
112495,11,1,1400940.0,2021,3,15,3,3,5,3,0,1,0,0,1,0,0,0,"795864,3529","5832054,696",13.36528315,52.5579551,4065.0,5.0
112492,11,9,9100101.0,2021,6,16,2,3,4,6,0,1,0,0,0,0,0,0,"802848,8455","5825477,463",13.46200846,52.49516525,5547.0,29.0
112490,11,7,7601442.0,2021,9,14,5,3,5,3,0,0,1,0,0,0,0,0,"799732,3755","5814397,287",13.40629986,52.39756716,4618.0,34.0
112489,11,10,10400940.0,2021,5,16,3,3,5,3,0,1,1,0,0,0,0,0,"812565,7574","5827180,98",13.60627606,52.50495344,7650.0,33.0
112488,11,1,1100310.0,2021,8,16,3,3,1,5,0,0,1,0,1,0,0,0,"799617,066","5828380,059",13.41716039,52.52296623,4855.0,6.0
112484,11,2,2400521.0,2021,7,9,3,3,2,3,0,1,0,0,0,0,0,0,"800355,2697","5827973,276",13.42764091,52.51891399,5054.0,24.0
112482,11,7,7501030.0,2021,10,14,4,3,5,2,0,1,1,0,0,0,0,0,"797884,4768","5820425,942",13.3845895,52.45261618,4334.0,22.0
112481,11,7,7400720.0,2021,11,8,2,3,5,2,0,1,1,0,0,0,0,1,"797773,5523","5823588,932",13.38578456,52.48102936,4343.0,26.0
112479,11,2,2500726.0,2021,5,14,7,3,0,1,0,0,1,0,1,0,0,0,"801788,8681","5828597,111",13.44927101,52.52371401,5355.0,27.0
112476,11,4,4200311.0,2021,1,14,3,3,2,6,0,0,1,0,0,0,1,0,"790693,723","5826332,983",13.28422365,52.50944497,2851.0,16.0
112472,11,12,12200310.0,2021,4,17,1,3,3,6,0,0,1,0,0,1,0,0,"791710,4499","5833404,061",13.30537096,52.57229285,3169.0,30.0
112471,11,7,7601341.0,2021,6,11,4,3,2,6,0,0,1,0,0,0,1,0,"796426,0283","5815405,148",13.35873943,52.40840138,3921.0,34.0
112467,11,2,2500727.0,2021,5,15,5,3,5,3,0,0,1,0,0,0,0,1,"802179,8209","5827735,063",13.45423284,52.51577096,5453.0,1.0
112466,11,2,2500727.0,2021,8,17,6,2,5,2,0,1,0,0,0,0,1,1,"802581,8631","5827686,679",13.46009558,52.51511441,5453.0,1.0
112464,11,1,1100310.0,2021,9,19,3,3,2,6,1,0,1,0,0,0,0,0,"799597,7001","5828282,643",13.41678806,52.5221037,4855.0,6.0
112462,11,4,4300621.0,2021,3,18,3,3,6,4,2,1,0,1,0,0,0,0,"792110,0645","5826657,753",13.30531876,52.51159989,3152.0,15.0
112459,11,6,6400737.0,2021,6,2,1,3,1,5,2,0,1,0,0,0,1,0,"786421,1011","5816886,011",13.21333065,52.42700483,1827.0,30.0
112457,11,10,10400940.0,2021,9,13,2,3,0,1,0,1,0,0,0,0,0,0,"812806,8864","5827178,789",13.60981503,52.50479562,7750.0,30.0
112456,11,9,9100101.0,2021,11,14,4,3,6,4,0,0,0,1,1,0,0,0,"802774,6593","5825332,08",13.46078691,52.49390335,5546.0,32.0
112455,11,1,1100310.0,2021,8,7,3,3,0,2,0,1,0,0,0,0,1,1,"799782,44","5828662,487",13.41984516,52.52540686,4856.0,13.0
112451,11,2,2500727.0,2021,7,13,7,2,5,2,0,0,1,0,0,0,0,0,"802180,4469","5827727,107",13.45423481,52.51569931,5453.0,1.0
112450,11,12,12400721.0,2021,10,8,3,3,5,3,0,1,1,0,0,0,0,1,"790998,3323","5841243,444",13.30178657,52.64295191,3190.0,32.0
112449,11,2,2500728.0,2021,12,21,4,2,6,2,2,0,1,1,0,0,0,0,"803078,4134","5827652,087",13.46735914,52.51452867,5652.0,19.0
112446,11,10,10100206.0,2021,1,4,3,3,5,3,2,0,1,0,0,0,1,2,"808904,9131","5833415,649",13.55830687,52.56291161,6967.0,31.0
112442,11,3,3601449.0,2021,6,1,1,3,0,1,2,0,0,0,0,0,1,0,"800950,098","5830448,315",13.4386214,52.54077026,5160.0,30.0
112438,11,7,7300619.0,2021,5,10,4,3,2,6,0,0,1,0,0,0,0,0,"795339,5817","5822791,362",13.34934188,52.47520154,3841.0,30.0
112437,11,4,4200207.0,2021,8,16,7,3,0,7,0,0,1,0,0,0,1,0,"788211,955","5822400,767",13.24435547,52.47550757,2241.0,34.0
112431,11,4,4300414.0,2021,7,15,7,3,6,4,0,1,0,1,0,0,0,0,"791585,3658","5826548,132",13.297513,52.51089788,3051.0,16.0
112429,11,12,12601031.0,2021,10,7,7,3,9,1,0,0,1,0,0,0,0,0,"793360,7846","5836430,097",13.33233188,52.59853235,3577.0,34.0
112428,11,7,7501030.0,2021,11,16,5,3,6,4,0,0,1,1,0,0,0,1,"797929,583","5820164,603",13.38501819,52.45024897,4334.0,22.0
112427,11,5,5200528.0,2021,9,15,7,3,2,6,0,0,1,0,0,0,0,0,"783700,9278","5826664,84",13.18174917,52.51610233,1353.0,28.0
112424,11,1,1100207.0,2021,4,13,5,3,5,7,0,0,0,0,1,0,0,0,"798835,5477","5827239,657",13.40465139,52.51317304,4652.0,19.0
112421,11,7,7400823.0,2021,3,14,4,3,2,7,0,0,1,0,0,0,0,0,"796844,6447","5822390,222",13.37107945,52.47078981,4140.0,22.0
112420,11,3,3601245.0,2021,10,10,6,3,0,6,0,0,1,0,0,0,1,0,"800238,5163","5831288,411",13.42891996,52.54869279,5062.0,28.0
112419,11,6,6400735.0,2021,12,17,1,3,5,2,2,1,1,0,0,0,0,1,"782515,5814","5815767,111",13.15509963,52.41900278,925.0,32.0
112418,11,10,10300733.0,2021,9,7,3,3,2,6,0,0,1,0,0,0,1,0,"808810,005","5827437,677",13.55135659,52.50939248,6851.0,28.0
112416,11,11,11300724.0,2021,2,14,7,3,2,6,0,0,1,0,0,0,0,2,"804284,5913","5827528,386",13.48496596,52.51274845,5852.0,24.0
112412,11,3,3400725.0,2021,6,17,6,3,2,6,0,0,1,0,0,0,0,0,"800399,8349","5835525,672",13.43512908,52.58658314,5174.0,34.0
112407,11,4,4400726.0,2021,5,18,2,2,2,6,0,0,1,0,0,0,0,0,"790883,5833","5824697,982",13.28558502,52.49468594,2947.0,14.0
112406,11,6,6400735.0,2021,8,15,7,2,4,6,0,0,1,0,0,0,0,0,"778632,1036","5814913,294",13.09743214,52.41333744,123.0,34.0
112402,11,2,2500727.0,2021,7,17,3,2,8,1,0,1,0,0,0,0,0,0,"802176,0837","5827751,676",13.45419302,52.51592195,5453.0,1.0
112399,11,10,10100210.0,2021,7,8,2,3,0,6,0,1,1,0,0,0,0,0,"807874,8918","5831024,917",13.54094269,52.5420696,6661.0,34.0
112397,11,3,3400724.0,2021,10,14,3,3,2,6,0,0,1,0,0,0,1,1,"800090,8308","5835050,956",13.43015188,52.58249872,5072.0,32.0
112396,11,1,1100104.0,2021,11,15,4,2,6,2,0,0,0,1,0,1,0,0,"796400,997","5826259,151",13.36800827,52.50571215,4150.0,17.0
112394,11,4,4200207.0,2021,9,16,2,3,2,6,0,0,1,0,0,0,0,0,"789632,2455","5824570,83",13.26709419,52.49421147,2647.0,33.0
112391,11,2,2500729.0,2021,4,9,3,3,5,2,0,0,1,0,0,0,1,0,"803321,2799","5827627,387",13.47090462,52.5141723,5652.0,19.0
112388,11,3,3601449.0,2021,4,20,7,2,5,2,2,0,1,0,0,0,0,0,"801326,2081","5830983,52",13.44463587,52.54535949,5262.0,19.0
112387,11,9,9100101.0,2021,7,15,2,3,2,6,0,0,1,0,1,0,0,0,"802764,6027","5825317,491",13.46062598,52.49377817,5546.0,32.0
112385,11,1,1100205.0,2021,10,19,3,3,5,2,2,1,1,0,0,0,0,0,"797620,7379","5826828,034",13.38643488,52.51014752,4451.0,13.0
112384,11,7,7501133.0,2021,12,17,3,3,5,7,2,0,1,0,0,0,1,0,798283,"5818599,311",13.38880606,52.43602515,4430.0,26.0
112383,11,9,9100409.0,2021,8,19,5,2,0,6,0,0,1,0,0,0,0,0,"807066,8106","5818226,013",13.51727452,52.42781936,6327.0,30.0
112382,11,4,4300621.0,2021,9,19,4,2,5,7,1,0,1,0,1,0,0,0,"792076,5527","5826652,013",13.30482131,52.51156637,3152.0,15.0
112381,11,1,1100104.0,2021,8,1,2,3,5,3,2,0,1,0,0,0,1,1,"796404,6333","5826269,795",13.36807116,52.5058056,4150.0,17.0
112378,11,4,4501151.0,2021,4,17,3,3,2,6,0,0,1,0,0,0,0,0,"793794,0174","5822990,239",13.32682689,52.47781795,3542.0,20.0
112375,11,1,1100310.0,2021,3,16,4,2,2,2,0,1,1,0,0,0,0,0,"799571,012","5828269,929",13.41638443,52.5220044,4855.0,6.0
112374,11,3,3601451.0,2021,10,7,4,3,5,2,1,1,1,0,0,0,0,1,"800623,1662","5829919,626",13.43333697,52.53621198,5059.0,21.0
112373,11,7,7601442.0,2021,12,18,4,3,5,7,2,1,1,0,0,0,0,0,"799166,425","5816479,111",13.3998665,52.41653768,4624.0,31.0
112372,11,12,12100204.0,2021,9,11,5,3,2,2,0,1,1,0,0,0,0,0,"795766,3918","5832694,768",13.36441284,52.56374593,4067.0,17.0
112370,11,9,9100203.0,2021,2,10,2,3,2,6,0,0,1,0,0,0,0,1,"804106,561","5824366,79",13.47946399,52.48451132,5744.0,30.0
112366,11,1,1400940.0,2021,6,23,3,2,5,3,2,0,1,0,0,0,0,0,"795878,6573","5832059,416",13.36549774,52.55798965,4065.0,5.0
112361,11,3,3200206.0,2021,5,17,3,3,2,6,0,0,1,0,0,0,0,1,"797962,3215","5834413,827",13.39825764,52.57795758,4571.0,33.0
112360,11,11,11300725.0,2021,5,16,6,3,2,6,0,0,1,0,1,0,0,1,"804877,2459","5827448,626",13.49359909,52.51170268,5952.0,22.0
112359,11,2,2200208.0,2021,8,13,3,2,5,2,0,1,0,0,0,1,0,0,"797898,3349","5825432,554",13.38926464,52.49748722,4448.0,10.0
112355,11,3,3701657.0,2021,7,19,1,3,3,6,1,0,1,0,1,0,0,1,"800004,3448","5830312,162",13.42459511,52.54007139,4960.0,24.0
112352,11,8,8200622.0,2021,7,17,7,2,3,6,0,0,1,0,1,0,0,0,"802248,359","5821916,638",13.4499626,52.46358216,5338.0,33.0
112350,11,7,7400720.0,2021,10,15,6,3,6,7,0,0,0,1,0,1,0,0,"797842,3028","5822464,327",13.38578959,52.47091105,4340.0,22.0
112349,11,3,3400723.0,2021,11,7,5,3,6,4,0,0,0,1,0,0,1,0,"798371,599","5833483,535",13.40344257,52.56939465,4669.0,30.0
112347,11,9,9100306.0,2021,9,12,6,3,3,6,0,0,1,0,0,1,0,0,"803098,0673","5820903,29",13.4615116,52.45402889,5535.0,32.0
112344,11,7,7601341.0,2021,4,18,4,2,3,6,0,0,1,0,0,0,0,0,"796376,6608","5815285,131",13.35790957,52.40735224,3921.0,34.0
112341,11,12,12100204.0,2021,3,5,2,3,5,2,2,1,1,0,0,0,0,0,"795712,8218","5832839,551",13.36375388,52.56507286,4067.0,17.0
112340,11,4,4300621.0,2021,7,9,6,3,5,2,0,1,1,0,0,0,0,0,"792737,7084","5826741,651",13.31461473,52.51201553,3352.0,21.0
112338,11,1,1200624.0,2021,10,19,5,3,0,2,0,1,1,0,0,0,0,0,"796193,4704","5829101,081",13.36748994,52.53130006,4157.0,33.0
112337,11,9,9100409.0,2021,12,9,4,2,8,1,0,0,0,0,0,1,0,0,"807064,1211","5818238,002",13.51724609,52.42792832,6327.0,30.0
112336,11,1,1100205.0,2021,8,14,4,3,4,6,0,1,0,0,0,0,1,0,"797082,3608","5826737,884",13.37844483,52.50963289,4251.0,5.0
112335,11,4,4300414.0,2021,9,20,5,3,5,3,2,0,1,0,0,0,1,0,"791573,4862","5826546,14",13.29733671,52.51088638,3051.0,16.0
112332,11,3,3701660.0,2021,2,23,6,3,1,5,2,1,1,0,0,0,0,0,"800153,8397","5829169,434",13.42576078,52.52974645,4957.0,25.0
112329,11,1,1100310.0,2021,6,16,3,3,3,7,0,1,1,0,0,0,0,0,"799350,5933","5827996,498",13.41289934,52.51967456,4754.0,23.0
112327,11,10,10100311.0,2021,9,16,5,3,5,3,0,1,1,0,0,0,0,0,"808013,343","5827457,847",13.53967385,52.51002362,6651.0,32.0
112326,11,9,9100305.0,2021,8,14,6,3,2,7,0,0,1,0,0,0,0,0,"805072,2414","5822664,836",13.49208411,52.46871875,5939.0,17.0
112322,11,12,12100205.0,2021,7,17,4,3,5,2,0,1,0,0,0,0,1,0,"794469,2361","5834334,513",13.34678763,52.57914807,3871.0,28.0
112320,11,1,1100310.0,2021,10,10,7,3,2,6,0,0,1,0,0,1,0,0,"798822,8988","5828036,636",13.40518136,52.52032375,4654.0,17.0
112319,11,2,2400625.0,2021,11,23,3,3,6,4,2,1,0,1,0,0,0,0,"801877,2901","5826536,261",13.44870076,52.50519356,5350.0,29.0
112318,11,1,1400940.0,2021,5,6,2,3,5,3,0,0,1,0,1,0,0,1,"795861,4024","5832070,967",13.36525426,52.55810256,4065.0,5.0
112315,11,12,12500926.0,2021,1,19,6,3,5,3,2,0,1,0,1,0,0,1,"793906,9334","5835368,828",13.33943047,52.58872396,3774.0,21.0
112311,11,6,6400737.0,2021,6,10,1,3,2,6,0,0,1,0,0,0,0,0,"787033,4413","5820669,972",13.22556247,52.46061029,2037.0,35.0
112308,11,2,2500727.0,2021,12,20,1,3,5,2,2,0,1,0,0,0,0,2,"802586,285","5827702,138",13.46017461,52.51525051,5453.0,1.0
112307,11,2,2100101.0,2021,8,10,6,3,2,6,0,0,1,0,0,0,0,0,"797039,4259","5825862,432",13.37703297,52.50180879,4249.0,25.0
112305,11,2,2500728.0,2021,9,18,3,3,3,6,0,1,0,0,0,0,1,0,"802703,1616","5827674,515",13.46186659,52.51493809,5553.0,25.0
112303,11,7,7400927.0,2021,3,7,5,3,0,7,0,0,1,0,0,0,0,0,"799318,5751","5821561,37",13.40664841,52.4620104,4737.0,33.0
112300,11,1,1401044.0,2021,6,19,1,3,5,2,0,1,1,0,0,0,0,0,"796053,6263","5831351,556",13.36743985,52.55154931,4163.0,27.0
112298,11,10,10400940.0,2021,9,16,5,3,0,2,0,1,0,0,0,0,1,0,"813050,6981","5827205,426",13.61342046,52.50489449,7750.0,30.0
112297,11,7,7501133.0,2021,11,8,2,3,5,3,0,0,1,0,1,0,0,0,"798693,3602","5817615,512",13.39394585,52.42698259,4527.0,33.0
112296,11,1,1200624.0,2021,8,21,1,2,5,3,2,0,1,0,0,0,0,1,"796135,8777","5829184,968",13.36671813,52.53208332,4158.0,30.0
112291,11,1,1100104.0,2021,7,10,5,3,5,2,0,1,1,0,0,0,0,0,"796402,4401","5826263,375",13.36803323,52.50574924,4150.0,17.0
112290,11,4,4300622.0,2021,10,9,3,3,6,7,0,1,0,1,0,0,0,1,"793315,2273","5826835,971",13.32318352,52.51255082,3452.0,20.0
112289,11,7,7300619.0,2021,12,11,6,3,2,1,0,0,1,0,0,0,0,1,"795800,1938","5822631,345",13.35596193,52.47351786,3941.0,23.0
112286,11,3,3200205.0,2021,1,16,5,2,0,7,1,1,0,0,0,0,0,1,"798175,5667","5836304,542",13.40309669,52.59478823,4676.0,34.0
112282,11,9,9100202.0,2021,6,14,2,3,5,3,0,1,1,0,0,0,0,0,"803000,0964","5824659,273",13.46348555,52.48774795,5545.0,31.0
112278,11,7,7300619.0,2021,5,12,3,3,5,3,0,0,1,0,0,0,0,0,"795845,2362","5822650,206",13.35663987,52.47366254,3941.0,23.0
112277,11,2,2500727.0,2021,8,17,4,3,3,6,0,1,0,0,1,0,0,0,"802371,3142","5827708,128",13.45702176,52.51542343,5453.0,1.0
112270,11,12,12601032.0,2021,7,8,4,3,5,2,0,1,0,0,0,0,1,1,"792729,4925","5837422,406",13.32391544,52.60776805,3480.0,27.0
112268,11,4,4300414.0,2021,10,15,2,3,5,2,0,0,1,0,0,0,0,0,"791574,64","5826546,338",13.29735383,52.51088753,3051.0,16.0
112267,11,3,3601142.0,2021,11,7,2,2,0,1,0,1,0,0,0,0,0,1,"799188,5834","5831268,25",13.41346392,52.54908973,4863.0,23.0
112266,11,12,12100204.0,2021,9,17,4,3,5,2,0,1,1,0,0,0,0,0,"795766,4114","5832694,658",13.36441303,52.56374493,4067.0,17.0
112263,11,1,1100310.0,2021,4,9,2,3,3,6,0,1,0,0,0,0,1,1,"799777,4804","5828588,95",13.41970598,52.52475044,4855.0,6.0
112260,11,3,3601142.0,2021,3,17,3,3,2,6,1,0,1,0,0,0,0,0,"799141,926","5830367,385",13.41196655,52.54104049,4760.0,17.0
112259,11,1,1100102.0,2021,10,14,5,3,5,2,0,0,1,0,0,0,1,0,"796448,883","5827390,066",13.36971904,52.51582368,4153.0,29.0
112258,11,10,10100312.0,2021,12,18,5,3,9,1,2,0,1,0,0,0,0,2,"807773,9369","5829222,761",13.53779005,52.52597584,6656.0,32.0
112257,11,1,1100310.0,2021,9,11,7,3,5,2,0,1,0,0,0,0,1,0,"798800,863","5828016,067",13.40483908,52.52015145,4654.0,17.0
112255,11,10,10300733.0,2021,2,17,5,3,1,5,2,0,1,0,0,0,0,0,"809587,2421","5827356,028",13.56269645,52.50822028,7051.0,30.0
112251,11,2,2500833.0,2021,6,3,7,3,0,1,2,0,0,0,0,0,1,0,"802071,0023","5827188,576",13.45213803,52.51093307,5351.0,17.0
112247,11,10,10400941.0,2021,5,17,4,3,5,3,0,1,1,0,0,0,0,0,"813269,0555","5827202,206",13.61662401,52.50474033,7850.0,33.0
112246,11,4,4300621.0,2021,8,12,2,3,5,2,0,1,1,0,0,0,0,0,"792256,105","5826682,571",13.30748639,52.51174414,3252.0,20.0
112241,11,7,7400823.0,2021,7,12,2,3,2,6,0,0,1,0,0,0,0,0,"797313,3684","5822340,893",13.37791564,52.47009272,4239.0,24.0
112239,11,7,7501133.0,2021,10,13,1,2,2,6,0,0,1,0,0,0,0,0,"797534,5221","5818235,287",13.37750425,52.43316969,4229.0,30.0
112238,11,7,7400822.0,2021,11,17,4,3,2,1,1,0,1,0,0,0,0,1,"796425,7265","5822606,822",13.36512274,52.47295892,4040.0,31.0
112236,11,4,4300415.0,2021,9,10,3,3,3,6,0,0,1,0,1,0,0,0,"790678,7441","5826110,976",13.28380968,52.50746264,2850.0,20.0
112233,11,1,1100102.0,2021,4,12,3,3,2,6,0,0,1,0,0,0,1,0,"796426,6113","5826349,336",13.36846485,52.50650666,4150.0,17.0
112230,11,10,10100206.0,2021,4,13,4,3,5,2,0,0,1,0,0,0,0,0,"808897,0635","5833397,338",13.5581744,52.56275196,6967.0,31.0
112229,11,4,4300414.0,2021,6,12,2,3,6,4,0,1,0,1,0,0,0,0,"791339,9188","5826528,353",13.29388922,52.51085172,3051.0,16.0
112227,11,4,4200206.0,2021,10,18,1,3,0,1,2,0,0,0,1,0,0,0,"786941,7634","5825809,781",13.22864122,52.50674067,2050.0,29.0
112225,11,3,3400620.0,2021,6,15,3,3,5,2,0,1,1,0,0,0,0,0,"798042,53","5833913,668",13.39898821,52.57343045,4570.0,29.0
112224,11,2,2500726.0,2021,8,10,3,3,2,6,0,0,1,0,1,0,0,0,"801692,4395","5828858,285",13.44809096,52.52610829,5356.0,18.0
112223,11,9,9100203.0,2021,9,6,4,3,5,3,0,1,1,0,0,0,0,0,"804105,6497","5824365,983",13.47944987,52.4845046,5744.0,30.0
112219,11,6,6400736.0,2021,2,11,3,2,2,6,0,0,1,0,0,0,0,0,"785379,1915","5815651,563",13.1969956,52.41648102,1524.0,35.0
112216,11,4,4501153.0,2021,6,8,5,3,2,6,0,0,1,0,0,0,0,1,"794446,1398","5823093,717",13.33649249,52.47839438,3642.0,24.0
112214,11,7,7200411.0,2021,9,13,4,2,2,6,0,0,0,0,1,0,1,0,"795908,3946","5824362,597",13.35908686,52.48897854,3945.0,19.0
112213,11,2,2500727.0,2021,10,10,1,3,5,2,0,0,1,0,0,0,0,0,"802180,1605","5827725,655",13.45422929,52.51568645,5453.0,1.0
112212,11,2,2500727.0,2021,8,15,4,3,5,3,0,1,0,0,0,0,0,0,"802141,8982","5827763,741",13.45370173,52.51604902,5453.0,1.0
112207,11,1,1300836.0,2021,7,17,1,3,0,1,0,0,0,0,1,0,0,0,"796310,4893","5830047,067",13.37005341,52.53971626,4160.0,7.0
112206,11,7,7501030.0,2021,10,15,5,3,6,4,0,0,1,1,0,0,0,1,"797987,7107","5819763,386",13.3855131,52.44662081,4333.0,29.0
112205,11,3,3200206.0,2021,12,21,1,2,9,1,2,0,1,0,0,0,0,1,"797981,2513","5834299,585",13.39843348,52.5769232,4571.0,33.0
112204,11,10,10300733.0,2021,5,13,2,3,2,6,0,0,1,0,1,0,0,0,"809517,0611","5827402,613",13.561709,52.50867757,7051.0,30.0
112201,11,2,2100101.0,2021,1,13,3,3,2,6,0,0,1,0,0,0,1,1,"797060,1804","5825829,36",13.37730832,52.50150103,4249.0,25.0
112197,11,7,7501133.0,2021,6,11,5,3,5,2,0,1,0,0,0,0,1,0,"797513,4757","5818141,142",13.37711181,52.43233722,4228.0,29.0
112193,11,6,6400737.0,2021,5,10,7,3,2,6,0,0,1,0,0,0,0,0,"786507,492","5816948,559",13.21465133,52.42752039,1827.0,30.0
112192,11,10,10100312.0,2021,6,6,5,2,5,2,0,0,0,0,1,0,1,0,"807684,5231","5829683,569",13.53690265,52.53015604,6657.0,33.0
112191,11,2,2500727.0,2021,8,8,5,3,5,2,0,0,1,0,0,0,0,0,"802146,3932","5827747,059",13.45375262,52.51589701,5453.0,1.0
112189,11,4,4400830.0,2021,9,14,3,3,2,6,0,0,1,0,0,0,0,0,"792400,87","5823170,025",13.30653019,52.48017738,3242.0,25.0
112187,11,7,7400928.0,2021,3,15,1,3,2,6,0,0,1,0,0,0,0,0,"800203,4875","5821509,271",13.41958744,52.461058,4837.0,30.0
112184,11,10,10400940.0,2021,7,20,6,3,5,3,0,1,1,0,0,0,0,0,"812566,7795","5827181,034",13.60629112,52.50495334,7650.0,33.0
112182,11,9,9100101.0,2021,9,19,4,3,5,2,2,1,1,0,0,0,0,1,"802664,0378","5825207,751",13.45904954,52.49285035,5446.0,13.0
112181,11,5,5200528.0,2021,11,17,6,2,4,6,1,0,1,0,0,0,0,0,"782565,6135","5825446,398",13.16402825,52.5057667,1050.0,35.0
112180,11,2,2200208.0,2021,8,10,3,2,3,6,0,1,0,0,0,0,0,0,"797898,6687","5825137,375",13.38900556,52.49484111,4447.0,23.0
112177,11,4,4300414.0,2021,4,17,1,3,6,2,0,0,1,1,0,0,0,0,"791567,4972","5826545,115",13.29724781,52.51088039,3051.0,16.0
112174,11,4,4300414.0,2021,3,16,4,3,6,2,0,0,1,1,0,0,0,1,"791505,4105","5826555,664",13.29634478,52.51100814,3051.0,16.0
111541,11,4,4400726.0,2021,1,1,6,3,9,1,2,0,1,0,0,0,0,0,"791154,679","5824616,757",13.28949592,52.49381321,2946.0,32.0
110370,11,3,2400520.0,2021,1,20,1,3,3,6,2,0,1,0,0,0,0,1,"799988,2122","5828912,431",13.42309463,52.52753402,4956.0,24.0
109998,11,7,7300619.0,2021,1,14,7,3,2,6,0,0,1,0,0,0,0,1,"796018,2589","5822739,196",13.35925879,52.47436651,3941.0,23.0
109753,11,12,12400723.0,2021,1,14,2,3,5,3,0,0,1,0,0,0,1,1,"791884,0985","5839010,713",13.31286818,52.6224611,3384.0,29.0